league,season,date,gameKey,homeTeam,awayTeam,homeUniform,awayUniform,homeHelmet,awayHelmet,homePants,awayPants,homeScore,awayScore,status,grade,source,sourceUrl
mlb,2026,2026-07-08,mlb-2026-07-08-angels-rangers,Texas Rangers,Los Angeles Angels,Home White,Red Alternate,,,,,1,13,confirmed,7.5/10,content/posts/mlb-uniform-tracker-2026.md,https://www.colorwaysports.com/stories/mlb-uniform-tracker-2026
mlb,2026,2026-07-08,mlb-2026-07-08-astros-nationals,Washington Nationals,Houston Astros,Home White,Road Gray,,,,,8,2,confirmed,6.5/10,content/posts/mlb-uniform-tracker-2026.md,https://www.colorwaysports.com/stories/mlb-uniform-tracker-2026
mlb,2026,2026-07-08,mlb-2026-07-08-athletics-tigers,Detroit Tigers,Athletics,Home White,Road Gray,,,,,6,1,confirmed,6.5/10,content/posts/mlb-uniform-tracker-2026.md,https://www.colorwaysports.com/stories/mlb-uniform-tracker-2026
mlb,2026,2026-07-08,mlb-2026-07-08-blue-jays-giants,San Francisco Giants,Toronto Blue Jays,Home Cream,Powder Blue Alternate,,,,,0,10,confirmed,8/10,content/posts/mlb-uniform-tracker-2026.md,https://www.colorwaysports.com/stories/mlb-uniform-tracker-2026
mlb,2026,2026-07-08,mlb-2026-07-08-braves-pirates,Pittsburgh Pirates,Atlanta Braves,Black Alternate,Road Gray,,,,,0,3,confirmed,7.5/10,content/posts/mlb-uniform-tracker-2026.md,https://www.colorwaysports.com/stories/mlb-uniform-tracker-2026
mlb,2026,2026-07-08,mlb-2026-07-08-brewers-cardinals,St. Louis Cardinals,Milwaukee Brewers,Home White,Navy Alternate,,,,,5,1,confirmed,7.5/10,content/posts/mlb-uniform-tracker-2026.md,https://www.colorwaysports.com/stories/mlb-uniform-tracker-2026
mlb,2026,2026-07-08,mlb-2026-07-08-cubs-orioles,Baltimore Orioles,Chicago Cubs,Black Alternate,Royal Blue Alternate,,,,,7,9,confirmed,8/10,content/posts/mlb-uniform-tracker-2026.md,https://www.colorwaysports.com/stories/mlb-uniform-tracker-2026
mlb,2026,2026-07-08,mlb-2026-07-08-diamondbacks-padres,San Diego Padres,Arizona Diamondbacks,Home White,Road Gray,,,,,10,4,confirmed,7/10,content/posts/mlb-uniform-tracker-2026.md,https://www.colorwaysports.com/stories/mlb-uniform-tracker-2026
mlb,2026,2026-07-08,mlb-2026-07-08-guardians-twins,Minnesota Twins,Cleveland Guardians,Home White,Navy Alternate,,,,,6,5,confirmed,7/10,content/posts/mlb-uniform-tracker-2026.md,https://www.colorwaysports.com/stories/mlb-uniform-tracker-2026
mlb,2026,2026-07-08,mlb-2026-07-08-mariners-marlins,Miami Marlins,Seattle Mariners,Home White,Navy Alternate,,,,,2,0,confirmed,7/10,content/posts/mlb-uniform-tracker-2026.md,https://www.colorwaysports.com/stories/mlb-uniform-tracker-2026
mlb,2026,2026-07-08,mlb-2026-07-08-phillies-reds,Cincinnati Reds,Philadelphia Phillies,Red Alternate,Road Gray,,,,,11,5,confirmed,7.5/10,content/posts/mlb-uniform-tracker-2026.md,https://www.colorwaysports.com/stories/mlb-uniform-tracker-2026
mlb,2026,2026-07-08,mlb-2026-07-08-red-sox-white-sox,Chicago White Sox,Boston Red Sox,Home White Pinstripes,Road Gray,,,,,0,5,confirmed,6.5/10,content/posts/mlb-uniform-tracker-2026.md,https://www.colorwaysports.com/stories/mlb-uniform-tracker-2026
mlb,2026,2026-07-08,mlb-2026-07-08-rockies-dodgers,Los Angeles Dodgers,Colorado Rockies,Home White,Road Gray,,,,,4,3,confirmed,7/10,content/posts/mlb-uniform-tracker-2026.md,https://www.colorwaysports.com/stories/mlb-uniform-tracker-2026
mlb,2026,2026-07-08,mlb-2026-07-08-royals-mets,New York Mets,Kansas City Royals,Black Alternate,Powder Blue Alternate,,,,,6,2,confirmed,8.5/10,content/posts/mlb-uniform-tracker-2026.md,https://www.colorwaysports.com/stories/mlb-uniform-tracker-2026
mlb,2026,2026-07-08,mlb-2026-07-08-yankees-rays,Tampa Bay Rays,New York Yankees,Light Blue Alternate,Road Gray,,,,,3,0,confirmed,7.5/10,content/posts/mlb-uniform-tracker-2026.md,https://www.colorwaysports.com/stories/mlb-uniform-tracker-2026
mlb,2026,2026-07-09,mlb-2026-07-09-angels-rangers,Texas Rangers,Los Angeles Angels,Home White,Red Alternate,,,,,7,6,confirmed,7.5/10,content/posts/mlb-uniform-tracker-2026.md,https://www.colorwaysports.com/stories/mlb-uniform-tracker-2026
mlb,2026,2026-07-09,mlb-2026-07-09-athletics-tigers,Detroit Tigers,Athletics,Home White,Road Gray,,,,,4,1,confirmed,6/10,content/posts/mlb-uniform-tracker-2026.md,https://www.colorwaysports.com/stories/mlb-uniform-tracker-2026
mlb,2026,2026-07-09,mlb-2026-07-09-braves-pirates,Pittsburgh Pirates,Atlanta Braves,Home White,Road Gray,,,,,5,10,confirmed,6.5/10,content/posts/mlb-uniform-tracker-2026.md,https://www.colorwaysports.com/stories/mlb-uniform-tracker-2026
mlb,2026,2026-07-09,mlb-2026-07-09-brewers-cardinals,St. Louis Cardinals,Milwaukee Brewers,Home White,Powder Blue Alternate,,,,,4,8,confirmed,8/10,content/posts/mlb-uniform-tracker-2026.md,https://www.colorwaysports.com/stories/mlb-uniform-tracker-2026
mlb,2026,2026-07-09,mlb-2026-07-09-cubs-orioles,Baltimore Orioles,Chicago Cubs,Home White,Royal Blue Alternate,,,,,3,2,confirmed,7.5/10,content/posts/mlb-uniform-tracker-2026.md,https://www.colorwaysports.com/stories/mlb-uniform-tracker-2026
mlb,2026,2026-07-09,mlb-2026-07-09-diamondbacks-padres,San Diego Padres,Arizona Diamondbacks,Home White,Black Alternate,,,,,1,3,confirmed,7.5/10,content/posts/mlb-uniform-tracker-2026.md,https://www.colorwaysports.com/stories/mlb-uniform-tracker-2026
mlb,2026,2026-07-09,mlb-2026-07-09-guardians-twins,Minnesota Twins,Cleveland Guardians,Home White,Navy Alternate,,,,,2,5,confirmed,7/10,content/posts/mlb-uniform-tracker-2026.md,https://www.colorwaysports.com/stories/mlb-uniform-tracker-2026
mlb,2026,2026-07-09,mlb-2026-07-09-mariners-marlins,Miami Marlins,Seattle Mariners,Home White,Navy Alternate,,,,,8,4,confirmed,7/10,content/posts/mlb-uniform-tracker-2026.md,https://www.colorwaysports.com/stories/mlb-uniform-tracker-2026
mlb,2026,2026-07-09,mlb-2026-07-09-phillies-reds,Cincinnati Reds,Philadelphia Phillies,Red Alternate,Road Gray,,,,,0,1,confirmed,7/10,content/posts/mlb-uniform-tracker-2026.md,https://www.colorwaysports.com/stories/mlb-uniform-tracker-2026
mlb,2026,2026-07-09,mlb-2026-07-09-red-sox-white-sox,Chicago White Sox,Boston Red Sox,Home White Pinstripes,Road Gray,,,,,1,2,confirmed,6.5/10,content/posts/mlb-uniform-tracker-2026.md,https://www.colorwaysports.com/stories/mlb-uniform-tracker-2026
mlb,2026,2026-07-09,mlb-2026-07-09-rockies-giants,San Francisco Giants,Colorado Rockies,Home Cream,Road Gray,,,,,8,2,confirmed,6/10,content/posts/mlb-uniform-tracker-2026.md,https://www.colorwaysports.com/stories/mlb-uniform-tracker-2026
mlb,2026,2026-07-09,mlb-2026-07-09-royals-mets,New York Mets,Kansas City Royals,Home White,Royal Blue Alternate,,,,,7,3,confirmed,7/10,content/posts/mlb-uniform-tracker-2026.md,https://www.colorwaysports.com/stories/mlb-uniform-tracker-2026
mlb,2026,2026-07-09,mlb-2026-07-09-yankees-rays,Tampa Bay Rays,New York Yankees,Home White,Road Gray,,,,,4,12,confirmed,6.5/10,content/posts/mlb-uniform-tracker-2026.md,https://www.colorwaysports.com/stories/mlb-uniform-tracker-2026
mlb,2026,2026-07-10,mlb-2026-07-10-angels-twins,Minnesota Twins,Los Angeles Angels,Ripple Effect City Connect,Red Alternate,,,,,3,4,confirmed,8/10,content/posts/mlb-uniform-tracker-2026.md,https://www.colorwaysports.com/stories/mlb-uniform-tracker-2026
mlb,2026,2026-07-10,mlb-2026-07-10-astros-rangers,Texas Rangers,Houston Astros,Tejas City Connect,Road Gray,,,,,7,3,confirmed,7.5/10,content/posts/mlb-uniform-tracker-2026.md,https://www.colorwaysports.com/stories/mlb-uniform-tracker-2026
mlb,2026,2026-07-10,mlb-2026-07-10-athletics-white-sox,Chicago White Sox,Athletics,Red City Connect,Road Gray,,,,,14,1,confirmed,7.5/10,content/posts/mlb-uniform-tracker-2026.md,https://www.colorwaysports.com/stories/mlb-uniform-tracker-2026
mlb,2026,2026-07-10,mlb-2026-07-10-blue-jays-padres,San Diego Padres,Toronto Blue Jays,Navy City Connect,Powder Blue Alternate,,,,,3,5,confirmed,7/10,content/posts/mlb-uniform-tracker-2026.md,https://www.colorwaysports.com/stories/mlb-uniform-tracker-2026
mlb,2026,2026-07-10,mlb-2026-07-10-braves-cardinals,St. Louis Cardinals,Atlanta Braves,The Lou City Connect,Road Gray,,,,,2,1,confirmed,7.5/10,content/posts/mlb-uniform-tracker-2026.md,https://www.colorwaysports.com/stories/mlb-uniform-tracker-2026
mlb,2026,2026-07-10,mlb-2026-07-10-cubs-reds,Cincinnati Reds,Chicago Cubs,Black City Connect,Royal Blue Alternate,,,,,4,0,confirmed,7/10,content/posts/mlb-uniform-tracker-2026.md,https://www.colorwaysports.com/stories/mlb-uniform-tracker-2026
mlb,2026,2026-07-10,mlb-2026-07-10-diamondbacks-dodgers,Los Angeles Dodgers,Arizona Diamondbacks,Home White,Sedona Red Alternate,,,,,3,9,confirmed,7.5/10,content/posts/mlb-uniform-tracker-2026.md,https://www.colorwaysports.com/stories/mlb-uniform-tracker-2026
mlb,2026,2026-07-10,mlb-2026-07-10-guardians-marlins,Miami Marlins,Cleveland Guardians,Retro Wave City Connect,Road Gray,,,,,2,3,confirmed,7.5/10,content/posts/mlb-uniform-tracker-2026.md,https://www.colorwaysports.com/stories/mlb-uniform-tracker-2026
mlb,2026,2026-07-10,mlb-2026-07-10-mariners-rays,Tampa Bay Rays,Seattle Mariners,Home White,Navy Alternate,,,,,7,2,confirmed,7/10,content/posts/mlb-uniform-tracker-2026.md,https://www.colorwaysports.com/stories/mlb-uniform-tracker-2026
mlb,2026,2026-07-10,mlb-2026-07-10-phillies-tigers,Detroit Tigers,Philadelphia Phillies,Orange Alternate,Road Gray,,,,,10,2,confirmed,7.5/10,content/posts/mlb-uniform-tracker-2026.md,https://www.colorwaysports.com/stories/mlb-uniform-tracker-2026
mlb,2026,2026-07-10,mlb-2026-07-10-red-sox-mets,New York Mets,Boston Red Sox,Black Alternate,Red Alternate,,,,,2,6,confirmed,8.5/10,content/posts/mlb-uniform-tracker-2026.md,https://www.colorwaysports.com/stories/mlb-uniform-tracker-2026
mlb,2026,2026-07-10,mlb-2026-07-10-rockies-giants,San Francisco Giants,Colorado Rockies,Orange Friday Alternate,Purple Alternate,,,,,3,4,confirmed,8/10,content/posts/mlb-uniform-tracker-2026.md,https://www.colorwaysports.com/stories/mlb-uniform-tracker-2026
mlb,2026,2026-07-10,mlb-2026-07-10-royals-orioles,Baltimore Orioles,Kansas City Royals,BMORE City Connect,Road Gray,,,,,5,3,confirmed,8/10,content/posts/mlb-uniform-tracker-2026.md,https://www.colorwaysports.com/stories/mlb-uniform-tracker-2026
mlb,2026,2026-07-10,mlb-2026-07-10-yankees-nationals,Washington Nationals,New York Yankees,Navy Alternate,Road Gray,,,,,3,5,confirmed,7/10,content/posts/mlb-uniform-tracker-2026.md,https://www.colorwaysports.com/stories/mlb-uniform-tracker-2026
mlb,2026,2026-07-11,mlb-2026-07-11-angels-twins,Minnesota Twins,Los Angeles Angels,Twin Cities Cream,Red Alternate,,,,,5,3,confirmed,7.5/10,content/posts/mlb-uniform-tracker-2026.md,https://www.colorwaysports.com/stories/mlb-uniform-tracker-2026
mlb,2026,2026-07-11,mlb-2026-07-11-astros-rangers,Texas Rangers,Houston Astros,Home White,Orange Alternate,,,,,3,9,confirmed,7.5/10,content/posts/mlb-uniform-tracker-2026.md,https://www.colorwaysports.com/stories/mlb-uniform-tracker-2026
mlb,2026,2026-07-11,mlb-2026-07-11-athletics-white-sox,Chicago White Sox,Athletics,Home White Pinstripes,Road Gray,,,,,1,0,confirmed,6.5/10,content/posts/mlb-uniform-tracker-2026.md,https://www.colorwaysports.com/stories/mlb-uniform-tracker-2026
mlb,2026,2026-07-11,mlb-2026-07-11-blue-jays-padres,San Diego Padres,Toronto Blue Jays,Home White,Powder Blue Alternate,,,,,8,7,confirmed,7/10,content/posts/mlb-uniform-tracker-2026.md,https://www.colorwaysports.com/stories/mlb-uniform-tracker-2026
mlb,2026,2026-07-11,mlb-2026-07-11-braves-cardinals,St. Louis Cardinals,Atlanta Braves,Cream Alternate,Road Gray,,,,,4,1,confirmed,7/10,content/posts/mlb-uniform-tracker-2026.md,https://www.colorwaysports.com/stories/mlb-uniform-tracker-2026
mlb,2026,2026-07-11,mlb-2026-07-11-brewers-pirates,Pittsburgh Pirates,Milwaukee Brewers,Black City Connect,Powder Blue Alternate,,,,,7,6,confirmed,7.5/10,content/posts/mlb-uniform-tracker-2026.md,https://www.colorwaysports.com/stories/mlb-uniform-tracker-2026
mlb,2026,2026-07-11,mlb-2026-07-11-brewers-pirates-g2,Pittsburgh Pirates,Milwaukee Brewers,Black Alternate,Powder Blue Alternate,,,,,3,2,confirmed,7/10,content/posts/mlb-uniform-tracker-2026.md,https://www.colorwaysports.com/stories/mlb-uniform-tracker-2026
mlb,2026,2026-07-11,mlb-2026-07-11-cubs-reds,Cincinnati Reds,Chicago Cubs,Red Alternate,Road Gray,,,,,3,5,confirmed,7/10,content/posts/mlb-uniform-tracker-2026.md,https://www.colorwaysports.com/stories/mlb-uniform-tracker-2026
mlb,2026,2026-07-11,mlb-2026-07-11-diamondbacks-dodgers,Los Angeles Dodgers,Arizona Diamondbacks,Cream City Connect,Black Alternate,,,,,2,9,confirmed,7/10,content/posts/mlb-uniform-tracker-2026.md,https://www.colorwaysports.com/stories/mlb-uniform-tracker-2026
mlb,2026,2026-07-11,mlb-2026-07-11-guardians-marlins,Miami Marlins,Cleveland Guardians,Home White,Road Gray,,,,,1,4,confirmed,6.5/10,content/posts/mlb-uniform-tracker-2026.md,https://www.colorwaysports.com/stories/mlb-uniform-tracker-2026
mlb,2026,2026-07-11,mlb-2026-07-11-mariners-rays,Tampa Bay Rays,Seattle Mariners,Home White,Navy Alternate,,,,,6,1,confirmed,7/10,content/posts/mlb-uniform-tracker-2026.md,https://www.colorwaysports.com/stories/mlb-uniform-tracker-2026
mlb,2026,2026-07-11,mlb-2026-07-11-phillies-tigers,Detroit Tigers,Philadelphia Phillies,Home White,Road Gray,,,,,2,4,confirmed,6.5/10,content/posts/mlb-uniform-tracker-2026.md,https://www.colorwaysports.com/stories/mlb-uniform-tracker-2026
mlb,2026,2026-07-11,mlb-2026-07-11-red-sox-mets,New York Mets,Boston Red Sox,Home White,Road Gray,,,,,0,4,confirmed,6.5/10,content/posts/mlb-uniform-tracker-2026.md,https://www.colorwaysports.com/stories/mlb-uniform-tracker-2026
mlb,2026,2026-07-11,mlb-2026-07-11-rockies-giants,San Francisco Giants,Colorado Rockies,Black City Connect,Road Gray,,,,,4,2,confirmed,7/10,content/posts/mlb-uniform-tracker-2026.md,https://www.colorwaysports.com/stories/mlb-uniform-tracker-2026
mlb,2026,2026-07-11,mlb-2026-07-11-royals-orioles,Baltimore Orioles,Kansas City Royals,Home White,Powder Blue Alternate,,,,,6,1,confirmed,7.5/10,content/posts/mlb-uniform-tracker-2026.md,https://www.colorwaysports.com/stories/mlb-uniform-tracker-2026
mlb,2026,2026-07-11,mlb-2026-07-11-yankees-nationals,Washington Nationals,New York Yankees,Navy Alternate,Road Gray,,,,,2,4,confirmed,7/10,content/posts/mlb-uniform-tracker-2026.md,https://www.colorwaysports.com/stories/mlb-uniform-tracker-2026
mlb,2026,2026-07-12,mlb-2026-07-12-angels-twins,Minnesota Twins,Los Angeles Angels,Home White,Red Alternate,,,,,4,2,confirmed,7/10,content/posts/mlb-uniform-tracker-2026.md,https://www.colorwaysports.com/stories/mlb-uniform-tracker-2026
mlb,2026,2026-07-12,mlb-2026-07-12-astros-rangers,Texas Rangers,Houston Astros,Powder Blue Alternate,Orange Alternate,,,,,6,5,confirmed,7.5/10,content/posts/mlb-uniform-tracker-2026.md,https://www.colorwaysports.com/stories/mlb-uniform-tracker-2026
mlb,2026,2026-07-12,mlb-2026-07-12-athletics-white-sox,Chicago White Sox,Athletics,Home White Pinstripes,Road Gray,,,,,9,1,confirmed,6/10,content/posts/mlb-uniform-tracker-2026.md,https://www.colorwaysports.com/stories/mlb-uniform-tracker-2026
mlb,2026,2026-07-12,mlb-2026-07-12-blue-jays-padres,San Diego Padres,Toronto Blue Jays,Camouflage Alternate,Powder Blue Alternate,,,,,5,4,confirmed,7.5/10,content/posts/mlb-uniform-tracker-2026.md,https://www.colorwaysports.com/stories/mlb-uniform-tracker-2026
mlb,2026,2026-07-12,mlb-2026-07-12-braves-cardinals,St. Louis Cardinals,Atlanta Braves,Home White,Road Gray,,,,,3,4,confirmed,6.5/10,content/posts/mlb-uniform-tracker-2026.md,https://www.colorwaysports.com/stories/mlb-uniform-tracker-2026
mlb,2026,2026-07-12,mlb-2026-07-12-brewers-pirates,Pittsburgh Pirates,Milwaukee Brewers,Black Alternate,Powder Blue Alternate,,,,,14,5,confirmed,7.5/10,content/posts/mlb-uniform-tracker-2026.md,https://www.colorwaysports.com/stories/mlb-uniform-tracker-2026
mlb,2026,2026-07-12,mlb-2026-07-12-cubs-reds,Cincinnati Reds,Chicago Cubs,Home White,Road Gray,,,,,4,8,confirmed,6/10,content/posts/mlb-uniform-tracker-2026.md,https://www.colorwaysports.com/stories/mlb-uniform-tracker-2026
mlb,2026,2026-07-12,mlb-2026-07-12-diamondbacks-dodgers,Los Angeles Dodgers,Arizona Diamondbacks,Home White,Road Gray,,,,,3,5,confirmed,6/10,content/posts/mlb-uniform-tracker-2026.md,https://www.colorwaysports.com/stories/mlb-uniform-tracker-2026
mlb,2026,2026-07-12,mlb-2026-07-12-guardians-marlins,Miami Marlins,Cleveland Guardians,Teal Throwback,Road Gray,,,,,2,5,confirmed,7/10,content/posts/mlb-uniform-tracker-2026.md,https://www.colorwaysports.com/stories/mlb-uniform-tracker-2026
mlb,2026,2026-07-12,mlb-2026-07-12-mariners-rays,Tampa Bay Rays,Seattle Mariners,Home White,Navy Alternate,,,,,2,8,confirmed,7/10,content/posts/mlb-uniform-tracker-2026.md,https://www.colorwaysports.com/stories/mlb-uniform-tracker-2026
mlb,2026,2026-07-12,mlb-2026-07-12-phillies-tigers,Detroit Tigers,Philadelphia Phillies,Home White,Road Gray,,,,,0,5,confirmed,6/10,content/posts/mlb-uniform-tracker-2026.md,https://www.colorwaysports.com/stories/mlb-uniform-tracker-2026
mlb,2026,2026-07-12,mlb-2026-07-12-red-sox-mets,New York Mets,Boston Red Sox,Home White,Road Gray,,,,,2,3,confirmed,8/10,content/posts/mlb-uniform-tracker-2026.md,https://www.colorwaysports.com/stories/mlb-uniform-tracker-2026
mlb,2026,2026-07-12,mlb-2026-07-12-rockies-giants,San Francisco Giants,Colorado Rockies,Home Cream,Purple Alternate,,,,,3,1,confirmed,7.5/10,content/posts/mlb-uniform-tracker-2026.md,https://www.colorwaysports.com/stories/mlb-uniform-tracker-2026
mlb,2026,2026-07-12,mlb-2026-07-12-royals-orioles,Baltimore Orioles,Kansas City Royals,Home White,Royal Blue Alternate,,,,,8,2,confirmed,7/10,content/posts/mlb-uniform-tracker-2026.md,https://www.colorwaysports.com/stories/mlb-uniform-tracker-2026
mlb,2026,2026-07-12,mlb-2026-07-12-yankees-nationals,Washington Nationals,New York Yankees,Red Alternate,Road Gray,,,,,3,5,confirmed,7/10,content/posts/mlb-uniform-tracker-2026.md,https://www.colorwaysports.com/stories/mlb-uniform-tracker-2026
mlb,2026,2026-07-16,mlb-2026-07-16-mets-phillies,Philadelphia Phillies,New York Mets,Powder Blue,Road Gray,,,,,1,4,confirmed,8.5/10,content/posts/mlb-uniform-tracker-2026.md,https://www.colorwaysports.com/stories/mlb-uniform-tracker-2026
mlb,2026,2026-07-17,mlb-2026-07-17-cardinals-diamondbacks,Arizona Diamondbacks,St. Louis Cardinals,Purple City Connect,Road Gray,,,,,4,5,confirmed,7.5/10,content/posts/mlb-uniform-tracker-2026.md,https://www.colorwaysports.com/stories/mlb-uniform-tracker-2026
mlb,2026,2026-07-17,mlb-2026-07-17-dodgers-yankees,New York Yankees,Los Angeles Dodgers,Home White Pinstripes,Road Gray,,,,,1,2,confirmed,8.5/10,content/posts/mlb-uniform-tracker-2026.md,https://www.colorwaysports.com/stories/mlb-uniform-tracker-2026
mlb,2026,2026-07-17,mlb-2026-07-17-giants-mariners,Seattle Mariners,San Francisco Giants,Navy Alternate,Road Gray,,,,,0,7,confirmed,8/10,content/posts/mlb-uniform-tracker-2026.md,https://www.colorwaysports.com/stories/mlb-uniform-tracker-2026
mlb,2026,2026-07-17,mlb-2026-07-17-marlins-brewers,Milwaukee Brewers,Miami Marlins,Wisco City Connect,Retro Wave City Connect,,,,,2,1,confirmed,8.5/10,content/posts/mlb-uniform-tracker-2026.md,https://www.colorwaysports.com/stories/mlb-uniform-tracker-2026
mlb,2026,2026-07-17,mlb-2026-07-17-nationals-athletics,Athletics,Washington Nationals,Home White,Road Gray,,,,,4,23,confirmed,6/10,content/posts/mlb-uniform-tracker-2026.md,https://www.colorwaysports.com/stories/mlb-uniform-tracker-2026
mlb,2026,2026-07-17,mlb-2026-07-17-orioles-astros,Houston Astros,Baltimore Orioles,Orange Alternate,Black Alternate,,,,,2,3,confirmed,8/10,content/posts/mlb-uniform-tracker-2026.md,https://www.colorwaysports.com/stories/mlb-uniform-tracker-2026
mlb,2026,2026-07-17,mlb-2026-07-17-padres-royals,Kansas City Royals,San Diego Padres,White City Connect,Brown Alternate,,,,,7,6,confirmed,7.5/10,content/posts/mlb-uniform-tracker-2026.md,https://www.colorwaysports.com/stories/mlb-uniform-tracker-2026
mlb,2026,2026-07-17,mlb-2026-07-17-rangers-braves,Atlanta Braves,Texas Rangers,Red Alternate,Road Gray,,,,,15,1,confirmed,7.5/10,content/posts/mlb-uniform-tracker-2026.md,https://www.colorwaysports.com/stories/mlb-uniform-tracker-2026
mlb,2026,2026-07-17,mlb-2026-07-17-rays-red-sox,Boston Red Sox,Tampa Bay Rays,Home White,Light Blue Alternate,,,,,10,0,confirmed,7/10,content/posts/mlb-uniform-tracker-2026.md,https://www.colorwaysports.com/stories/mlb-uniform-tracker-2026
mlb,2026,2026-07-17,mlb-2026-07-17-rays-red-sox-g2,Boston Red Sox,Tampa Bay Rays,Green City Connect,Light Blue Alternate,,,,,5,3,confirmed,8/10,content/posts/mlb-uniform-tracker-2026.md,https://www.colorwaysports.com/stories/mlb-uniform-tracker-2026
mlb,2026,2026-07-17,mlb-2026-07-17-reds-rockies,Colorado Rockies,Cincinnati Reds,City Connect,Road Gray,,,,,2,7,confirmed,7.5/10,content/posts/mlb-uniform-tracker-2026.md,https://www.colorwaysports.com/stories/mlb-uniform-tracker-2026
mlb,2026,2026-07-17,mlb-2026-07-17-tigers-angels,Los Angeles Angels,Detroit Tigers,Throwback White,Road Gray,,,,,1,2,confirmed,6.5/10,content/posts/mlb-uniform-tracker-2026.md,https://www.colorwaysports.com/stories/mlb-uniform-tracker-2026
mlb,2026,2026-07-17,mlb-2026-07-17-twins-cubs,Chicago Cubs,Minnesota Twins,Light Blue Alternate,Road Gray,,,,,2,5,confirmed,7.5/10,content/posts/mlb-uniform-tracker-2026.md,https://www.colorwaysports.com/stories/mlb-uniform-tracker-2026
mlb,2026,2026-07-17,mlb-2026-07-17-white-sox-blue-jays,Toronto Blue Jays,Chicago White Sox,Navy City Connect,Road Gray,,,,,4,12,confirmed,7/10,content/posts/mlb-uniform-tracker-2026.md,https://www.colorwaysports.com/stories/mlb-uniform-tracker-2026
mlb,2026,2026-07-18,mlb-2026-07-18-cardinals-diamondbacks,Arizona Diamondbacks,St. Louis Cardinals,Home White,Victory Blue Alternate,,,,,5,3,confirmed,8/10,content/posts/mlb-uniform-tracker-2026.md,https://www.colorwaysports.com/stories/mlb-uniform-tracker-2026
mlb,2026,2026-07-18,mlb-2026-07-18-giants-mariners,Seattle Mariners,San Francisco Giants,Home White,Road Gray,,,,,4,3,confirmed,6.5/10,content/posts/mlb-uniform-tracker-2026.md,https://www.colorwaysports.com/stories/mlb-uniform-tracker-2026
mlb,2026,2026-07-18,mlb-2026-07-18-marlins-brewers,Milwaukee Brewers,Miami Marlins,Home Cream,Black Alternate,,,,,8,6,confirmed,7/10,content/posts/mlb-uniform-tracker-2026.md,https://www.colorwaysports.com/stories/mlb-uniform-tracker-2026
mlb,2026,2026-07-18,mlb-2026-07-18-mets-phillies,Philadelphia Phillies,New York Mets,Cream Alternate,Road Gray,,,,,6,1,confirmed,8/10,content/posts/mlb-uniform-tracker-2026.md,https://www.colorwaysports.com/stories/mlb-uniform-tracker-2026
mlb,2026,2026-07-18,mlb-2026-07-18-nationals-athletics,Athletics,Washington Nationals,Sacramento Gold Alternate,Road Gray,,,,,15,1,confirmed,7/10,content/posts/mlb-uniform-tracker-2026.md,https://www.colorwaysports.com/stories/mlb-uniform-tracker-2026
mlb,2026,2026-07-18,mlb-2026-07-18-orioles-astros,Houston Astros,Baltimore Orioles,Home White,Road Gray,,,,,2,4,confirmed,6.5/10,content/posts/mlb-uniform-tracker-2026.md,https://www.colorwaysports.com/stories/mlb-uniform-tracker-2026
mlb,2026,2026-07-18,mlb-2026-07-18-padres-royals,Kansas City Royals,San Diego Padres,Powder Blue Alternate,Brown Alternate,,,,,6,1,confirmed,8.5/10,content/posts/mlb-uniform-tracker-2026.md,https://www.colorwaysports.com/stories/mlb-uniform-tracker-2026
mlb,2026,2026-07-18,mlb-2026-07-18-pirates-guardians,Cleveland Guardians,Pittsburgh Pirates,Red Alternate,Black Alternate,,,,,1,7,confirmed,7.5/10,content/posts/mlb-uniform-tracker-2026.md,https://www.colorwaysports.com/stories/mlb-uniform-tracker-2026
mlb,2026,2026-07-18,mlb-2026-07-18-pirates-guardians-g2,Cleveland Guardians,Pittsburgh Pirates,Home White,Road Gray,,,,,5,3,confirmed,6.5/10,content/posts/mlb-uniform-tracker-2026.md,https://www.colorwaysports.com/stories/mlb-uniform-tracker-2026
mlb,2026,2026-07-18,mlb-2026-07-18-rangers-braves,Atlanta Braves,Texas Rangers,Powder Blue City Connect,Road Gray,,,,,6,7,confirmed,7.5/10,content/posts/mlb-uniform-tracker-2026.md,https://www.colorwaysports.com/stories/mlb-uniform-tracker-2026
mlb,2026,2026-07-18,mlb-2026-07-18-rays-red-sox,Boston Red Sox,Tampa Bay Rays,Yellow City Connect,Navy Alternate,,,,,7,6,confirmed,8/10,content/posts/mlb-uniform-tracker-2026.md,https://www.colorwaysports.com/stories/mlb-uniform-tracker-2026
mlb,2026,2026-07-18,mlb-2026-07-18-reds-rockies,Colorado Rockies,Cincinnati Reds,Purple Alternate,Road Gray,,,,,10,3,confirmed,7/10,content/posts/mlb-uniform-tracker-2026.md,https://www.colorwaysports.com/stories/mlb-uniform-tracker-2026
mlb,2026,2026-07-18,mlb-2026-07-18-tigers-angels,Los Angeles Angels,Detroit Tigers,Throwback White,Road Gray,,,,,0,7,confirmed,6.5/10,content/posts/mlb-uniform-tracker-2026.md,https://www.colorwaysports.com/stories/mlb-uniform-tracker-2026
mlb,2026,2026-07-18,mlb-2026-07-18-twins-cubs,Chicago Cubs,Minnesota Twins,Home White Pinstripes,Road Gray,,,,,6,2,confirmed,6.5/10,content/posts/mlb-uniform-tracker-2026.md,https://www.colorwaysports.com/stories/mlb-uniform-tracker-2026
mlb,2026,2026-07-18,mlb-2026-07-18-white-sox-blue-jays,Toronto Blue Jays,Chicago White Sox,Royal Blue Alternate,Road Gray,,,,,1,0,confirmed,7.5/10,content/posts/mlb-uniform-tracker-2026.md,https://www.colorwaysports.com/stories/mlb-uniform-tracker-2026
mlb,2026,2026-07-19,mlb-2026-07-19-cardinals-diamondbacks,Arizona Diamondbacks,St. Louis Cardinals,Home White,Road Gray,,,,,8,7,confirmed,7/10,content/posts/mlb-uniform-tracker-2026.md,https://www.colorwaysports.com/stories/mlb-uniform-tracker-2026
mlb,2026,2026-07-19,mlb-2026-07-19-dodgers-yankees,New York Yankees,Los Angeles Dodgers,Home White Pinstripes,Road Gray,,,,,2,8,confirmed,7/10,content/posts/mlb-uniform-tracker-2026.md,https://www.colorwaysports.com/stories/mlb-uniform-tracker-2026
mlb,2026,2026-07-19,mlb-2026-07-19-giants-mariners,Seattle Mariners,San Francisco Giants,Steelheads Throwback,Road Gray,,,,,6,3,confirmed,7.5/10,content/posts/mlb-uniform-tracker-2026.md,https://www.colorwaysports.com/stories/mlb-uniform-tracker-2026
mlb,2026,2026-07-19,mlb-2026-07-19-marlins-brewers,Milwaukee Brewers,Miami Marlins,Home Cream,Road Gray,,,,,3,1,confirmed,6.5/10,content/posts/mlb-uniform-tracker-2026.md,https://www.colorwaysports.com/stories/mlb-uniform-tracker-2026
mlb,2026,2026-07-19,mlb-2026-07-19-mets-phillies,Philadelphia Phillies,New York Mets,Cream Alternate,Blue Alternate,,,,,1,6,confirmed,8/10,content/posts/mlb-uniform-tracker-2026.md,https://www.colorwaysports.com/stories/mlb-uniform-tracker-2026
mlb,2026,2026-07-19,mlb-2026-07-19-nationals-athletics,Athletics,Washington Nationals,Home White,Road Gray,,,,,2,5,confirmed,6/10,content/posts/mlb-uniform-tracker-2026.md,https://www.colorwaysports.com/stories/mlb-uniform-tracker-2026
mlb,2026,2026-07-19,mlb-2026-07-19-orioles-astros,Houston Astros,Baltimore Orioles,Navy Alternate,Road Gray,,,,,2,5,confirmed,7/10,content/posts/mlb-uniform-tracker-2026.md,https://www.colorwaysports.com/stories/mlb-uniform-tracker-2026
mlb,2026,2026-07-19,mlb-2026-07-19-padres-royals,Kansas City Royals,San Diego Padres,Powder Blue Alternate,Brown Alternate,,,,,2,19,confirmed,8.5/10,content/posts/mlb-uniform-tracker-2026.md,https://www.colorwaysports.com/stories/mlb-uniform-tracker-2026
mlb,2026,2026-07-19,mlb-2026-07-19-pirates-guardians,Cleveland Guardians,Pittsburgh Pirates,Home White,Black Alternate,,,,,1,7,confirmed,7/10,content/posts/mlb-uniform-tracker-2026.md,https://www.colorwaysports.com/stories/mlb-uniform-tracker-2026
mlb,2026,2026-07-19,mlb-2026-07-19-rangers-braves,Atlanta Braves,Texas Rangers,Home White,Royal Blue Alternate,,,,,8,5,confirmed,7/10,content/posts/mlb-uniform-tracker-2026.md,https://www.colorwaysports.com/stories/mlb-uniform-tracker-2026
mlb,2026,2026-07-19,mlb-2026-07-19-rays-red-sox,Boston Red Sox,Tampa Bay Rays,Home White,Navy Alternate,,,,,6,1,confirmed,7/10,content/posts/mlb-uniform-tracker-2026.md,https://www.colorwaysports.com/stories/mlb-uniform-tracker-2026
mlb,2026,2026-07-19,mlb-2026-07-19-reds-rockies,Colorado Rockies,Cincinnati Reds,Home White,Red Alternate,,,,,6,9,confirmed,7.5/10,content/posts/mlb-uniform-tracker-2026.md,https://www.colorwaysports.com/stories/mlb-uniform-tracker-2026
mlb,2026,2026-07-19,mlb-2026-07-19-tigers-angels,Los Angeles Angels,Detroit Tigers,Throwback White,Navy Alternate,,,,,3,2,confirmed,8.5/10,content/posts/mlb-uniform-tracker-2026.md,https://www.colorwaysports.com/stories/mlb-uniform-tracker-2026
mlb,2026,2026-07-19,mlb-2026-07-19-twins-cubs,Chicago Cubs,Minnesota Twins,Home White Pinstripes,Navy Alternate,,,,,10,1,confirmed,7/10,content/posts/mlb-uniform-tracker-2026.md,https://www.colorwaysports.com/stories/mlb-uniform-tracker-2026
mlb,2026,2026-07-19,mlb-2026-07-19-white-sox-blue-jays,Toronto Blue Jays,Chicago White Sox,Royal Blue Alternate,Black Alternate,,,,,0,3,confirmed,8/10,content/posts/mlb-uniform-tracker-2026.md,https://www.colorwaysports.com/stories/mlb-uniform-tracker-2026
mlb,2026,2026-07-20,mlb-2026-07-20-athletics-diamondbacks,Arizona Diamondbacks,Athletics,Sedona Red Alternate,Road Gray,,,,,2,5,confirmed,7.5/10,content/posts/mlb-uniform-tracker-2026.md,https://www.colorwaysports.com/stories/mlb-uniform-tracker-2026
mlb,2026,2026-07-20,mlb-2026-07-20-cardinals-angels,Los Angeles Angels,St. Louis Cardinals,Throwback White,Road Gray,,,,,3,2,confirmed,7.5/10,content/posts/mlb-uniform-tracker-2026.md,https://www.colorwaysports.com/stories/mlb-uniform-tracker-2026
mlb,2026,2026-07-20,mlb-2026-07-20-dodgers-phillies,Philadelphia Phillies,Los Angeles Dodgers,Home White Pinstripes,Road Gray,,,,,10,7,confirmed,7/10,content/posts/mlb-uniform-tracker-2026.md,https://www.colorwaysports.com/stories/mlb-uniform-tracker-2026
mlb,2026,2026-07-20,mlb-2026-07-20-giants-royals,Kansas City Royals,San Francisco Giants,Home White,Road Gray,,,,,4,3,confirmed,6.5/10,content/posts/mlb-uniform-tracker-2026.md,https://www.colorwaysports.com/stories/mlb-uniform-tracker-2026
mlb,2026,2026-07-20,mlb-2026-07-20-marlins-astros,Houston Astros,Miami Marlins,Stros City Connect,Black Alternate,,,,,8,5,confirmed,7.5/10,content/posts/mlb-uniform-tracker-2026.md,https://www.colorwaysports.com/stories/mlb-uniform-tracker-2026
mlb,2026,2026-07-20,mlb-2026-07-20-mets-brewers,Milwaukee Brewers,New York Mets,Home Cream,Blue Alternate,,,,,8,3,confirmed,8/10,content/posts/mlb-uniform-tracker-2026.md,https://www.colorwaysports.com/stories/mlb-uniform-tracker-2026
mlb,2026,2026-07-20,mlb-2026-07-20-nationals-rockies,Colorado Rockies,Washington Nationals,Purple Alternate,Road Gray,,,,,3,7,confirmed,7.5/10,content/posts/mlb-uniform-tracker-2026.md,https://www.colorwaysports.com/stories/mlb-uniform-tracker-2026
mlb,2026,2026-07-20,mlb-2026-07-20-orioles-red-sox,Boston Red Sox,Baltimore Orioles,Home White,Road Gray,,,,,6,5,confirmed,6.5/10,content/posts/mlb-uniform-tracker-2026.md,https://www.colorwaysports.com/stories/mlb-uniform-tracker-2026
mlb,2026,2026-07-20,mlb-2026-07-20-padres-braves,Atlanta Braves,San Diego Padres,Home White,Brown Alternate,,,,,3,2,confirmed,7.5/10,content/posts/mlb-uniform-tracker-2026.md,https://www.colorwaysports.com/stories/mlb-uniform-tracker-2026
mlb,2026,2026-07-20,mlb-2026-07-20-pirates-yankees,New York Yankees,Pittsburgh Pirates,Home White Pinstripes,Black Alternate,,,,,8,5,confirmed,8/10,content/posts/mlb-uniform-tracker-2026.md,https://www.colorwaysports.com/stories/mlb-uniform-tracker-2026
mlb,2026,2026-07-20,mlb-2026-07-20-rays-blue-jays,Toronto Blue Jays,Tampa Bay Rays,Royal Blue Alternate,Light Blue Alternate,,,,,1,7,confirmed,8/10,content/posts/mlb-uniform-tracker-2026.md,https://www.colorwaysports.com/stories/mlb-uniform-tracker-2026
mlb,2026,2026-07-20,mlb-2026-07-20-reds-mariners,Seattle Mariners,Cincinnati Reds,Home White,Road Gray,,,,,8,0,confirmed,6.5/10,content/posts/mlb-uniform-tracker-2026.md,https://www.colorwaysports.com/stories/mlb-uniform-tracker-2026
mlb,2026,2026-07-20,mlb-2026-07-20-tigers-cubs,Chicago Cubs,Detroit Tigers,Home White Pinstripes,Road Gray,,,,,6,8,confirmed,6.5/10,content/posts/mlb-uniform-tracker-2026.md,https://www.colorwaysports.com/stories/mlb-uniform-tracker-2026
mlb,2026,2026-07-20,mlb-2026-07-20-twins-guardians,Cleveland Guardians,Minnesota Twins,Red Alternate,Road Gray,,,,,13,4,confirmed,7/10,content/posts/mlb-uniform-tracker-2026.md,https://www.colorwaysports.com/stories/mlb-uniform-tracker-2026
mlb,2026,2026-07-20,mlb-2026-07-20-white-sox-rangers,Texas Rangers,Chicago White Sox,Home White,Black Alternate,,,,,3,10,confirmed,8.5/10,content/posts/mlb-uniform-tracker-2026.md,https://www.colorwaysports.com/stories/mlb-uniform-tracker-2026
mlb,2026,2026-07-21,mlb-2026-07-21-athletics-diamondbacks,Arizona Diamondbacks,Athletics,Black Alternate,Road Gray,,,,,6,5,confirmed,7.5/10,content/posts/mlb-uniform-tracker-2026.md,https://www.colorwaysports.com/stories/mlb-uniform-tracker-2026
mlb,2026,2026-07-21,mlb-2026-07-21-cardinals-angels,Los Angeles Angels,St. Louis Cardinals,Throwback White,Road Gray,,,,,5,1,confirmed,7.5/10,content/posts/mlb-uniform-tracker-2026.md,https://www.colorwaysports.com/stories/mlb-uniform-tracker-2026
mlb,2026,2026-07-21,mlb-2026-07-21-dodgers-phillies,Philadelphia Phillies,Los Angeles Dodgers,Home White Pinstripes,Blue Alternate,,,,,1,2,confirmed,8/10,content/posts/mlb-uniform-tracker-2026.md,https://www.colorwaysports.com/stories/mlb-uniform-tracker-2026
mlb,2026,2026-07-21,mlb-2026-07-21-giants-royals,Kansas City Royals,San Francisco Giants,Home White,Road Gray,,,,,3,2,confirmed,6.5/10,content/posts/mlb-uniform-tracker-2026.md,https://www.colorwaysports.com/stories/mlb-uniform-tracker-2026
mlb,2026,2026-07-21,mlb-2026-07-21-marlins-astros,Houston Astros,Miami Marlins,Home White,Road Gray,,,,,5,3,confirmed,6.5/10,content/posts/mlb-uniform-tracker-2026.md,https://www.colorwaysports.com/stories/mlb-uniform-tracker-2026
mlb,2026,2026-07-21,mlb-2026-07-21-mets-brewers,Milwaukee Brewers,New York Mets,Home Cream,Road Gray,,,,,0,4,confirmed,7/10,content/posts/mlb-uniform-tracker-2026.md,https://www.colorwaysports.com/stories/mlb-uniform-tracker-2026
mlb,2026,2026-07-21,mlb-2026-07-21-nationals-rockies,Colorado Rockies,Washington Nationals,Home White,Road Gray,,,,,8,7,confirmed,6.5/10,content/posts/mlb-uniform-tracker-2026.md,https://www.colorwaysports.com/stories/mlb-uniform-tracker-2026
mlb,2026,2026-07-21,mlb-2026-07-21-padres-braves,Atlanta Braves,San Diego Padres,Home White,Brown Alternate,,,,,3,8,confirmed,7.5/10,content/posts/mlb-uniform-tracker-2026.md,https://www.colorwaysports.com/stories/mlb-uniform-tracker-2026
mlb,2026,2026-07-21,mlb-2026-07-21-rays-blue-jays,Toronto Blue Jays,Tampa Bay Rays,Royal Blue Alternate,Light Blue Alternate,,,,,2,12,confirmed,8.5/10,content/posts/mlb-uniform-tracker-2026.md,https://www.colorwaysports.com/stories/mlb-uniform-tracker-2026
mlb,2026,2026-07-21,mlb-2026-07-21-reds-mariners,Seattle Mariners,Cincinnati Reds,Home White,Road Gray,,,,,2,4,confirmed,6.5/10,content/posts/mlb-uniform-tracker-2026.md,https://www.colorwaysports.com/stories/mlb-uniform-tracker-2026
mlb,2026,2026-07-21,mlb-2026-07-21-tigers-cubs,Chicago Cubs,Detroit Tigers,Home White Pinstripes,Road Gray,,,,,11,2,confirmed,6.5/10,content/posts/mlb-uniform-tracker-2026.md,https://www.colorwaysports.com/stories/mlb-uniform-tracker-2026
mlb,2026,2026-07-21,mlb-2026-07-21-twins-guardians,Cleveland Guardians,Minnesota Twins,Red Alternate,Navy Alternate,,,,,5,2,confirmed,8/10,content/posts/mlb-uniform-tracker-2026.md,https://www.colorwaysports.com/stories/mlb-uniform-tracker-2026
mlb,2026,2026-07-21,mlb-2026-07-21-white-sox-rangers,Texas Rangers,Chicago White Sox,Home White,Black Alternate,,,,,10,0,confirmed,8/10,content/posts/mlb-uniform-tracker-2026.md,https://www.colorwaysports.com/stories/mlb-uniform-tracker-2026
mlb,2026,2026-07-22,mlb-2026-07-22-athletics-diamondbacks,Arizona Diamondbacks,Athletics,Home White,Road Gray,,,,,15,5,confirmed,6.5/10,content/posts/mlb-uniform-tracker-2026.md,https://www.colorwaysports.com/stories/mlb-uniform-tracker-2026
mlb,2026,2026-07-22,mlb-2026-07-22-cardinals-angels,Los Angeles Angels,St. Louis Cardinals,Throwback White,Road Gray,,,,,0,1,confirmed,7.5/10,content/posts/mlb-uniform-tracker-2026.md,https://www.colorwaysports.com/stories/mlb-uniform-tracker-2026
mlb,2026,2026-07-22,mlb-2026-07-22-dodgers-phillies,Philadelphia Phillies,Los Angeles Dodgers,Home White Pinstripes,Blue Alternate,,,,,5,9,confirmed,8/10,content/posts/mlb-uniform-tracker-2026.md,https://www.colorwaysports.com/stories/mlb-uniform-tracker-2026
mlb,2026,2026-07-22,mlb-2026-07-22-giants-royals,Kansas City Royals,San Francisco Giants,Powder Blue Alternate,Road Gray,,,,,5,4,confirmed,7.5/10,content/posts/mlb-uniform-tracker-2026.md,https://www.colorwaysports.com/stories/mlb-uniform-tracker-2026
mlb,2026,2026-07-22,mlb-2026-07-22-marlins-astros,Houston Astros,Miami Marlins,Home White,Road Gray,,,,,5,2,confirmed,6.5/10,content/posts/mlb-uniform-tracker-2026.md,https://www.colorwaysports.com/stories/mlb-uniform-tracker-2026
mlb,2026,2026-07-22,mlb-2026-07-22-mets-brewers,Milwaukee Brewers,New York Mets,Home Cream,Blue Alternate,,,,,4,3,confirmed,8/10,content/posts/mlb-uniform-tracker-2026.md,https://www.colorwaysports.com/stories/mlb-uniform-tracker-2026
mlb,2026,2026-07-22,mlb-2026-07-22-nationals-rockies,Colorado Rockies,Washington Nationals,Home White,Navy Alternate,,,,,0,8,confirmed,7/10,content/posts/mlb-uniform-tracker-2026.md,https://www.colorwaysports.com/stories/mlb-uniform-tracker-2026
mlb,2026,2026-07-22,mlb-2026-07-22-orioles-red-sox,Boston Red Sox,Baltimore Orioles,Home White,Road Gray,,,,,6,3,confirmed,6.5/10,content/posts/mlb-uniform-tracker-2026.md,https://www.colorwaysports.com/stories/mlb-uniform-tracker-2026
mlb,2026,2026-07-22,mlb-2026-07-22-orioles-red-sox-g2,Boston Red Sox,Baltimore Orioles,Home White,Black Alternate,,,,,1,5,confirmed,7.5/10,content/posts/mlb-uniform-tracker-2026.md,https://www.colorwaysports.com/stories/mlb-uniform-tracker-2026
mlb,2026,2026-07-22,mlb-2026-07-22-padres-braves,Atlanta Braves,San Diego Padres,Home White,Brown Alternate,,,,,7,6,confirmed,7.5/10,content/posts/mlb-uniform-tracker-2026.md,https://www.colorwaysports.com/stories/mlb-uniform-tracker-2026
mlb,2026,2026-07-22,mlb-2026-07-22-pirates-yankees,New York Yankees,Pittsburgh Pirates,Home White Pinstripes,Road Gray,,,,,3,5,confirmed,7/10,content/posts/mlb-uniform-tracker-2026.md,https://www.colorwaysports.com/stories/mlb-uniform-tracker-2026
mlb,2026,2026-07-22,mlb-2026-07-22-pirates-yankees-g2,New York Yankees,Pittsburgh Pirates,Home White Pinstripes,Black Alternate,,,,,2,0,confirmed,8/10,content/posts/mlb-uniform-tracker-2026.md,https://www.colorwaysports.com/stories/mlb-uniform-tracker-2026
mlb,2026,2026-07-22,mlb-2026-07-22-rays-blue-jays,Toronto Blue Jays,Tampa Bay Rays,Powder Blue Alternate,Navy Alternate,,,,,2,4,confirmed,8.5/10,content/posts/mlb-uniform-tracker-2026.md,https://www.colorwaysports.com/stories/mlb-uniform-tracker-2026
mlb,2026,2026-07-22,mlb-2026-07-22-reds-mariners,Seattle Mariners,Cincinnati Reds,Home White,Road Gray,,,,,3,5,confirmed,6.5/10,content/posts/mlb-uniform-tracker-2026.md,https://www.colorwaysports.com/stories/mlb-uniform-tracker-2026
mlb,2026,2026-07-22,mlb-2026-07-22-tigers-cubs,Chicago Cubs,Detroit Tigers,Home White Pinstripes,Navy Alternate,,,,,1,5,confirmed,7.5/10,content/posts/mlb-uniform-tracker-2026.md,https://www.colorwaysports.com/stories/mlb-uniform-tracker-2026
mlb,2026,2026-07-22,mlb-2026-07-22-twins-guardians,Cleveland Guardians,Minnesota Twins,Home White,Navy Alternate,,,,,6,10,confirmed,7/10,content/posts/mlb-uniform-tracker-2026.md,https://www.colorwaysports.com/stories/mlb-uniform-tracker-2026
mlb,2026,2026-07-22,mlb-2026-07-22-white-sox-rangers,Texas Rangers,Chicago White Sox,Home White,Road Gray,,,,,2,4,confirmed,6.5/10,content/posts/mlb-uniform-tracker-2026.md,https://www.colorwaysports.com/stories/mlb-uniform-tracker-2026
mlb,2026,2026-07-23,mlb-2026-07-23-diamondbacks-cardinals,St. Louis Cardinals,Arizona Diamondbacks,Home White,Black Alternate,,,,,6,10,confirmed,6.5/10,content/posts/mlb-uniform-tracker-2026.md,https://www.colorwaysports.com/stories/mlb-uniform-tracker-2026
mlb,2026,2026-07-23,mlb-2026-07-23-padres-braves,Atlanta Braves,San Diego Padres,Home White,Brown Alternate,,,,,6,5,confirmed,7.5/10,content/posts/mlb-uniform-tracker-2026.md,https://www.colorwaysports.com/stories/mlb-uniform-tracker-2026
mlb,2026,2026-07-23,mlb-2026-07-23-rays-blue-jays,Toronto Blue Jays,Tampa Bay Rays,Home White,Navy Alternate,,,,,3,1,confirmed,7.5/10,content/posts/mlb-uniform-tracker-2026.md,https://www.colorwaysports.com/stories/mlb-uniform-tracker-2026
mlb,2026,2026-07-23,mlb-2026-07-23-royals-tigers,Detroit Tigers,Kansas City Royals,Home White,Road Gray,,,,,4,3,confirmed,5.5/10,content/posts/mlb-uniform-tracker-2026.md,https://www.colorwaysports.com/stories/mlb-uniform-tracker-2026
mlb,2026,2026-07-23,mlb-2026-07-23-twins-guardians,Cleveland Guardians,Minnesota Twins,Red Alternate,Navy Alternate,,,,,1,3,confirmed,7/10,content/posts/mlb-uniform-tracker-2026.md,https://www.colorwaysports.com/stories/mlb-uniform-tracker-2026
mlb,2026,2026-07-24,mlb-2026-07-24-angels-giants,San Francisco Giants,Los Angeles Angels,Orange Friday Alternate,Road Gray,,,,,7,6,confirmed,7.5/10,content/posts/mlb-uniform-tracker-2026.md,https://www.colorwaysports.com/stories/mlb-uniform-tracker-2026
mlb,2026,2026-07-24,mlb-2026-07-24-astros-white-sox,Chicago White Sox,Houston Astros,Red City Connect,Road Gray,,,,,5,9,confirmed,7.5/10,content/posts/mlb-uniform-tracker-2026.md,https://www.colorwaysports.com/stories/mlb-uniform-tracker-2026
mlb,2026,2026-07-24,mlb-2026-07-24-athletics-twins,Minnesota Twins,Athletics,Ripple Effect City Connect,Road Gray,,,,,0,2,confirmed,7.5/10,content/posts/mlb-uniform-tracker-2026.md,https://www.colorwaysports.com/stories/mlb-uniform-tracker-2026
mlb,2026,2026-07-24,mlb-2026-07-24-blue-jays-red-sox,Boston Red Sox,Toronto Blue Jays,Green City Connect,Road Gray,,,,,6,4,confirmed,8.0/10,content/posts/mlb-uniform-tracker-2026.md,https://www.colorwaysports.com/stories/mlb-uniform-tracker-2026
mlb,2026,2026-07-24,mlb-2026-07-24-braves-orioles,Baltimore Orioles,Atlanta Braves,BMORE City Connect,Road Gray,,,,,6,7,confirmed,8.0/10,content/posts/mlb-uniform-tracker-2026.md,https://www.colorwaysports.com/stories/mlb-uniform-tracker-2026
mlb,2026,2026-07-24,mlb-2026-07-24-cubs-pirates,Pittsburgh Pirates,Chicago Cubs,Black City Connect,Road Gray,,,,,2,3,confirmed,7.0/10,content/posts/mlb-uniform-tracker-2026.md,https://www.colorwaysports.com/stories/mlb-uniform-tracker-2026
mlb,2026,2026-07-24,mlb-2026-07-24-diamondbacks-nationals,Washington Nationals,Arizona Diamondbacks,Navy Alternate,Road Gray,,,,,2,3,confirmed,7.0/10,content/posts/mlb-uniform-tracker-2026.md,https://www.colorwaysports.com/stories/mlb-uniform-tracker-2026
mlb,2026,2026-07-24,mlb-2026-07-24-dodgers-mets,New York Mets,Los Angeles Dodgers,Home White,Road Gray,,,,,2,4,confirmed,8/10,content/posts/mlb-uniform-tracker-2026.md,https://www.colorwaysports.com/stories/mlb-uniform-tracker-2026
mlb,2026,2026-07-24,mlb-2026-07-24-guardians-rays,Tampa Bay Rays,Cleveland Guardians,Devil Rays Throwback,Road Gray,,,,,11,3,confirmed,8.5/10,content/posts/mlb-uniform-tracker-2026.md,https://www.colorwaysports.com/stories/mlb-uniform-tracker-2026
mlb,2026,2026-07-24,mlb-2026-07-24-mariners-rangers,Texas Rangers,Seattle Mariners,Tejas City Connect,Navy Alternate,,,,,5,4,confirmed,8.0/10,content/posts/mlb-uniform-tracker-2026.md,https://www.colorwaysports.com/stories/mlb-uniform-tracker-2026
mlb,2026,2026-07-24,mlb-2026-07-24-padres-marlins,Miami Marlins,San Diego Padres,Retro Wave City Connect,Brown Alternate,,,,,2,4,confirmed,7.5/10,content/posts/mlb-uniform-tracker-2026.md,https://www.colorwaysports.com/stories/mlb-uniform-tracker-2026
mlb,2026,2026-07-24,mlb-2026-07-24-reds-cardinals,St. Louis Cardinals,Cincinnati Reds,The Lou City Connect,Road Gray,,,,,2,4,confirmed,7.5/10,content/posts/mlb-uniform-tracker-2026.md,https://www.colorwaysports.com/stories/mlb-uniform-tracker-2026
mlb,2026,2026-07-24,mlb-2026-07-24-rockies-brewers,Milwaukee Brewers,Colorado Rockies,Home Cream,Road Gray,,,,,2,5,confirmed,6.5/10,content/posts/mlb-uniform-tracker-2026.md,https://www.colorwaysports.com/stories/mlb-uniform-tracker-2026
mlb,2026,2026-07-24,mlb-2026-07-24-royals-tigers,Detroit Tigers,Kansas City Royals,Orange Alternate,Road Gray,,,,,2,1,confirmed,7.5/10,content/posts/mlb-uniform-tracker-2026.md,https://www.colorwaysports.com/stories/mlb-uniform-tracker-2026
mlb,2026,2026-07-24,mlb-2026-07-24-yankees-phillies,Philadelphia Phillies,New York Yankees,City Connect,Road Gray,,,,,0,1,confirmed,8.0/10,content/posts/mlb-uniform-tracker-2026.md,https://www.colorwaysports.com/stories/mlb-uniform-tracker-2026
mlb,2026,2026-07-25,mlb-2026-07-25-angels-giants,San Francisco Giants,Los Angeles Angels,Gigantes,Road Gray,,,,,9,2,confirmed,7.0/10,content/posts/mlb-uniform-tracker-2026.md,https://www.colorwaysports.com/stories/mlb-uniform-tracker-2026
mlb,2026,2026-07-25,mlb-2026-07-25-astros-white-sox,Chicago White Sox,Houston Astros,Home White Pinstripes,Road Gray,,,,,1,4,confirmed,6.0/10,content/posts/mlb-uniform-tracker-2026.md,https://www.colorwaysports.com/stories/mlb-uniform-tracker-2026
mlb,2026,2026-07-25,mlb-2026-07-25-athletics-twins,Minnesota Twins,Athletics,Twin Cities Cream,Road Gray,,,,,2,0,confirmed,7.0/10,content/posts/mlb-uniform-tracker-2026.md,https://www.colorwaysports.com/stories/mlb-uniform-tracker-2026
mlb,2026,2026-07-25,mlb-2026-07-25-blue-jays-red-sox,Boston Red Sox,Toronto Blue Jays,Home White,Road Gray,,,,,0,6,confirmed,6.5/10,content/posts/mlb-uniform-tracker-2026.md,https://www.colorwaysports.com/stories/mlb-uniform-tracker-2026
mlb,2026,2026-07-25,mlb-2026-07-25-braves-orioles,Baltimore Orioles,Atlanta Braves,Black Alternate,Road Gray,,,,,3,2,confirmed,7.5/10,content/posts/mlb-uniform-tracker-2026.md,https://www.colorwaysports.com/stories/mlb-uniform-tracker-2026
mlb,2026,2026-07-25,mlb-2026-07-25-cubs-pirates,Pittsburgh Pirates,Chicago Cubs,Black Alternate,Road Gray,,,,,0,11,confirmed,7.0/10,content/posts/mlb-uniform-tracker-2026.md,https://www.colorwaysports.com/stories/mlb-uniform-tracker-2026
mlb,2026,2026-07-25,mlb-2026-07-25-diamondbacks-nationals,Washington Nationals,Arizona Diamondbacks,City Connect,Black Alternate,,,,,5,3,confirmed,7.0/10,content/posts/mlb-uniform-tracker-2026.md,https://www.colorwaysports.com/stories/mlb-uniform-tracker-2026
mlb,2026,2026-07-25,mlb-2026-07-25-dodgers-mets,New York Mets,Los Angeles Dodgers,Black Alternate,Blue Alternate,,,,,3,4,confirmed,8.5/10,content/posts/mlb-uniform-tracker-2026.md,https://www.colorwaysports.com/stories/mlb-uniform-tracker-2026
mlb,2026,2026-07-25,mlb-2026-07-25-guardians-rays,Tampa Bay Rays,Cleveland Guardians,Devil Rays Throwback,Navy Alternate,,,,,3,0,confirmed,8.5/10,content/posts/mlb-uniform-tracker-2026.md,https://www.colorwaysports.com/stories/mlb-uniform-tracker-2026
mlb,2026,2026-07-25,mlb-2026-07-25-mariners-rangers,Texas Rangers,Seattle Mariners,Home White,Navy Alternate,,,,,7,1,confirmed,7.0/10,content/posts/mlb-uniform-tracker-2026.md,https://www.colorwaysports.com/stories/mlb-uniform-tracker-2026
mlb,2026,2026-07-25,mlb-2026-07-25-padres-marlins,Miami Marlins,San Diego Padres,Home White,Brown Alternate,,,,,2,7,confirmed,7.5/10,content/posts/mlb-uniform-tracker-2026.md,https://www.colorwaysports.com/stories/mlb-uniform-tracker-2026
mlb,2026,2026-07-25,mlb-2026-07-25-reds-cardinals,St. Louis Cardinals,Cincinnati Reds,Victory Blue Alternate,Red Alternate,,,,,7,0,confirmed,8.0/10,content/posts/mlb-uniform-tracker-2026.md,https://www.colorwaysports.com/stories/mlb-uniform-tracker-2026
mlb,2026,2026-07-25,mlb-2026-07-25-rockies-brewers,Milwaukee Brewers,Colorado Rockies,Home White Pinstripes,Road Gray,,,,,8,5,confirmed,6.5/10,content/posts/mlb-uniform-tracker-2026.md,https://www.colorwaysports.com/stories/mlb-uniform-tracker-2026
mlb,2026,2026-07-25,mlb-2026-07-25-royals-tigers,Detroit Tigers,Kansas City Royals,Home White,Royal Blue Alternate,,,,,2,3,confirmed,7.0/10,content/posts/mlb-uniform-tracker-2026.md,https://www.colorwaysports.com/stories/mlb-uniform-tracker-2026
mlb,2026,2026-07-25,mlb-2026-07-25-yankees-phillies,Philadelphia Phillies,New York Yankees,Home White Pinstripes,Road Gray,,,,,1,3,confirmed,6.5/10,content/posts/mlb-uniform-tracker-2026.md,https://www.colorwaysports.com/stories/mlb-uniform-tracker-2026
mlb,2026,2026-07-26,mlb-2026-07-26-angels-giants,San Francisco Giants,Los Angeles Angels,Home Cream,Road Gray,,,,,3,4,confirmed,7.5/10,content/posts/mlb-uniform-tracker-2026.md,https://www.colorwaysports.com/stories/mlb-uniform-tracker-2026
mlb,2026,2026-07-26,mlb-2026-07-26-astros-white-sox,Chicago White Sox,Houston Astros,Home White Pinstripes,Road Gray,,,,,12,3,confirmed,6.0/10,content/posts/mlb-uniform-tracker-2026.md,https://www.colorwaysports.com/stories/mlb-uniform-tracker-2026
mlb,2026,2026-07-26,mlb-2026-07-26-athletics-twins,Minnesota Twins,Athletics,Home White,Road Gray,,,,,11,8,confirmed,6.0/10,content/posts/mlb-uniform-tracker-2026.md,https://www.colorwaysports.com/stories/mlb-uniform-tracker-2026
mlb,2026,2026-07-26,mlb-2026-07-26-blue-jays-red-sox,Boston Red Sox,Toronto Blue Jays,Home White,Road Gray,,,,,6,1,confirmed,6.5/10,content/posts/mlb-uniform-tracker-2026.md,https://www.colorwaysports.com/stories/mlb-uniform-tracker-2026
mlb,2026,2026-07-26,mlb-2026-07-26-braves-orioles,Baltimore Orioles,Atlanta Braves,Orange Alternate,Road Gray,,,,,2,3,confirmed,8.0/10,content/posts/mlb-uniform-tracker-2026.md,https://www.colorwaysports.com/stories/mlb-uniform-tracker-2026
mlb,2026,2026-07-26,mlb-2026-07-26-cubs-pirates,Pittsburgh Pirates,Chicago Cubs,Home White,Road Gray,,,,,8,7,confirmed,6.0/10,content/posts/mlb-uniform-tracker-2026.md,https://www.colorwaysports.com/stories/mlb-uniform-tracker-2026
mlb,2026,2026-07-26,mlb-2026-07-26-diamondbacks-nationals,Washington Nationals,Arizona Diamondbacks,Red Alternate,Black Alternate,,,,,10,7,confirmed,7.5/10,content/posts/mlb-uniform-tracker-2026.md,https://www.colorwaysports.com/stories/mlb-uniform-tracker-2026
mlb,2026,2026-07-26,mlb-2026-07-26-dodgers-mets,New York Mets,Los Angeles Dodgers,Black Alternate,Blue Alternate,,,,,8,3,confirmed,8.0/10,content/posts/mlb-uniform-tracker-2026.md,https://www.colorwaysports.com/stories/mlb-uniform-tracker-2026
mlb,2026,2026-07-26,mlb-2026-07-26-guardians-rays,Tampa Bay Rays,Cleveland Guardians,Devil Rays Throwback,Navy Alternate,,,,,1,0,confirmed,8.0/10,content/posts/mlb-uniform-tracker-2026.md,https://www.colorwaysports.com/stories/mlb-uniform-tracker-2026
mlb,2026,2026-07-26,mlb-2026-07-26-mariners-rangers,Texas Rangers,Seattle Mariners,Powder Blue Alternate,Navy Alternate,,,,,4,6,confirmed,7.5/10,content/posts/mlb-uniform-tracker-2026.md,https://www.colorwaysports.com/stories/mlb-uniform-tracker-2026
mlb,2026,2026-07-26,mlb-2026-07-26-padres-marlins,Miami Marlins,San Diego Padres,Teal Throwback,Brown Alternate,,,,,3,5,confirmed,8.5/10,content/posts/mlb-uniform-tracker-2026.md,https://www.colorwaysports.com/stories/mlb-uniform-tracker-2026
mlb,2026,2026-07-26,mlb-2026-07-26-reds-cardinals,St. Louis Cardinals,Cincinnati Reds,Home White,Road Gray,,,,,3,5,confirmed,6.0/10,content/posts/mlb-uniform-tracker-2026.md,https://www.colorwaysports.com/stories/mlb-uniform-tracker-2026
mlb,2026,2026-07-26,mlb-2026-07-26-rockies-brewers,Milwaukee Brewers,Colorado Rockies,Home White Pinstripes,Road Gray,,,,,11,2,confirmed,6.5/10,content/posts/mlb-uniform-tracker-2026.md,https://www.colorwaysports.com/stories/mlb-uniform-tracker-2026
mlb,2026,2026-07-26,mlb-2026-07-26-royals-tigers,Detroit Tigers,Kansas City Royals,Home White,Royal Blue Alternate,,,,,4,5,confirmed,7.0/10,content/posts/mlb-uniform-tracker-2026.md,https://www.colorwaysports.com/stories/mlb-uniform-tracker-2026
mlb,2026,2026-07-26,mlb-2026-07-26-yankees-phillies,Philadelphia Phillies,New York Yankees,Home White Pinstripes,Road Gray,,,,,11,4,confirmed,6.5/10,content/posts/mlb-uniform-tracker-2026.md,https://www.colorwaysports.com/stories/mlb-uniform-tracker-2026
mlb,2026,2026-07-27,mlb-2026-07-27-astros-angels,Los Angeles Angels,Houston Astros,Throwback White,Road Gray,,,,,4,6,confirmed,6.5/10,content/posts/mlb-uniform-tracker-2026.md,https://www.colorwaysports.com/stories/mlb-uniform-tracker-2026
mlb,2026,2026-07-27,mlb-2026-07-27-blue-jays-nationals,Washington Nationals,Toronto Blue Jays,Home White,Powder Blue Alternate,,,,,2,3,confirmed,7/10,content/posts/mlb-uniform-tracker-2026.md,https://www.colorwaysports.com/stories/mlb-uniform-tracker-2026
mlb,2026,2026-07-27,mlb-2026-07-27-braves-mets,New York Mets,Atlanta Braves,Home White,Navy Alternate,,,,,14,3,confirmed,7.5/10,content/posts/mlb-uniform-tracker-2026.md,https://www.colorwaysports.com/stories/mlb-uniform-tracker-2026
mlb,2026,2026-07-27,mlb-2026-07-27-brewers-giants,San Francisco Giants,Milwaukee Brewers,Home Cream,Powder Blue Alternate,,,,,3,0,confirmed,7/10,content/posts/mlb-uniform-tracker-2026.md,https://www.colorwaysports.com/stories/mlb-uniform-tracker-2026
mlb,2026,2026-07-27,mlb-2026-07-27-cubs-cardinals,St. Louis Cardinals,Chicago Cubs,Home White,Road Gray,,,,,3,7,confirmed,6.5/10,content/posts/mlb-uniform-tracker-2026.md,https://www.colorwaysports.com/stories/mlb-uniform-tracker-2026
mlb,2026,2026-07-27,mlb-2026-07-27-diamondbacks-pirates,Pittsburgh Pirates,Arizona Diamondbacks,Home White,Black Alternate,,,,,3,2,confirmed,7/10,content/posts/mlb-uniform-tracker-2026.md,https://www.colorwaysports.com/stories/mlb-uniform-tracker-2026
mlb,2026,2026-07-27,mlb-2026-07-27-mariners-rangers,Texas Rangers,Seattle Mariners,Home White,Navy Alternate,,,,,7,3,confirmed,7.5/10,content/posts/mlb-uniform-tracker-2026.md,https://www.colorwaysports.com/stories/mlb-uniform-tracker-2026
mlb,2026,2026-07-27,mlb-2026-07-27-orioles-tigers,Detroit Tigers,Baltimore Orioles,Motor City City Connect,Road Gray,,,,,5,8,confirmed,7/10,content/posts/mlb-uniform-tracker-2026.md,https://www.colorwaysports.com/stories/mlb-uniform-tracker-2026
mlb,2026,2026-07-27,mlb-2026-07-27-phillies-marlins,Miami Marlins,Philadelphia Phillies,Home White,Road Gray,,,,,8,7,confirmed,6/10,content/posts/mlb-uniform-tracker-2026.md,https://www.colorwaysports.com/stories/mlb-uniform-tracker-2026
mlb,2026,2026-07-27,mlb-2026-07-27-red-sox-athletics,Athletics,Boston Red Sox,Home White,Road Gray,,,,,2,4,confirmed,6/10,content/posts/mlb-uniform-tracker-2026.md,https://www.colorwaysports.com/stories/mlb-uniform-tracker-2026
mlb,2026,2026-07-27,mlb-2026-07-27-yankees-white-sox,Chicago White Sox,New York Yankees,Home White Pinstripes,Road Gray,,,,,5,9,confirmed,8/10,content/posts/mlb-uniform-tracker-2026.md,https://www.colorwaysports.com/stories/mlb-uniform-tracker-2026
mlb,2026,2026-07-28,mlb-2026-07-28-astros-angels,Los Angeles Angels,Houston Astros,Surf City City Connect,Road Gray,,,,,2,3,confirmed,7/10,content/posts/mlb-uniform-tracker-2026.md,https://www.colorwaysports.com/stories/mlb-uniform-tracker-2026
mlb,2026,2026-07-28,mlb-2026-07-28-blue-jays-nationals,Washington Nationals,Toronto Blue Jays,Home White,Powder Blue Alternate,,,,,8,6,confirmed,7.5/10,content/posts/mlb-uniform-tracker-2026.md,https://www.colorwaysports.com/stories/mlb-uniform-tracker-2026
mlb,2026,2026-07-28,mlb-2026-07-28-brewers-giants,San Francisco Giants,Milwaukee Brewers,Black City Connect,Powder Blue Alternate,,,,,2,8,confirmed,7.5/10,content/posts/mlb-uniform-tracker-2026.md,https://www.colorwaysports.com/stories/mlb-uniform-tracker-2026
mlb,2026,2026-07-28,mlb-2026-07-28-cubs-cardinals,St. Louis Cardinals,Chicago Cubs,Home White,Road Gray,,,,,2,10,confirmed,6.5/10,content/posts/mlb-uniform-tracker-2026.md,https://www.colorwaysports.com/stories/mlb-uniform-tracker-2026
mlb,2026,2026-07-28,mlb-2026-07-28-diamondbacks-pirates,Pittsburgh Pirates,Arizona Diamondbacks,Black Alternate,Sedona Red Alternate,,,,,7,8,confirmed,7.5/10,content/posts/mlb-uniform-tracker-2026.md,https://www.colorwaysports.com/stories/mlb-uniform-tracker-2026
mlb,2026,2026-07-28,mlb-2026-07-28-guardians-reds,Cincinnati Reds,Cleveland Guardians,Home White,Road Gray,,,,,5,6,confirmed,6.5/10,content/posts/mlb-uniform-tracker-2026.md,https://www.colorwaysports.com/stories/mlb-uniform-tracker-2026
mlb,2026,2026-07-28,mlb-2026-07-28-guardians-reds-g2,Cincinnati Reds,Cleveland Guardians,Red Alternate,Navy Alternate,,,,,2,0,confirmed,7.5/10,content/posts/mlb-uniform-tracker-2026.md,https://www.colorwaysports.com/stories/mlb-uniform-tracker-2026
mlb,2026,2026-07-28,mlb-2026-07-28-mariners-dodgers,Los Angeles Dodgers,Seattle Mariners,Home White,Navy Alternate,,,,,6,7,confirmed,8/10,content/posts/mlb-uniform-tracker-2026.md,https://www.colorwaysports.com/stories/mlb-uniform-tracker-2026
mlb,2026,2026-07-28,mlb-2026-07-28-orioles-tigers,Detroit Tigers,Baltimore Orioles,Home White,Road Gray,,,,,14,0,confirmed,6.5/10,content/posts/mlb-uniform-tracker-2026.md,https://www.colorwaysports.com/stories/mlb-uniform-tracker-2026
mlb,2026,2026-07-28,mlb-2026-07-28-phillies-marlins,Miami Marlins,Philadelphia Phillies,Home White,Road Gray,,,,,1,0,confirmed,6/10,content/posts/mlb-uniform-tracker-2026.md,https://www.colorwaysports.com/stories/mlb-uniform-tracker-2026
mlb,2026,2026-07-28,mlb-2026-07-28-rangers-rays,Tampa Bay Rays,Texas Rangers,Home White,Royal Blue Alternate,,,,,1,4,confirmed,7.5/10,content/posts/mlb-uniform-tracker-2026.md,https://www.colorwaysports.com/stories/mlb-uniform-tracker-2026
mlb,2026,2026-07-28,mlb-2026-07-28-red-sox-athletics,Athletics,Boston Red Sox,Kelly Green Alternate,Road Gray,,,,,4,3,confirmed,7.5/10,content/posts/mlb-uniform-tracker-2026.md,https://www.colorwaysports.com/stories/mlb-uniform-tracker-2026
mlb,2026,2026-07-28,mlb-2026-07-28-rockies-padres,San Diego Padres,Colorado Rockies,Home White,Road Gray,,,,,8,7,confirmed,6.5/10,content/posts/mlb-uniform-tracker-2026.md,https://www.colorwaysports.com/stories/mlb-uniform-tracker-2026
mlb,2026,2026-07-28,mlb-2026-07-28-royals-twins,Minnesota Twins,Kansas City Royals,Home White,Road Gray,,,,,3,2,confirmed,6.5/10,content/posts/mlb-uniform-tracker-2026.md,https://www.colorwaysports.com/stories/mlb-uniform-tracker-2026
mlb,2026,2026-07-28,mlb-2026-07-28-yankees-white-sox,Chicago White Sox,New York Yankees,Home White Pinstripes,Road Gray,,,,,2,3,confirmed,6.5/10,content/posts/mlb-uniform-tracker-2026.md,https://www.colorwaysports.com/stories/mlb-uniform-tracker-2026
mlb,2026,2026-07-29,mlb-2026-07-29-astros-angels,Los Angeles Angels,Houston Astros,Surf City City Connect,Road Gray,,,,,4,7,confirmed,7/10,content/posts/mlb-uniform-tracker-2026.md,https://www.colorwaysports.com/stories/mlb-uniform-tracker-2026
mlb,2026,2026-07-29,mlb-2026-07-29-blue-jays-nationals,Washington Nationals,Toronto Blue Jays,Home White,Road Gray,,,,,2,5,confirmed,6.5/10,content/posts/mlb-uniform-tracker-2026.md,https://www.colorwaysports.com/stories/mlb-uniform-tracker-2026
mlb,2026,2026-07-29,mlb-2026-07-29-braves-mets,New York Mets,Atlanta Braves,Home White,Road Gray,,,,,3,2,confirmed,6.5/10,content/posts/mlb-uniform-tracker-2026.md,https://www.colorwaysports.com/stories/mlb-uniform-tracker-2026
mlb,2026,2026-07-29,mlb-2026-07-29-braves-mets-g2,New York Mets,Atlanta Braves,Black Alternate,Road Gray,,,,,0,1,confirmed,7.5/10,content/posts/mlb-uniform-tracker-2026.md,https://www.colorwaysports.com/stories/mlb-uniform-tracker-2026
mlb,2026,2026-07-29,mlb-2026-07-29-brewers-giants,San Francisco Giants,Milwaukee Brewers,Home Cream,Powder Blue Alternate,,,,,16,3,confirmed,7.5/10,content/posts/mlb-uniform-tracker-2026.md,https://www.colorwaysports.com/stories/mlb-uniform-tracker-2026
mlb,2026,2026-07-29,mlb-2026-07-29-cubs-cardinals,St. Louis Cardinals,Chicago Cubs,Home White,Road Gray,,,,,3,2,confirmed,6.5/10,content/posts/mlb-uniform-tracker-2026.md,https://www.colorwaysports.com/stories/mlb-uniform-tracker-2026
mlb,2026,2026-07-29,mlb-2026-07-29-diamondbacks-pirates,Pittsburgh Pirates,Arizona Diamondbacks,Black Alternate,Sedona Red Alternate,,,,,0,3,confirmed,7.5/10,content/posts/mlb-uniform-tracker-2026.md,https://www.colorwaysports.com/stories/mlb-uniform-tracker-2026
mlb,2026,2026-07-29,mlb-2026-07-29-guardians-reds,Cincinnati Reds,Cleveland Guardians,Red Alternate,Road Gray,,,,,1,6,confirmed,7/10,content/posts/mlb-uniform-tracker-2026.md,https://www.colorwaysports.com/stories/mlb-uniform-tracker-2026
mlb,2026,2026-07-29,mlb-2026-07-29-mariners-dodgers,Los Angeles Dodgers,Seattle Mariners,Home White,Navy Alternate,,,,,4,2,confirmed,7.5/10,content/posts/mlb-uniform-tracker-2026.md,https://www.colorwaysports.com/stories/mlb-uniform-tracker-2026
mlb,2026,2026-07-29,mlb-2026-07-29-orioles-tigers,Detroit Tigers,Baltimore Orioles,Home White,Road Gray,,,,,9,10,confirmed,6.5/10,content/posts/mlb-uniform-tracker-2026.md,https://www.colorwaysports.com/stories/mlb-uniform-tracker-2026
mlb,2026,2026-07-29,mlb-2026-07-29-phillies-marlins,Miami Marlins,Philadelphia Phillies,Home White,Road Gray,,,,,8,6,confirmed,6/10,content/posts/mlb-uniform-tracker-2026.md,https://www.colorwaysports.com/stories/mlb-uniform-tracker-2026
mlb,2026,2026-07-29,mlb-2026-07-29-rangers-rays,Tampa Bay Rays,Texas Rangers,Home White,Road Gray,,,,,3,0,confirmed,6.5/10,content/posts/mlb-uniform-tracker-2026.md,https://www.colorwaysports.com/stories/mlb-uniform-tracker-2026
mlb,2026,2026-07-29,mlb-2026-07-29-red-sox-athletics,Athletics,Boston Red Sox,Home White,Road Gray,,,,,2,4,confirmed,8/10,content/posts/mlb-uniform-tracker-2026.md,https://www.colorwaysports.com/stories/mlb-uniform-tracker-2026
mlb,2026,2026-07-29,mlb-2026-07-29-rockies-padres,San Diego Padres,Colorado Rockies,Home White,Road Gray,,,,,3,1,confirmed,6.5/10,content/posts/mlb-uniform-tracker-2026.md,https://www.colorwaysports.com/stories/mlb-uniform-tracker-2026
mlb,2026,2026-07-29,mlb-2026-07-29-royals-twins,Minnesota Twins,Kansas City Royals,Home White,Powder Blue Alternate,,,,,0,4,confirmed,7.5/10,content/posts/mlb-uniform-tracker-2026.md,https://www.colorwaysports.com/stories/mlb-uniform-tracker-2026
mlb,2026,2026-07-29,mlb-2026-07-29-yankees-white-sox,Chicago White Sox,New York Yankees,Home White Pinstripes,Road Gray,,,,,6,5,confirmed,6.5/10,content/posts/mlb-uniform-tracker-2026.md,https://www.colorwaysports.com/stories/mlb-uniform-tracker-2026
mlb,2026,2026-07-30,mlb-2026-07-30-cubs-cardinals,St. Louis Cardinals,Chicago Cubs,Home White,Royal Blue Alternate,,,,,2,4,confirmed,7/10,content/posts/mlb-uniform-tracker-2026.md,https://www.colorwaysports.com/stories/mlb-uniform-tracker-2026
mlb,2026,2026-07-30,mlb-2026-07-30-giants-padres,San Diego Padres,San Francisco Giants,Home White,Road Gray,,,,,1,4,confirmed,6.5/10,content/posts/mlb-uniform-tracker-2026.md,https://www.colorwaysports.com/stories/mlb-uniform-tracker-2026
mlb,2026,2026-07-30,mlb-2026-07-30-mariners-dodgers,Los Angeles Dodgers,Seattle Mariners,Home White,Navy Alternate,,,,,6,2,confirmed,7.5/10,content/posts/mlb-uniform-tracker-2026.md,https://www.colorwaysports.com/stories/mlb-uniform-tracker-2026
mlb,2026,2026-07-30,mlb-2026-07-30-marlins-mets,New York Mets,Miami Marlins,Blue Alternate,Black Alternate,,,,,4,2,confirmed,8.5/10,content/posts/mlb-uniform-tracker-2026.md,https://www.colorwaysports.com/stories/mlb-uniform-tracker-2026
mlb,2026,2026-07-30,mlb-2026-07-30-nationals-braves,Atlanta Braves,Washington Nationals,Home White,Navy Alternate,,,,,5,4,confirmed,7/10,content/posts/mlb-uniform-tracker-2026.md,https://www.colorwaysports.com/stories/mlb-uniform-tracker-2026
mlb,2026,2026-07-30,mlb-2026-07-30-pirates-reds,Cincinnati Reds,Pittsburgh Pirates,Home White,Black Alternate,,,,,3,2,confirmed,7/10,content/posts/mlb-uniform-tracker-2026.md,https://www.colorwaysports.com/stories/mlb-uniform-tracker-2026
mlb,2026,2026-07-30,mlb-2026-07-30-rangers-rays,Tampa Bay Rays,Texas Rangers,Home White,Royal Blue Alternate,,,,,3,2,confirmed,7/10,content/posts/mlb-uniform-tracker-2026.md,https://www.colorwaysports.com/stories/mlb-uniform-tracker-2026
mlb,2026,2026-07-30,mlb-2026-07-30-red-sox-athletics,Athletics,Boston Red Sox,Home White,Road Gray,,,,,4,5,confirmed,6.5/10,content/posts/mlb-uniform-tracker-2026.md,https://www.colorwaysports.com/stories/mlb-uniform-tracker-2026
mlb,2026,2026-07-30,mlb-2026-07-30-royals-twins,Minnesota Twins,Kansas City Royals,Home White,Royal Blue Alternate,,,,,4,3,confirmed,7/10,content/posts/mlb-uniform-tracker-2026.md,https://www.colorwaysports.com/stories/mlb-uniform-tracker-2026
mlb,2026,2026-07-30,mlb-2026-07-30-yankees-white-sox,Chicago White Sox,New York Yankees,Home White Pinstripes,Road Gray,,,,,2,1,confirmed,6.5/10,content/posts/mlb-uniform-tracker-2026.md,https://www.colorwaysports.com/stories/mlb-uniform-tracker-2026
mlb,2026,2026-07-31,mlb-2026-07-31-brewers-angels,Los Angeles Angels,Milwaukee Brewers,Surf City City Connect,Navy Alternate,,,,,2,6,confirmed,,content/posts/mlb-uniform-tracker-2026.md,https://www.colorwaysports.com/stories/mlb-uniform-tracker-2026
mlb,2026,2026-07-31,mlb-2026-07-31-cardinals-blue-jays,Toronto Blue Jays,St. Louis Cardinals,Navy City Connect,Road Gray,,,,,3,1,confirmed,,content/posts/mlb-uniform-tracker-2026.md,https://www.colorwaysports.com/stories/mlb-uniform-tracker-2026
mlb,2026,2026-07-31,mlb-2026-07-31-diamondbacks-guardians,Cleveland Guardians,Arizona Diamondbacks,Navy City Connect,Sedona Red Alternate,,,,,1,4,confirmed,,content/posts/mlb-uniform-tracker-2026.md,https://www.colorwaysports.com/stories/mlb-uniform-tracker-2026
mlb,2026,2026-07-31,mlb-2026-07-31-giants-padres,San Diego Padres,San Francisco Giants,Navy City Connect,Road Gray,,,,,7,0,confirmed,,content/posts/mlb-uniform-tracker-2026.md,https://www.colorwaysports.com/stories/mlb-uniform-tracker-2026
mlb,2026,2026-07-31,mlb-2026-07-31-marlins-mets,New York Mets,Miami Marlins,Black Alternate,Road Gray,,,,,2,5,confirmed,,content/posts/mlb-uniform-tracker-2026.md,https://www.colorwaysports.com/stories/mlb-uniform-tracker-2026
mlb,2026,2026-07-31,mlb-2026-07-31-nationals-braves,Atlanta Braves,Washington Nationals,Red Alternate,Navy Alternate,,,,,6,2,confirmed,,content/posts/mlb-uniform-tracker-2026.md,https://www.colorwaysports.com/stories/mlb-uniform-tracker-2026
mlb,2026,2026-07-31,mlb-2026-07-31-phillies-orioles,Baltimore Orioles,Philadelphia Phillies,BMORE City Connect,Road Gray,,,,,6,4,confirmed,,content/posts/mlb-uniform-tracker-2026.md,https://www.colorwaysports.com/stories/mlb-uniform-tracker-2026
mlb,2026,2026-07-31,mlb-2026-07-31-pirates-reds,Cincinnati Reds,Pittsburgh Pirates,Black City Connect,Road Gray,,,,,8,7,confirmed,,content/posts/mlb-uniform-tracker-2026.md,https://www.colorwaysports.com/stories/mlb-uniform-tracker-2026
mlb,2026,2026-07-31,mlb-2026-07-31-rangers-astros,Houston Astros,Texas Rangers,Orange Alternate,Royal Blue Alternate,,,,,11,2,confirmed,8.5/10,content/posts/mlb-uniform-tracker-2026.md,https://www.colorwaysports.com/stories/mlb-uniform-tracker-2026
mlb,2026,2026-07-31,mlb-2026-07-31-red-sox-dodgers,Los Angeles Dodgers,Boston Red Sox,Home White,Red Alternate,,,,,4,9,confirmed,,content/posts/mlb-uniform-tracker-2026.md,https://www.colorwaysports.com/stories/mlb-uniform-tracker-2026
mlb,2026,2026-07-31,mlb-2026-07-31-royals-rockies,Colorado Rockies,Kansas City Royals,City Connect,Road Gray,,,,,3,1,confirmed,,content/posts/mlb-uniform-tracker-2026.md,https://www.colorwaysports.com/stories/mlb-uniform-tracker-2026
mlb,2026,2026-07-31,mlb-2026-07-31-tigers-athletics,Athletics,Detroit Tigers,Home White,Road Gray,,,,,1,13,confirmed,,content/posts/mlb-uniform-tracker-2026.md,https://www.colorwaysports.com/stories/mlb-uniform-tracker-2026
mlb,2026,2026-07-31,mlb-2026-07-31-twins-mariners,Seattle Mariners,Minnesota Twins,City Connect,Road Gray,,,,,3,5,confirmed,,content/posts/mlb-uniform-tracker-2026.md,https://www.colorwaysports.com/stories/mlb-uniform-tracker-2026
mlb,2026,2026-07-31,mlb-2026-07-31-white-sox-rays,Tampa Bay Rays,Chicago White Sox,Devil Rays Throwback,Black Alternate,,,,,1,6,confirmed,,content/posts/mlb-uniform-tracker-2026.md,https://www.colorwaysports.com/stories/mlb-uniform-tracker-2026
mlb,2026,2026-07-31,mlb-2026-07-31-yankees-cubs,Chicago Cubs,New York Yankees,Light Blue Alternate,Road Gray,,,,,0,2,confirmed,,content/posts/mlb-uniform-tracker-2026.md,https://www.colorwaysports.com/stories/mlb-uniform-tracker-2026
mlb,2026,2026-08-01,mlb-2026-08-01-brewers-angels,Los Angeles Angels,Milwaukee Brewers,Surf City City Connect,Navy Alternate,,,,,1,3,confirmed,,content/posts/mlb-uniform-tracker-2026.md,https://www.colorwaysports.com/stories/mlb-uniform-tracker-2026
mlb,2026,2026-08-01,mlb-2026-08-01-cardinals-blue-jays,Toronto Blue Jays,St. Louis Cardinals,Powder Blue Alternate,Road Gray,,,,,5,1,confirmed,,content/posts/mlb-uniform-tracker-2026.md,https://www.colorwaysports.com/stories/mlb-uniform-tracker-2026
mlb,2026,2026-08-01,mlb-2026-08-01-diamondbacks-guardians,Cleveland Guardians,Arizona Diamondbacks,Red Alternate,Road Gray,,,,,8,12,confirmed,,content/posts/mlb-uniform-tracker-2026.md,https://www.colorwaysports.com/stories/mlb-uniform-tracker-2026
mlb,2026,2026-08-01,mlb-2026-08-01-giants-padres,San Diego Padres,San Francisco Giants,Home White,Road Gray,,,,,6,5,confirmed,,content/posts/mlb-uniform-tracker-2026.md,https://www.colorwaysports.com/stories/mlb-uniform-tracker-2026
mlb,2026,2026-08-01,mlb-2026-08-01-marlins-mets,New York Mets,Miami Marlins,Cooperstown Throwback,Black Alternate,,,,,2,6,confirmed,,content/posts/mlb-uniform-tracker-2026.md,https://www.colorwaysports.com/stories/mlb-uniform-tracker-2026
mlb,2026,2026-08-01,mlb-2026-08-01-nationals-braves,Atlanta Braves,Washington Nationals,Powder Blue City Connect,Road Gray,,,,,8,3,confirmed,,content/posts/mlb-uniform-tracker-2026.md,https://www.colorwaysports.com/stories/mlb-uniform-tracker-2026
mlb,2026,2026-08-01,mlb-2026-08-01-phillies-orioles,Baltimore Orioles,Philadelphia Phillies,Home White,Road Gray,,,,,0,5,confirmed,,content/posts/mlb-uniform-tracker-2026.md,https://www.colorwaysports.com/stories/mlb-uniform-tracker-2026
mlb,2026,2026-08-01,mlb-2026-08-01-pirates-reds,Cincinnati Reds,Pittsburgh Pirates,Red City Connect,Black Alternate,,,,,1,4,confirmed,,content/posts/mlb-uniform-tracker-2026.md,https://www.colorwaysports.com/stories/mlb-uniform-tracker-2026
mlb,2026,2026-08-01,mlb-2026-08-01-rangers-astros,Houston Astros,Texas Rangers,Home White,Road Gray,,,,,5,4,confirmed,,content/posts/mlb-uniform-tracker-2026.md,https://www.colorwaysports.com/stories/mlb-uniform-tracker-2026
mlb,2026,2026-08-01,mlb-2026-08-01-red-sox-dodgers,Los Angeles Dodgers,Boston Red Sox,Cream City Connect,Road Gray,,,,,2,3,confirmed,,content/posts/mlb-uniform-tracker-2026.md,https://www.colorwaysports.com/stories/mlb-uniform-tracker-2026
mlb,2026,2026-08-01,mlb-2026-08-01-royals-rockies,Colorado Rockies,Kansas City Royals,Purple Alternate,Powder Blue Alternate,,,,,12,6,confirmed,,content/posts/mlb-uniform-tracker-2026.md,https://www.colorwaysports.com/stories/mlb-uniform-tracker-2026
mlb,2026,2026-08-01,mlb-2026-08-01-tigers-athletics,Athletics,Detroit Tigers,Sacramento Gold Alternate,Navy Alternate,,,,,6,8,confirmed,8.5/10,content/posts/mlb-uniform-tracker-2026.md,https://www.colorwaysports.com/stories/mlb-uniform-tracker-2026
mlb,2026,2026-08-01,mlb-2026-08-01-twins-mariners,Seattle Mariners,Minnesota Twins,Home White,Road Gray,,,,,4,3,confirmed,,content/posts/mlb-uniform-tracker-2026.md,https://www.colorwaysports.com/stories/mlb-uniform-tracker-2026
mlb,2026,2026-08-01,mlb-2026-08-01-white-sox-rays,Tampa Bay Rays,Chicago White Sox,City Connect,Road Gray,,,,,1,0,confirmed,,content/posts/mlb-uniform-tracker-2026.md,https://www.colorwaysports.com/stories/mlb-uniform-tracker-2026
mlb,2026,2026-08-01,mlb-2026-08-01-yankees-cubs,Chicago Cubs,New York Yankees,Home White Pinstripes,Road Gray,,,,,5,2,confirmed,,content/posts/mlb-uniform-tracker-2026.md,https://www.colorwaysports.com/stories/mlb-uniform-tracker-2026
mlb,2026,2026-08-02,mlb-2026-08-02-brewers-angels,Los Angeles Angels,Milwaukee Brewers,Surf City City Connect,Navy Alternate,,,,,3,0,confirmed,,content/posts/mlb-uniform-tracker-2026.md,https://www.colorwaysports.com/stories/mlb-uniform-tracker-2026
mlb,2026,2026-08-02,mlb-2026-08-02-cardinals-blue-jays,Toronto Blue Jays,St. Louis Cardinals,Powder Blue Alternate,Road Gray,,,,,1,5,confirmed,,content/posts/mlb-uniform-tracker-2026.md,https://www.colorwaysports.com/stories/mlb-uniform-tracker-2026
mlb,2026,2026-08-02,mlb-2026-08-02-diamondbacks-guardians,Cleveland Guardians,Arizona Diamondbacks,Home White,Black Alternate,,,,,5,0,confirmed,,content/posts/mlb-uniform-tracker-2026.md,https://www.colorwaysports.com/stories/mlb-uniform-tracker-2026
mlb,2026,2026-08-02,mlb-2026-08-02-giants-padres,San Diego Padres,San Francisco Giants,Camouflage Alternate,Road Gray,,,,,5,4,confirmed,,content/posts/mlb-uniform-tracker-2026.md,https://www.colorwaysports.com/stories/mlb-uniform-tracker-2026
mlb,2026,2026-08-02,mlb-2026-08-02-marlins-mets,New York Mets,Miami Marlins,Cooperstown Throwback,Road Gray,,,,,0,2,confirmed,,content/posts/mlb-uniform-tracker-2026.md,https://www.colorwaysports.com/stories/mlb-uniform-tracker-2026
mlb,2026,2026-08-02,mlb-2026-08-02-nationals-braves,Atlanta Braves,Washington Nationals,Home White,Road Gray,,,,,4,2,confirmed,,content/posts/mlb-uniform-tracker-2026.md,https://www.colorwaysports.com/stories/mlb-uniform-tracker-2026
mlb,2026,2026-08-02,mlb-2026-08-02-phillies-orioles,Baltimore Orioles,Philadelphia Phillies,Orange Alternate,Road Gray,,,,,0,8,confirmed,,content/posts/mlb-uniform-tracker-2026.md,https://www.colorwaysports.com/stories/mlb-uniform-tracker-2026
mlb,2026,2026-08-02,mlb-2026-08-02-pirates-reds,Cincinnati Reds,Pittsburgh Pirates,Home White,Road Gray,,,,,10,2,confirmed,,content/posts/mlb-uniform-tracker-2026.md,https://www.colorwaysports.com/stories/mlb-uniform-tracker-2026
mlb,2026,2026-08-02,mlb-2026-08-02-rangers-astros,Houston Astros,Texas Rangers,Navy Alternate,Road Gray,,,,,7,3,confirmed,,content/posts/mlb-uniform-tracker-2026.md,https://www.colorwaysports.com/stories/mlb-uniform-tracker-2026
mlb,2026,2026-08-02,mlb-2026-08-02-red-sox-dodgers,Los Angeles Dodgers,Boston Red Sox,Home White,Road Gray,,,,,4,8,confirmed,8/10,content/posts/mlb-uniform-tracker-2026.md,https://www.colorwaysports.com/stories/mlb-uniform-tracker-2026
mlb,2026,2026-08-02,mlb-2026-08-02-royals-rockies,Colorado Rockies,Kansas City Royals,Purple Alternate,Royal Blue Alternate,,,,,8,1,confirmed,,content/posts/mlb-uniform-tracker-2026.md,https://www.colorwaysports.com/stories/mlb-uniform-tracker-2026
mlb,2026,2026-08-02,mlb-2026-08-02-tigers-athletics,Athletics,Detroit Tigers,Home White,Road Gray,,,,,0,11,confirmed,,content/posts/mlb-uniform-tracker-2026.md,https://www.colorwaysports.com/stories/mlb-uniform-tracker-2026
mlb,2026,2026-08-02,mlb-2026-08-02-twins-mariners,Seattle Mariners,Minnesota Twins,Steelheads Throwback,Navy Alternate,,,,,7,6,confirmed,,content/posts/mlb-uniform-tracker-2026.md,https://www.colorwaysports.com/stories/mlb-uniform-tracker-2026
mlb,2026,2026-08-02,mlb-2026-08-02-white-sox-rays,Tampa Bay Rays,Chicago White Sox,Home White,Black Alternate,,,,,1,9,confirmed,,content/posts/mlb-uniform-tracker-2026.md,https://www.colorwaysports.com/stories/mlb-uniform-tracker-2026
mlb,2026,2026-08-02,mlb-2026-08-02-yankees-cubs,Chicago Cubs,New York Yankees,Home White Pinstripes,Road Gray,,,,,1,2,confirmed,,content/posts/mlb-uniform-tracker-2026.md,https://www.colorwaysports.com/stories/mlb-uniform-tracker-2026
mlb,2026,2026-08-03,mlb-2026-08-03-blue-jays-astros,Houston Astros,Toronto Blue Jays,Stros City Connect,Road Gray,,,,,1,3,confirmed,,content/posts/mlb-uniform-tracker-2026.md,https://www.colorwaysports.com/stories/mlb-uniform-tracker-2026
mlb,2026,2026-08-03,mlb-2026-08-03-cardinals-yankees,New York Yankees,St. Louis Cardinals,Home White Pinstripes,Road Gray,,,,,7,13,confirmed,8/10,content/posts/mlb-uniform-tracker-2026.md,https://www.colorwaysports.com/stories/mlb-uniform-tracker-2026
mlb,2026,2026-08-03,mlb-2026-08-03-dodgers-cubs,Chicago Cubs,Los Angeles Dodgers,Home White Pinstripes,Road Gray,,,,,10,5,confirmed,,content/posts/mlb-uniform-tracker-2026.md,https://www.colorwaysports.com/stories/mlb-uniform-tracker-2026
mlb,2026,2026-08-03,mlb-2026-08-03-giants-rangers,Texas Rangers,San Francisco Giants,Home White,Road Gray,,,,,1,5,confirmed,,content/posts/mlb-uniform-tracker-2026.md,https://www.colorwaysports.com/stories/mlb-uniform-tracker-2026
mlb,2026,2026-08-03,mlb-2026-08-03-nationals-phillies,Philadelphia Phillies,Washington Nationals,Home White Pinstripes,Road Gray,,,,,6,3,confirmed,,content/posts/mlb-uniform-tracker-2026.md,https://www.colorwaysports.com/stories/mlb-uniform-tracker-2026
mlb,2026,2026-08-03,mlb-2026-08-03-padres-diamondbacks,Arizona Diamondbacks,San Diego Padres,Home White,Khaki Road,,,,,5,1,confirmed,,content/posts/mlb-uniform-tracker-2026.md,https://www.colorwaysports.com/stories/mlb-uniform-tracker-2026
mlb,2026,2026-08-03,mlb-2026-08-03-pirates-brewers,Milwaukee Brewers,Pittsburgh Pirates,Home Cream,Road Gray,,,,,3,4,confirmed,,content/posts/mlb-uniform-tracker-2026.md,https://www.colorwaysports.com/stories/mlb-uniform-tracker-2026
mlb,2026,2026-08-03,mlb-2026-08-03-rays-rockies,Colorado Rockies,Tampa Bay Rays,Purple Alternate,Light Blue Alternate,,,,,9,13,confirmed,,content/posts/mlb-uniform-tracker-2026.md,https://www.colorwaysports.com/stories/mlb-uniform-tracker-2026
mlb,2026,2026-08-04,mlb-2026-08-04-angels-orioles,Baltimore Orioles,Los Angeles Angels,Home White,Red Alternate,,,,,3,1,confirmed,,content/posts/mlb-uniform-tracker-2026.md,https://www.colorwaysports.com/stories/mlb-uniform-tracker-2026
mlb,2026,2026-08-04,mlb-2026-08-04-athletics-reds,Cincinnati Reds,Athletics,Home White,Road Gray,,,,,5,4,confirmed,,content/posts/mlb-uniform-tracker-2026.md,https://www.colorwaysports.com/stories/mlb-uniform-tracker-2026
mlb,2026,2026-08-04,mlb-2026-08-04-blue-jays-astros,Houston Astros,Toronto Blue Jays,Home White,Road Gray,,,,,7,2,confirmed,,content/posts/mlb-uniform-tracker-2026.md,https://www.colorwaysports.com/stories/mlb-uniform-tracker-2026
mlb,2026,2026-08-04,mlb-2026-08-04-cardinals-yankees,New York Yankees,St. Louis Cardinals,Home White Pinstripes,Road Gray,,,,,2,0,confirmed,,content/posts/mlb-uniform-tracker-2026.md,https://www.colorwaysports.com/stories/mlb-uniform-tracker-2026
mlb,2026,2026-08-04,mlb-2026-08-04-dodgers-cubs,Chicago Cubs,Los Angeles Dodgers,Home White Pinstripes,Blue Alternate,,,,,5,1,confirmed,,content/posts/mlb-uniform-tracker-2026.md,https://www.colorwaysports.com/stories/mlb-uniform-tracker-2026
mlb,2026,2026-08-04,mlb-2026-08-04-giants-rangers,Texas Rangers,San Francisco Giants,Home White,Road Gray,,,,,5,4,confirmed,,content/posts/mlb-uniform-tracker-2026.md,https://www.colorwaysports.com/stories/mlb-uniform-tracker-2026
mlb,2026,2026-08-04,mlb-2026-08-04-marlins-braves,Atlanta Braves,Miami Marlins,Home White,Road Gray,,,,,4,2,confirmed,,content/posts/mlb-uniform-tracker-2026.md,https://www.colorwaysports.com/stories/mlb-uniform-tracker-2026
mlb,2026,2026-08-04,mlb-2026-08-04-mets-guardians,Cleveland Guardians,New York Mets,Home White,Road Gray,,,,,2,6,confirmed,,content/posts/mlb-uniform-tracker-2026.md,https://www.colorwaysports.com/stories/mlb-uniform-tracker-2026
mlb,2026,2026-08-04,mlb-2026-08-04-nationals-phillies,Philadelphia Phillies,Washington Nationals,Home White Pinstripes,Road Gray,,,,,5,0,confirmed,,content/posts/mlb-uniform-tracker-2026.md,https://www.colorwaysports.com/stories/mlb-uniform-tracker-2026
mlb,2026,2026-08-04,mlb-2026-08-04-padres-diamondbacks,Arizona Diamondbacks,San Diego Padres,Home White,Brown Alternate,,,,,4,9,confirmed,,content/posts/mlb-uniform-tracker-2026.md,https://www.colorwaysports.com/stories/mlb-uniform-tracker-2026
mlb,2026,2026-08-04,mlb-2026-08-04-pirates-brewers,Milwaukee Brewers,Pittsburgh Pirates,Home Cream,Black Alternate,,,,,4,2,confirmed,,content/posts/mlb-uniform-tracker-2026.md,https://www.colorwaysports.com/stories/mlb-uniform-tracker-2026
mlb,2026,2026-08-04,mlb-2026-08-04-rays-rockies,Colorado Rockies,Tampa Bay Rays,Home White,Navy Alternate,,,,,7,9,confirmed,,content/posts/mlb-uniform-tracker-2026.md,https://www.colorwaysports.com/stories/mlb-uniform-tracker-2026
mlb,2026,2026-08-04,mlb-2026-08-04-tigers-mariners,Seattle Mariners,Detroit Tigers,Home White,Road Gray,,,,,0,8,confirmed,,content/posts/mlb-uniform-tracker-2026.md,https://www.colorwaysports.com/stories/mlb-uniform-tracker-2026
mlb,2026,2026-08-04,mlb-2026-08-04-twins-royals,Kansas City Royals,Minnesota Twins,Home White,Road Gray,,,,,8,2,confirmed,,content/posts/mlb-uniform-tracker-2026.md,https://www.colorwaysports.com/stories/mlb-uniform-tracker-2026
mlb,2026,2026-08-04,mlb-2026-08-04-white-sox-red-sox,Boston Red Sox,Chicago White Sox,Home White,Black Alternate,,,,,14,2,confirmed,,content/posts/mlb-uniform-tracker-2026.md,https://www.colorwaysports.com/stories/mlb-uniform-tracker-2026
mlb,2026,2026-08-05,mlb-2026-08-05-angels-orioles,Baltimore Orioles,Los Angeles Angels,Home White,Red Alternate,,,,,5,2,confirmed,,content/posts/mlb-uniform-tracker-2026.md,https://www.colorwaysports.com/stories/mlb-uniform-tracker-2026
mlb,2026,2026-08-05,mlb-2026-08-05-athletics-reds,Cincinnati Reds,Athletics,Home White,Road Gray,,,,,3,2,confirmed,,content/posts/mlb-uniform-tracker-2026.md,https://www.colorwaysports.com/stories/mlb-uniform-tracker-2026
mlb,2026,2026-08-05,mlb-2026-08-05-blue-jays-astros,Houston Astros,Toronto Blue Jays,Home White,Royal Blue Alternate,,,,,4,5,confirmed,,content/posts/mlb-uniform-tracker-2026.md,https://www.colorwaysports.com/stories/mlb-uniform-tracker-2026
mlb,2026,2026-08-05,mlb-2026-08-05-cardinals-yankees,New York Yankees,St. Louis Cardinals,Home White Pinstripes,Road Gray,,,,,1,3,confirmed,,content/posts/mlb-uniform-tracker-2026.md,https://www.colorwaysports.com/stories/mlb-uniform-tracker-2026
mlb,2026,2026-08-05,mlb-2026-08-05-dodgers-cubs,Chicago Cubs,Los Angeles Dodgers,Home White Pinstripes,Road Gray,,,,,7,6,confirmed,,content/posts/mlb-uniform-tracker-2026.md,https://www.colorwaysports.com/stories/mlb-uniform-tracker-2026
mlb,2026,2026-08-05,mlb-2026-08-05-giants-rangers,Texas Rangers,San Francisco Giants,Home White,Road Gray,,,,,6,0,confirmed,,content/posts/mlb-uniform-tracker-2026.md,https://www.colorwaysports.com/stories/mlb-uniform-tracker-2026
mlb,2026,2026-08-05,mlb-2026-08-05-marlins-braves,Atlanta Braves,Miami Marlins,Home White,Black Alternate,,,,,4,1,confirmed,,content/posts/mlb-uniform-tracker-2026.md,https://www.colorwaysports.com/stories/mlb-uniform-tracker-2026
mlb,2026,2026-08-05,mlb-2026-08-05-mets-guardians,Cleveland Guardians,New York Mets,Red Alternate,Road Gray,,,,,5,6,confirmed,,content/posts/mlb-uniform-tracker-2026.md,https://www.colorwaysports.com/stories/mlb-uniform-tracker-2026
mlb,2026,2026-08-05,mlb-2026-08-05-nationals-phillies,Philadelphia Phillies,Washington Nationals,Home White Pinstripes,Road Gray,,,,,4,10,confirmed,,content/posts/mlb-uniform-tracker-2026.md,https://www.colorwaysports.com/stories/mlb-uniform-tracker-2026
mlb,2026,2026-08-05,mlb-2026-08-05-padres-diamondbacks,Arizona Diamondbacks,San Diego Padres,Sedona Red Alternate,Brown Alternate,,,,,10,4,confirmed,8.5/10,content/posts/mlb-uniform-tracker-2026.md,https://www.colorwaysports.com/stories/mlb-uniform-tracker-2026
mlb,2026,2026-08-05,mlb-2026-08-05-pirates-brewers,Milwaukee Brewers,Pittsburgh Pirates,Home Cream,Black Alternate,,,,,4,2,confirmed,,content/posts/mlb-uniform-tracker-2026.md,https://www.colorwaysports.com/stories/mlb-uniform-tracker-2026
mlb,2026,2026-08-05,mlb-2026-08-05-rays-rockies,Colorado Rockies,Tampa Bay Rays,Home White,Navy Alternate,,,,,0,4,confirmed,,content/posts/mlb-uniform-tracker-2026.md,https://www.colorwaysports.com/stories/mlb-uniform-tracker-2026
mlb,2026,2026-08-05,mlb-2026-08-05-tigers-mariners,Seattle Mariners,Detroit Tigers,Home White,Road Gray,,,,,4,2,confirmed,,content/posts/mlb-uniform-tracker-2026.md,https://www.colorwaysports.com/stories/mlb-uniform-tracker-2026
mlb,2026,2026-08-05,mlb-2026-08-05-twins-royals,Kansas City Royals,Minnesota Twins,Home White,Navy Alternate,,,,,2,1,confirmed,,content/posts/mlb-uniform-tracker-2026.md,https://www.colorwaysports.com/stories/mlb-uniform-tracker-2026
mlb,2026,2026-08-05,mlb-2026-08-05-white-sox-red-sox,Boston Red Sox,Chicago White Sox,Home White,Road Gray,,,,,4,0,confirmed,,content/posts/mlb-uniform-tracker-2026.md,https://www.colorwaysports.com/stories/mlb-uniform-tracker-2026
mlb,2026,2026-08-06,mlb-2026-08-06-angels-orioles,Baltimore Orioles,Los Angeles Angels,Home White,Red Alternate,,,,,1,4,confirmed,,content/posts/mlb-uniform-tracker-2026.md,https://www.colorwaysports.com/stories/mlb-uniform-tracker-2026
mlb,2026,2026-08-06,mlb-2026-08-06-athletics-reds,Cincinnati Reds,Athletics,Home White,Road Gray,,,,,6,5,confirmed,,content/posts/mlb-uniform-tracker-2026.md,https://www.colorwaysports.com/stories/mlb-uniform-tracker-2026
mlb,2026,2026-08-06,mlb-2026-08-06-blue-jays-cubs,Chicago Cubs,Toronto Blue Jays,Home White Pinstripes,Royal Blue Alternate,,,,,3,2,confirmed,,content/posts/mlb-uniform-tracker-2026.md,https://www.colorwaysports.com/stories/mlb-uniform-tracker-2026
mlb,2026,2026-08-06,mlb-2026-08-06-marlins-braves,Atlanta Braves,Miami Marlins,Home White,Black Alternate,,,,,11,3,confirmed,,content/posts/mlb-uniform-tracker-2026.md,https://www.colorwaysports.com/stories/mlb-uniform-tracker-2026
mlb,2026,2026-08-06,mlb-2026-08-06-mets-guardians,Cleveland Guardians,New York Mets,Home White,Blue Alternate,,,,,6,13,confirmed,,content/posts/mlb-uniform-tracker-2026.md,https://www.colorwaysports.com/stories/mlb-uniform-tracker-2026
mlb,2026,2026-08-06,mlb-2026-08-06-nationals-phillies,Philadelphia Phillies,Washington Nationals,Powder Blue,Road Gray,,,,,7,3,confirmed,,content/posts/mlb-uniform-tracker-2026.md,https://www.colorwaysports.com/stories/mlb-uniform-tracker-2026
mlb,2026,2026-08-06,mlb-2026-08-06-padres-diamondbacks,Arizona Diamondbacks,San Diego Padres,Home White,Brown Alternate,,,,,1,5,confirmed,,content/posts/mlb-uniform-tracker-2026.md,https://www.colorwaysports.com/stories/mlb-uniform-tracker-2026
mlb,2026,2026-08-06,mlb-2026-08-06-pirates-brewers,Milwaukee Brewers,Pittsburgh Pirates,Home Cream,Black Alternate,,,,,5,2,confirmed,,content/posts/mlb-uniform-tracker-2026.md,https://www.colorwaysports.com/stories/mlb-uniform-tracker-2026
mlb,2026,2026-08-06,mlb-2026-08-06-tigers-mariners,Seattle Mariners,Detroit Tigers,Home White,Navy Alternate,,,,,0,11,confirmed,,content/posts/mlb-uniform-tracker-2026.md,https://www.colorwaysports.com/stories/mlb-uniform-tracker-2026
mlb,2026,2026-08-06,mlb-2026-08-06-twins-royals,Kansas City Royals,Minnesota Twins,Home White,Navy Alternate,,,,,3,4,confirmed,,content/posts/mlb-uniform-tracker-2026.md,https://www.colorwaysports.com/stories/mlb-uniform-tracker-2026
mlb,2026,2026-08-06,mlb-2026-08-06-white-sox-red-sox,Boston Red Sox,Chicago White Sox,Home White,Black Alternate,,,,,12,11,confirmed,,content/posts/mlb-uniform-tracker-2026.md,https://www.colorwaysports.com/stories/mlb-uniform-tracker-2026
mlb,2026,2026-08-07,mlb-2026-08-07-angels-marlins,Miami Marlins,Los Angeles Angels,Retro Wave City Connect,Red Alternate,,,,,3,4,confirmed,,content/posts/mlb-uniform-tracker-2026.md,https://www.colorwaysports.com/stories/mlb-uniform-tracker-2026
mlb,2026,2026-08-07,mlb-2026-08-07-astros-padres,San Diego Padres,Houston Astros,Navy City Connect,Road Gray,,,,,3,6,confirmed,,content/posts/mlb-uniform-tracker-2026.md,https://www.colorwaysports.com/stories/mlb-uniform-tracker-2026
mlb,2026,2026-08-07,mlb-2026-08-07-athletics-red-sox,Boston Red Sox,Athletics,Green City Connect,Road Gray,,,,,13,1,confirmed,,content/posts/mlb-uniform-tracker-2026.md,https://www.colorwaysports.com/stories/mlb-uniform-tracker-2026
mlb,2026,2026-08-07,mlb-2026-08-07-blue-jays-phillies,Philadelphia Phillies,Toronto Blue Jays,Home White Pinstripes,Road Gray,,,,,4,5,confirmed,,content/posts/mlb-uniform-tracker-2026.md,https://www.colorwaysports.com/stories/mlb-uniform-tracker-2026
mlb,2026,2026-08-07,mlb-2026-08-07-braves-yankees,New York Yankees,Atlanta Braves,Home White Pinstripes,Road Gray,,,,,3,2,confirmed,,content/posts/mlb-uniform-tracker-2026.md,https://www.colorwaysports.com/stories/mlb-uniform-tracker-2026
mlb,2026,2026-08-07,mlb-2026-08-07-cubs-royals,Kansas City Royals,Chicago Cubs,White City Connect,Road Gray,,,,,4,6,confirmed,,content/posts/mlb-uniform-tracker-2026.md,https://www.colorwaysports.com/stories/mlb-uniform-tracker-2026
mlb,2026,2026-08-07,mlb-2026-08-07-dodgers-diamondbacks,Arizona Diamondbacks,Los Angeles Dodgers,Purple City Connect,Road Gray,,,,,4,3,confirmed,,content/posts/mlb-uniform-tracker-2026.md,https://www.colorwaysports.com/stories/mlb-uniform-tracker-2026
mlb,2026,2026-08-07,mlb-2026-08-07-guardians-white-sox,Chicago White Sox,Cleveland Guardians,Red City Connect,Road Gray,,,,,2,8,confirmed,,content/posts/mlb-uniform-tracker-2026.md,https://www.colorwaysports.com/stories/mlb-uniform-tracker-2026
mlb,2026,2026-08-07,mlb-2026-08-07-mets-pirates,Pittsburgh Pirates,New York Mets,Black City Connect,Road Gray,,,,,4,6,confirmed,,content/posts/mlb-uniform-tracker-2026.md,https://www.colorwaysports.com/stories/mlb-uniform-tracker-2026
mlb,2026,2026-08-07,mlb-2026-08-07-orioles-rangers,Texas Rangers,Baltimore Orioles,Tejas City Connect,Road Gray,,,,,2,1,confirmed,,content/posts/mlb-uniform-tracker-2026.md,https://www.colorwaysports.com/stories/mlb-uniform-tracker-2026
mlb,2026,2026-08-07,mlb-2026-08-07-rays-mariners,Seattle Mariners,Tampa Bay Rays,City Connect,Navy Alternate,,,,,1,2,confirmed,,content/posts/mlb-uniform-tracker-2026.md,https://www.colorwaysports.com/stories/mlb-uniform-tracker-2026
mlb,2026,2026-08-07,mlb-2026-08-07-reds-nationals,Washington Nationals,Cincinnati Reds,Navy Alternate,Road Gray,,,,,5,3,confirmed,,content/posts/mlb-uniform-tracker-2026.md,https://www.colorwaysports.com/stories/mlb-uniform-tracker-2026
mlb,2026,2026-08-07,mlb-2026-08-07-rockies-cardinals,St. Louis Cardinals,Colorado Rockies,The Lou City Connect,Road Gray,,,,,3,2,confirmed,,content/posts/mlb-uniform-tracker-2026.md,https://www.colorwaysports.com/stories/mlb-uniform-tracker-2026
mlb,2026,2026-08-07,mlb-2026-08-07-tigers-giants,San Francisco Giants,Detroit Tigers,Orange Friday Alternate,Road Gray,,,,,5,2,confirmed,,content/posts/mlb-uniform-tracker-2026.md,https://www.colorwaysports.com/stories/mlb-uniform-tracker-2026
mlb,2026,2026-08-07,mlb-2026-08-07-twins-brewers,Milwaukee Brewers,Minnesota Twins,Wisco City Connect,Road Gray,,,,,6,8,confirmed,,content/posts/mlb-uniform-tracker-2026.md,https://www.colorwaysports.com/stories/mlb-uniform-tracker-2026
mlb,2026,2026-08-08,mlb-2026-08-08-angels-marlins,Miami Marlins,Los Angeles Angels,Home White,Red Alternate,,,,,7,0,confirmed,,content/posts/mlb-uniform-tracker-2026.md,https://www.colorwaysports.com/stories/mlb-uniform-tracker-2026
mlb,2026,2026-08-08,mlb-2026-08-08-astros-padres,San Diego Padres,Houston Astros,Home White,Road Gray,,,,,3,2,confirmed,,content/posts/mlb-uniform-tracker-2026.md,https://www.colorwaysports.com/stories/mlb-uniform-tracker-2026
mlb,2026,2026-08-08,mlb-2026-08-08-athletics-red-sox,Boston Red Sox,Athletics,Home White,Road Gray,,,,,3,7,confirmed,,content/posts/mlb-uniform-tracker-2026.md,https://www.colorwaysports.com/stories/mlb-uniform-tracker-2026
mlb,2026,2026-08-08,mlb-2026-08-08-blue-jays-phillies,Philadelphia Phillies,Toronto Blue Jays,Home White Pinstripes,Road Gray,,,,,5,7,confirmed,,content/posts/mlb-uniform-tracker-2026.md,https://www.colorwaysports.com/stories/mlb-uniform-tracker-2026
mlb,2026,2026-08-08,mlb-2026-08-08-braves-yankees,New York Yankees,Atlanta Braves,Home White Pinstripes,Navy Alternate,,,,,5,4,confirmed,,content/posts/mlb-uniform-tracker-2026.md,https://www.colorwaysports.com/stories/mlb-uniform-tracker-2026
mlb,2026,2026-08-08,mlb-2026-08-08-cubs-royals,Kansas City Royals,Chicago Cubs,Powder Blue Alternate,Road Gray,,,,,6,3,confirmed,,content/posts/mlb-uniform-tracker-2026.md,https://www.colorwaysports.com/stories/mlb-uniform-tracker-2026
mlb,2026,2026-08-08,mlb-2026-08-08-dodgers-diamondbacks,Arizona Diamondbacks,Los Angeles Dodgers,Black Alternate,Blue Alternate,,,,,1,2,confirmed,,content/posts/mlb-uniform-tracker-2026.md,https://www.colorwaysports.com/stories/mlb-uniform-tracker-2026
mlb,2026,2026-08-08,mlb-2026-08-08-guardians-white-sox,Chicago White Sox,Cleveland Guardians,Home White Pinstripes,Road Gray,,,,,6,3,confirmed,,content/posts/mlb-uniform-tracker-2026.md,https://www.colorwaysports.com/stories/mlb-uniform-tracker-2026
mlb,2026,2026-08-08,mlb-2026-08-08-mets-pirates,Pittsburgh Pirates,New York Mets,Black Alternate,Road Gray,,,,,9,0,confirmed,,content/posts/mlb-uniform-tracker-2026.md,https://www.colorwaysports.com/stories/mlb-uniform-tracker-2026
mlb,2026,2026-08-08,mlb-2026-08-08-orioles-rangers,Texas Rangers,Baltimore Orioles,Home White,Black Alternate,,,,,5,1,confirmed,,content/posts/mlb-uniform-tracker-2026.md,https://www.colorwaysports.com/stories/mlb-uniform-tracker-2026
mlb,2026,2026-08-08,mlb-2026-08-08-rays-mariners,Seattle Mariners,Tampa Bay Rays,Home White,Navy Alternate,,,,,2,3,confirmed,,content/posts/mlb-uniform-tracker-2026.md,https://www.colorwaysports.com/stories/mlb-uniform-tracker-2026
mlb,2026,2026-08-08,mlb-2026-08-08-reds-nationals,Washington Nationals,Cincinnati Reds,City Connect,Road Gray,,,,,8,2,confirmed,,content/posts/mlb-uniform-tracker-2026.md,https://www.colorwaysports.com/stories/mlb-uniform-tracker-2026
mlb,2026,2026-08-08,mlb-2026-08-08-rockies-cardinals,St. Louis Cardinals,Colorado Rockies,Cream Alternate,Purple Alternate,,,,,6,8,confirmed,,content/posts/mlb-uniform-tracker-2026.md,https://www.colorwaysports.com/stories/mlb-uniform-tracker-2026
mlb,2026,2026-08-08,mlb-2026-08-08-tigers-giants,San Francisco Giants,Detroit Tigers,Gigantes,Road Gray,,,,,0,8,confirmed,,content/posts/mlb-uniform-tracker-2026.md,https://www.colorwaysports.com/stories/mlb-uniform-tracker-2026
mlb,2026,2026-08-08,mlb-2026-08-08-twins-brewers,Milwaukee Brewers,Minnesota Twins,Home White Pinstripes,Navy Alternate,,,,,4,3,confirmed,,content/posts/mlb-uniform-tracker-2026.md,https://www.colorwaysports.com/stories/mlb-uniform-tracker-2026
mlb,2026,2026-08-09,mlb-2026-08-09-angels-marlins,Miami Marlins,Los Angeles Angels,Teal Throwback,Red Alternate,,,,,12,3,confirmed,,content/posts/mlb-uniform-tracker-2026.md,https://www.colorwaysports.com/stories/mlb-uniform-tracker-2026
mlb,2026,2026-08-09,mlb-2026-08-09-astros-padres,San Diego Padres,Houston Astros,Camouflage Alternate,Orange Alternate,,,,,7,2,confirmed,,content/posts/mlb-uniform-tracker-2026.md,https://www.colorwaysports.com/stories/mlb-uniform-tracker-2026
mlb,2026,2026-08-09,mlb-2026-08-09-athletics-red-sox,Boston Red Sox,Athletics,Home White,Road Gray,,,,,3,4,confirmed,,content/posts/mlb-uniform-tracker-2026.md,https://www.colorwaysports.com/stories/mlb-uniform-tracker-2026
mlb,2026,2026-08-09,mlb-2026-08-09-blue-jays-phillies,Philadelphia Phillies,Toronto Blue Jays,Cream Alternate,Road Gray,,,,,7,6,confirmed,,content/posts/mlb-uniform-tracker-2026.md,https://www.colorwaysports.com/stories/mlb-uniform-tracker-2026
mlb,2026,2026-08-09,mlb-2026-08-09-braves-yankees,New York Yankees,Atlanta Braves,Home White Pinstripes,Road Gray,,,,,1,2,confirmed,,content/posts/mlb-uniform-tracker-2026.md,https://www.colorwaysports.com/stories/mlb-uniform-tracker-2026
mlb,2026,2026-08-09,mlb-2026-08-09-cubs-royals,Kansas City Royals,Chicago Cubs,Powder Blue Alternate,Road Gray,,,,,2,10,confirmed,,content/posts/mlb-uniform-tracker-2026.md,https://www.colorwaysports.com/stories/mlb-uniform-tracker-2026
mlb,2026,2026-08-09,mlb-2026-08-09-dodgers-diamondbacks,Arizona Diamondbacks,Los Angeles Dodgers,Home White,Blue Alternate,,,,,4,2,confirmed,,content/posts/mlb-uniform-tracker-2026.md,https://www.colorwaysports.com/stories/mlb-uniform-tracker-2026
mlb,2026,2026-08-09,mlb-2026-08-09-guardians-white-sox,Chicago White Sox,Cleveland Guardians,Home White Pinstripes,Navy Alternate,,,,,5,3,confirmed,,content/posts/mlb-uniform-tracker-2026.md,https://www.colorwaysports.com/stories/mlb-uniform-tracker-2026
mlb,2026,2026-08-09,mlb-2026-08-09-mets-pirates,Pittsburgh Pirates,New York Mets,Black Alternate,Road Gray,,,,,1,11,confirmed,,content/posts/mlb-uniform-tracker-2026.md,https://www.colorwaysports.com/stories/mlb-uniform-tracker-2026
mlb,2026,2026-08-09,mlb-2026-08-09-orioles-rangers,Texas Rangers,Baltimore Orioles,Powder Blue Alternate,Orange Alternate,,,,,5,10,confirmed,,content/posts/mlb-uniform-tracker-2026.md,https://www.colorwaysports.com/stories/mlb-uniform-tracker-2026
mlb,2026,2026-08-09,mlb-2026-08-09-rays-mariners,Seattle Mariners,Tampa Bay Rays,Steelheads Throwback,Navy Alternate,,,,,1,4,confirmed,,content/posts/mlb-uniform-tracker-2026.md,https://www.colorwaysports.com/stories/mlb-uniform-tracker-2026
mlb,2026,2026-08-09,mlb-2026-08-09-reds-nationals,Washington Nationals,Cincinnati Reds,Red Alternate,Road Gray,,,,,7,1,confirmed,,content/posts/mlb-uniform-tracker-2026.md,https://www.colorwaysports.com/stories/mlb-uniform-tracker-2026
mlb,2026,2026-08-09,mlb-2026-08-09-rockies-cardinals,St. Louis Cardinals,Colorado Rockies,Home White,Road Gray,,,,,7,4,confirmed,,content/posts/mlb-uniform-tracker-2026.md,https://www.colorwaysports.com/stories/mlb-uniform-tracker-2026
mlb,2026,2026-08-09,mlb-2026-08-09-tigers-giants,San Francisco Giants,Detroit Tigers,Home Cream,Navy Alternate,,,,,1,3,confirmed,,content/posts/mlb-uniform-tracker-2026.md,https://www.colorwaysports.com/stories/mlb-uniform-tracker-2026
mlb,2026,2026-08-09,mlb-2026-08-09-twins-brewers,Milwaukee Brewers,Minnesota Twins,Home White Pinstripes,Road Gray,,,,,4,3,confirmed,,content/posts/mlb-uniform-tracker-2026.md,https://www.colorwaysports.com/stories/mlb-uniform-tracker-2026
mlb,2026,2026-08-10,mlb-2026-08-10-astros-giants,San Francisco Giants,Houston Astros,Home Cream,Road Gray,,,,,3,6,confirmed,,content/posts/mlb-uniform-tracker-2026.md,https://www.colorwaysports.com/stories/mlb-uniform-tracker-2026
mlb,2026,2026-08-10,mlb-2026-08-10-brewers-padres,San Diego Padres,Milwaukee Brewers,Home White,Powder Blue Alternate,,,,,3,2,confirmed,,content/posts/mlb-uniform-tracker-2026.md,https://www.colorwaysports.com/stories/mlb-uniform-tracker-2026
mlb,2026,2026-08-10,mlb-2026-08-10-mets-braves,Atlanta Braves,New York Mets,Home White,Road Gray,,,,,5,8,confirmed,,content/posts/mlb-uniform-tracker-2026.md,https://www.colorwaysports.com/stories/mlb-uniform-tracker-2026
mlb,2026,2026-08-10,mlb-2026-08-10-orioles-twins,Minnesota Twins,Baltimore Orioles,Home White,Orange Alternate,,,,,9,5,confirmed,,content/posts/mlb-uniform-tracker-2026.md,https://www.colorwaysports.com/stories/mlb-uniform-tracker-2026
mlb,2026,2026-08-10,mlb-2026-08-10-phillies-cardinals,St. Louis Cardinals,Philadelphia Phillies,Home White,Road Gray,,,,,5,6,confirmed,,content/posts/mlb-uniform-tracker-2026.md,https://www.colorwaysports.com/stories/mlb-uniform-tracker-2026
mlb,2026,2026-08-10,mlb-2026-08-10-rangers-angels,Los Angeles Angels,Texas Rangers,Home White,Road Gray,,,,,1,4,confirmed,,content/posts/mlb-uniform-tracker-2026.md,https://www.colorwaysports.com/stories/mlb-uniform-tracker-2026
mlb,2026,2026-08-10,mlb-2026-08-10-rays-athletics,Athletics,Tampa Bay Rays,Home White,Navy Alternate,,,,,6,10,confirmed,,content/posts/mlb-uniform-tracker-2026.md,https://www.colorwaysports.com/stories/mlb-uniform-tracker-2026
mlb,2026,2026-08-10,mlb-2026-08-10-red-sox-blue-jays,Toronto Blue Jays,Boston Red Sox,Home White,Road Gray,,,,,2,1,confirmed,,content/posts/mlb-uniform-tracker-2026.md,https://www.colorwaysports.com/stories/mlb-uniform-tracker-2026
mlb,2026,2026-08-10,mlb-2026-08-10-rockies-diamondbacks,Arizona Diamondbacks,Colorado Rockies,Black Alternate,Road Gray,,,,,9,0,confirmed,,content/posts/mlb-uniform-tracker-2026.md,https://www.colorwaysports.com/stories/mlb-uniform-tracker-2026
mlb,2026,2026-08-10,mlb-2026-08-10-royals-dodgers,Los Angeles Dodgers,Kansas City Royals,Home White,Road Gray,,,,,6,5,confirmed,,content/posts/mlb-uniform-tracker-2026.md,https://www.colorwaysports.com/stories/mlb-uniform-tracker-2026
mlb,2026,2026-08-11,mlb-2026-08-11-astros-giants,San Francisco Giants,Houston Astros,Black City Connect,Road Gray,,,,,4,1,confirmed,,content/posts/mlb-uniform-tracker-2026.md,https://www.colorwaysports.com/stories/mlb-uniform-tracker-2026
mlb,2026,2026-08-11,mlb-2026-08-11-brewers-padres,San Diego Padres,Milwaukee Brewers,Home White,Powder Blue Alternate,,,,,11,2,confirmed,,content/posts/mlb-uniform-tracker-2026.md,https://www.colorwaysports.com/stories/mlb-uniform-tracker-2026
mlb,2026,2026-08-11,mlb-2026-08-11-cubs-nationals,Washington Nationals,Chicago Cubs,Home White,Road Gray,,,,,6,8,confirmed,,content/posts/mlb-uniform-tracker-2026.md,https://www.colorwaysports.com/stories/mlb-uniform-tracker-2026
mlb,2026,2026-08-11,mlb-2026-08-11-guardians-tigers,Detroit Tigers,Cleveland Guardians,Home White,Road Gray,,,,,6,4,confirmed,,content/posts/mlb-uniform-tracker-2026.md,https://www.colorwaysports.com/stories/mlb-uniform-tracker-2026
mlb,2026,2026-08-11,mlb-2026-08-11-mariners-yankees,New York Yankees,Seattle Mariners,Home White Pinstripes,Navy Alternate,,,,,4,1,confirmed,,content/posts/mlb-uniform-tracker-2026.md,https://www.colorwaysports.com/stories/mlb-uniform-tracker-2026
mlb,2026,2026-08-11,mlb-2026-08-11-mets-braves,Atlanta Braves,New York Mets,Home White,Road Gray,,,,,4,0,confirmed,,content/posts/mlb-uniform-tracker-2026.md,https://www.colorwaysports.com/stories/mlb-uniform-tracker-2026
mlb,2026,2026-08-11,mlb-2026-08-11-orioles-twins,Minnesota Twins,Baltimore Orioles,Navy Alternate,Road Gray,,,,,2,5,confirmed,,content/posts/mlb-uniform-tracker-2026.md,https://www.colorwaysports.com/stories/mlb-uniform-tracker-2026
mlb,2026,2026-08-11,mlb-2026-08-11-phillies-cardinals,St. Louis Cardinals,Philadelphia Phillies,Home White,Road Gray,,,,,2,0,confirmed,,content/posts/mlb-uniform-tracker-2026.md,https://www.colorwaysports.com/stories/mlb-uniform-tracker-2026
mlb,2026,2026-08-11,mlb-2026-08-11-pirates-marlins,Miami Marlins,Pittsburgh Pirates,Black Alternate,Road Gray,,,,,2,0,confirmed,,content/posts/mlb-uniform-tracker-2026.md,https://www.colorwaysports.com/stories/mlb-uniform-tracker-2026
mlb,2026,2026-08-11,mlb-2026-08-11-rangers-angels,Los Angeles Angels,Texas Rangers,Home White,Road Gray,,,,,3,2,confirmed,,content/posts/mlb-uniform-tracker-2026.md,https://www.colorwaysports.com/stories/mlb-uniform-tracker-2026
mlb,2026,2026-08-11,mlb-2026-08-11-rays-athletics,Athletics,Tampa Bay Rays,Green Alternate,Navy Alternate,,,,,4,12,confirmed,,content/posts/mlb-uniform-tracker-2026.md,https://www.colorwaysports.com/stories/mlb-uniform-tracker-2026
mlb,2026,2026-08-11,mlb-2026-08-11-red-sox-blue-jays,Toronto Blue Jays,Boston Red Sox,Home White,Road Gray,,,,,5,3,confirmed,,content/posts/mlb-uniform-tracker-2026.md,https://www.colorwaysports.com/stories/mlb-uniform-tracker-2026
mlb,2026,2026-08-11,mlb-2026-08-11-reds-white-sox,Chicago White Sox,Cincinnati Reds,Home White,Road Gray,,,,,4,5,confirmed,,content/posts/mlb-uniform-tracker-2026.md,https://www.colorwaysports.com/stories/mlb-uniform-tracker-2026
mlb,2026,2026-08-11,mlb-2026-08-11-rockies-diamondbacks,Arizona Diamondbacks,Colorado Rockies,Sedona Red Alternate,Purple Alternate,,,,,2,3,confirmed,,content/posts/mlb-uniform-tracker-2026.md,https://www.colorwaysports.com/stories/mlb-uniform-tracker-2026
mlb,2026,2026-08-11,mlb-2026-08-11-royals-dodgers,Los Angeles Dodgers,Kansas City Royals,Home White,Powder Blue Alternate,,,,,5,4,confirmed,,content/posts/mlb-uniform-tracker-2026.md,https://www.colorwaysports.com/stories/mlb-uniform-tracker-2026
mlb,2026,2026-08-12,mlb-2026-08-12-astros-giants,San Francisco Giants,Houston Astros,Home Cream,Orange Alternate,,,,,1,2,confirmed,,content/posts/mlb-uniform-tracker-2026.md,https://www.colorwaysports.com/stories/mlb-uniform-tracker-2026
mlb,2026,2026-08-12,mlb-2026-08-12-brewers-padres,San Diego Padres,Milwaukee Brewers,Home White,Navy Alternate,,,,,4,3,confirmed,,content/posts/mlb-uniform-tracker-2026.md,https://www.colorwaysports.com/stories/mlb-uniform-tracker-2026
mlb,2026,2026-08-12,mlb-2026-08-12-cubs-nationals,Washington Nationals,Chicago Cubs,Home White,Road Gray,,,,,6,12,confirmed,,content/posts/mlb-uniform-tracker-2026.md,https://www.colorwaysports.com/stories/mlb-uniform-tracker-2026
mlb,2026,2026-08-12,mlb-2026-08-12-guardians-tigers,Detroit Tigers,Cleveland Guardians,Home White,Navy Alternate,,,,,4,6,confirmed,,content/posts/mlb-uniform-tracker-2026.md,https://www.colorwaysports.com/stories/mlb-uniform-tracker-2026
mlb,2026,2026-08-12,mlb-2026-08-12-mariners-yankees,New York Yankees,Seattle Mariners,Home White Pinstripes,Northwest Green Alternate,,,,,10,5,confirmed,,content/posts/mlb-uniform-tracker-2026.md,https://www.colorwaysports.com/stories/mlb-uniform-tracker-2026
mlb,2026,2026-08-12,mlb-2026-08-12-mets-braves,Atlanta Braves,New York Mets,Home White,Road Gray,,,,,6,3,confirmed,,content/posts/mlb-uniform-tracker-2026.md,https://www.colorwaysports.com/stories/mlb-uniform-tracker-2026
mlb,2026,2026-08-12,mlb-2026-08-12-orioles-twins,Minnesota Twins,Baltimore Orioles,Navy Alternate,Road Gray,,,,,7,5,confirmed,,content/posts/mlb-uniform-tracker-2026.md,https://www.colorwaysports.com/stories/mlb-uniform-tracker-2026
mlb,2026,2026-08-12,mlb-2026-08-12-phillies-cardinals,St. Louis Cardinals,Philadelphia Phillies,Home White,Road Gray,,,,,7,1,confirmed,,content/posts/mlb-uniform-tracker-2026.md,https://www.colorwaysports.com/stories/mlb-uniform-tracker-2026
mlb,2026,2026-08-12,mlb-2026-08-12-pirates-marlins,Miami Marlins,Pittsburgh Pirates,Home White,Black Alternate,,,,,8,2,confirmed,,content/posts/mlb-uniform-tracker-2026.md,https://www.colorwaysports.com/stories/mlb-uniform-tracker-2026
mlb,2026,2026-08-12,mlb-2026-08-12-rangers-angels,Los Angeles Angels,Texas Rangers,Home White,Royal Blue Alternate,,,,,5,2,confirmed,,content/posts/mlb-uniform-tracker-2026.md,https://www.colorwaysports.com/stories/mlb-uniform-tracker-2026
mlb,2026,2026-08-12,mlb-2026-08-12-rays-athletics,Athletics,Tampa Bay Rays,Home White,Navy Alternate,,,,,4,8,confirmed,,content/posts/mlb-uniform-tracker-2026.md,https://www.colorwaysports.com/stories/mlb-uniform-tracker-2026
mlb,2026,2026-08-12,mlb-2026-08-12-red-sox-blue-jays,Toronto Blue Jays,Boston Red Sox,Home White,Road Gray,,,,,6,4,confirmed,,content/posts/mlb-uniform-tracker-2026.md,https://www.colorwaysports.com/stories/mlb-uniform-tracker-2026
mlb,2026,2026-08-12,mlb-2026-08-12-reds-white-sox,Chicago White Sox,Cincinnati Reds,Home White,Road Gray,,,,,5,0,confirmed,,content/posts/mlb-uniform-tracker-2026.md,https://www.colorwaysports.com/stories/mlb-uniform-tracker-2026
mlb,2026,2026-08-12,mlb-2026-08-12-rockies-diamondbacks,Arizona Diamondbacks,Colorado Rockies,Home White,Purple Alternate,,,,,4,6,confirmed,,content/posts/mlb-uniform-tracker-2026.md,https://www.colorwaysports.com/stories/mlb-uniform-tracker-2026
mlb,2026,2026-08-12,mlb-2026-08-12-royals-dodgers,Los Angeles Dodgers,Kansas City Royals,Home White,Powder Blue Alternate,,,,,4,2,confirmed,,content/posts/mlb-uniform-tracker-2026.md,https://www.colorwaysports.com/stories/mlb-uniform-tracker-2026
mlb,2026,2026-08-13,mlb-2026-08-13-brewers-dodgers,Los Angeles Dodgers,Milwaukee Brewers,Home White,Powder Blue Alternate,,,,,4,5,confirmed,,content/posts/mlb-uniform-tracker-2026.md,https://www.colorwaysports.com/stories/mlb-uniform-tracker-2026
mlb,2026,2026-08-13,mlb-2026-08-13-cubs-nationals,Washington Nationals,Chicago Cubs,Navy Alternate,Road Gray,,,,,7,0,confirmed,,content/posts/mlb-uniform-tracker-2026.md,https://www.colorwaysports.com/stories/mlb-uniform-tracker-2026
mlb,2026,2026-08-13,mlb-2026-08-13-guardians-tigers,Detroit Tigers,Cleveland Guardians,Home White,Navy Alternate,,,,,3,0,confirmed,,content/posts/mlb-uniform-tracker-2026.md,https://www.colorwaysports.com/stories/mlb-uniform-tracker-2026
mlb,2026,2026-08-13,mlb-2026-08-13-mariners-yankees,New York Yankees,Seattle Mariners,Home White Pinstripes,Navy Alternate,,,,,0,1,confirmed,,content/posts/mlb-uniform-tracker-2026.md,https://www.colorwaysports.com/stories/mlb-uniform-tracker-2026
mlb,2026,2026-08-13,mlb-2026-08-13-phillies-twins,Minnesota Twins,Philadelphia Phillies,Field of Dreams Cream,Field of Dreams Gray,,,,,1,7,confirmed,8.5/10,content/posts/mlb-uniform-tracker-2026.md,https://www.colorwaysports.com/stories/mlb-uniform-tracker-2026
mlb,2026,2026-08-13,mlb-2026-08-13-pirates-marlins,Miami Marlins,Pittsburgh Pirates,Home White,Black Alternate,,,,,1,13,confirmed,,content/posts/mlb-uniform-tracker-2026.md,https://www.colorwaysports.com/stories/mlb-uniform-tracker-2026
mlb,2026,2026-08-13,mlb-2026-08-13-rangers-angels,Los Angeles Angels,Texas Rangers,Home White,Road Gray,,,,,7,0,confirmed,,content/posts/mlb-uniform-tracker-2026.md,https://www.colorwaysports.com/stories/mlb-uniform-tracker-2026
mlb,2026,2026-08-13,mlb-2026-08-13-red-sox-blue-jays,Toronto Blue Jays,Boston Red Sox,Home White,Road Gray,,,,,0,7,confirmed,,content/posts/mlb-uniform-tracker-2026.md,https://www.colorwaysports.com/stories/mlb-uniform-tracker-2026
mlb,2026,2026-08-13,mlb-2026-08-13-reds-white-sox,Chicago White Sox,Cincinnati Reds,Home White,Red Script Alternate,,,,,8,9,confirmed,,content/posts/mlb-uniform-tracker-2026.md,https://www.colorwaysports.com/stories/mlb-uniform-tracker-2026
mlb,2026,2026-08-14,mlb-2026-08-14-brewers-dodgers,Los Angeles Dodgers,Milwaukee Brewers,Home White,Powder Blue Alternate,,,,,3,1,confirmed,,content/posts/mlb-uniform-tracker-2026.md,https://www.colorwaysports.com/stories/mlb-uniform-tracker-2026
mlb,2026,2026-08-14,mlb-2026-08-14-cardinals-cubs,Chicago Cubs,St. Louis Cardinals,Light Blue Alternate,Road Gray,,,,,3,0,confirmed,,content/posts/mlb-uniform-tracker-2026.md,https://www.colorwaysports.com/stories/mlb-uniform-tracker-2026
mlb,2026,2026-08-14,mlb-2026-08-14-diamondbacks-braves,Atlanta Braves,Arizona Diamondbacks,Red Alternate,Black Alternate,,,,,0,2,confirmed,,content/posts/mlb-uniform-tracker-2026.md,https://www.colorwaysports.com/stories/mlb-uniform-tracker-2026
mlb,2026,2026-08-14,mlb-2026-08-14-mariners-astros,Houston Astros,Seattle Mariners,Orange Alternate,Navy Alternate,,,,,,,confirmed,,content/posts/mlb-uniform-tracker-2026.md,https://www.colorwaysports.com/stories/mlb-uniform-tracker-2026
mlb,2026,2026-08-14,mlb-2026-08-14-marlins-reds,Cincinnati Reds,Miami Marlins,Black City Connect,Road Gray,,,,,1,0,confirmed,,content/posts/mlb-uniform-tracker-2026.md,https://www.colorwaysports.com/stories/mlb-uniform-tracker-2026
mlb,2026,2026-08-14,mlb-2026-08-14-nationals-mets,New York Mets,Washington Nationals,Black Alternate,Road Gray,,,,,4,1,confirmed,,content/posts/mlb-uniform-tracker-2026.md,https://www.colorwaysports.com/stories/mlb-uniform-tracker-2026
mlb,2026,2026-08-14,mlb-2026-08-14-orioles-rays,Tampa Bay Rays,Baltimore Orioles,Devil Rays Throwback,Road Gray,,,,,,,confirmed,,content/posts/mlb-uniform-tracker-2026.md,https://www.colorwaysports.com/stories/mlb-uniform-tracker-2026
mlb,2026,2026-08-14,mlb-2026-08-14-padres-guardians,Cleveland Guardians,San Diego Padres,Navy City Connect,Khaki Road,,,,,,,confirmed,,content/posts/mlb-uniform-tracker-2026.md,https://www.colorwaysports.com/stories/mlb-uniform-tracker-2026
mlb,2026,2026-08-14,mlb-2026-08-14-rangers-athletics,Athletics,Texas Rangers,Green Alternate,Road Gray,,,,,8,3,confirmed,,content/posts/mlb-uniform-tracker-2026.md,https://www.colorwaysports.com/stories/mlb-uniform-tracker-2026
mlb,2026,2026-08-14,mlb-2026-08-14-red-sox-pirates,Pittsburgh Pirates,Boston Red Sox,Black City Connect,Red Alternate,,,,,8,4,confirmed,,content/posts/mlb-uniform-tracker-2026.md,https://www.colorwaysports.com/stories/mlb-uniform-tracker-2026
mlb,2026,2026-08-14,mlb-2026-08-14-rockies-giants,San Francisco Giants,Colorado Rockies,Orange Friday Alternate,Purple Alternate,,,,,2,5,confirmed,8.5/10,content/posts/mlb-uniform-tracker-2026.md,https://www.colorwaysports.com/stories/mlb-uniform-tracker-2026
mlb,2026,2026-08-14,mlb-2026-08-14-royals-angels,Los Angeles Angels,Kansas City Royals,Home White,Road Gray,,,,,,,confirmed,,content/posts/mlb-uniform-tracker-2026.md,https://www.colorwaysports.com/stories/mlb-uniform-tracker-2026
mlb,2026,2026-08-14,mlb-2026-08-14-white-sox-tigers,Detroit Tigers,Chicago White Sox,Orange Alternate,Black Alternate,,,,,5,9,confirmed,,content/posts/mlb-uniform-tracker-2026.md,https://www.colorwaysports.com/stories/mlb-uniform-tracker-2026
mlb,2026,2026-08-14,mlb-2026-08-14-yankees-blue-jays,Toronto Blue Jays,New York Yankees,Navy City Connect,Road Gray,,,,,3,1,confirmed,,content/posts/mlb-uniform-tracker-2026.md,https://www.colorwaysports.com/stories/mlb-uniform-tracker-2026
mlb,2026,2026-08-15,mlb-2026-08-15-brewers-dodgers,Los Angeles Dodgers,Milwaukee Brewers,Cream City Connect,Navy Alternate,,,,,1,4,confirmed,,content/posts/mlb-uniform-tracker-2026.md,https://www.colorwaysports.com/stories/mlb-uniform-tracker-2026
mlb,2026,2026-08-15,mlb-2026-08-15-cardinals-cubs,Chicago Cubs,St. Louis Cardinals,Home White Pinstripes,Powder Blue,,,,,4,8,confirmed,,content/posts/mlb-uniform-tracker-2026.md,https://www.colorwaysports.com/stories/mlb-uniform-tracker-2026
mlb,2026,2026-08-15,mlb-2026-08-15-diamondbacks-braves,Atlanta Braves,Arizona Diamondbacks,Light Blue City Connect,Sedona Red Alternate,,,,,3,10,confirmed,,content/posts/mlb-uniform-tracker-2026.md,https://www.colorwaysports.com/stories/mlb-uniform-tracker-2026
mlb,2026,2026-08-15,mlb-2026-08-15-mariners-astros,Houston Astros,Seattle Mariners,Home White,Navy Alternate,,,,,5,10,confirmed,,content/posts/mlb-uniform-tracker-2026.md,https://www.colorwaysports.com/stories/mlb-uniform-tracker-2026
mlb,2026,2026-08-15,mlb-2026-08-15-marlins-reds,Cincinnati Reds,Miami Marlins,Red City Connect,Black Alternate,,,,,4,8,confirmed,,content/posts/mlb-uniform-tracker-2026.md,https://www.colorwaysports.com/stories/mlb-uniform-tracker-2026
mlb,2026,2026-08-15,mlb-2026-08-15-nationals-mets,New York Mets,Washington Nationals,NYC City Connect,Road Gray,,,,,5,4,confirmed,,content/posts/mlb-uniform-tracker-2026.md,https://www.colorwaysports.com/stories/mlb-uniform-tracker-2026
mlb,2026,2026-08-15,mlb-2026-08-15-orioles-rays,Tampa Bay Rays,Baltimore Orioles,City Connect,Road Gray,,,,,3,4,confirmed,,content/posts/mlb-uniform-tracker-2026.md,https://www.colorwaysports.com/stories/mlb-uniform-tracker-2026
mlb,2026,2026-08-15,mlb-2026-08-15-padres-guardians,Cleveland Guardians,San Diego Padres,Home White,Khaki Road,,,,,6,1,confirmed,,content/posts/mlb-uniform-tracker-2026.md,https://www.colorwaysports.com/stories/mlb-uniform-tracker-2026
mlb,2026,2026-08-15,mlb-2026-08-15-phillies-twins,Minnesota Twins,Philadelphia Phillies,Cream Twin Cities,Road Gray,,,,,1,9,confirmed,,content/posts/mlb-uniform-tracker-2026.md,https://www.colorwaysports.com/stories/mlb-uniform-tracker-2026
mlb,2026,2026-08-15,mlb-2026-08-15-rangers-athletics,Athletics,Texas Rangers,Gold Sacramento Alternate,Road Gray,,,,,3,5,confirmed,,content/posts/mlb-uniform-tracker-2026.md,https://www.colorwaysports.com/stories/mlb-uniform-tracker-2026
mlb,2026,2026-08-15,mlb-2026-08-15-red-sox-pirates,Pittsburgh Pirates,Boston Red Sox,Black Alternate,Road Gray,,,,,0,4,confirmed,,content/posts/mlb-uniform-tracker-2026.md,https://www.colorwaysports.com/stories/mlb-uniform-tracker-2026
mlb,2026,2026-08-15,mlb-2026-08-15-rockies-giants,San Francisco Giants,Colorado Rockies,Gigantes City Connect,Road Gray,,,,,7,1,confirmed,,content/posts/mlb-uniform-tracker-2026.md,https://www.colorwaysports.com/stories/mlb-uniform-tracker-2026
mlb,2026,2026-08-15,mlb-2026-08-15-royals-angels,Los Angeles Angels,Kansas City Royals,Home White,Powder Blue Alternate,,,,,1,0,confirmed,,content/posts/mlb-uniform-tracker-2026.md,https://www.colorwaysports.com/stories/mlb-uniform-tracker-2026
mlb,2026,2026-08-15,mlb-2026-08-15-white-sox-tigers,Detroit Tigers,Chicago White Sox,Home White,Black Alternate,,,,,3,4,confirmed,,content/posts/mlb-uniform-tracker-2026.md,https://www.colorwaysports.com/stories/mlb-uniform-tracker-2026
mlb,2026,2026-08-15,mlb-2026-08-15-yankees-blue-jays,Toronto Blue Jays,New York Yankees,Powder Blue Alternate,Road Gray,,,,,4,1,confirmed,,content/posts/mlb-uniform-tracker-2026.md,https://www.colorwaysports.com/stories/mlb-uniform-tracker-2026
mlb,2026,2026-08-16,mlb-2026-08-16-brewers-dodgers,Los Angeles Dodgers,Milwaukee Brewers,Home White,Navy Alternate,,,,,2,6,confirmed,,content/posts/mlb-uniform-tracker-2026.md,https://www.colorwaysports.com/stories/mlb-uniform-tracker-2026
mlb,2026,2026-08-16,mlb-2026-08-16-cardinals-cubs,Chicago Cubs,St. Louis Cardinals,Home White Pinstripes,Road Gray,,,,,4,11,confirmed,,content/posts/mlb-uniform-tracker-2026.md,https://www.colorwaysports.com/stories/mlb-uniform-tracker-2026
mlb,2026,2026-08-16,mlb-2026-08-16-diamondbacks-braves,Atlanta Braves,Arizona Diamondbacks,Home White,Road Gray,,,,,5,3,confirmed,,content/posts/mlb-uniform-tracker-2026.md,https://www.colorwaysports.com/stories/mlb-uniform-tracker-2026
mlb,2026,2026-08-16,mlb-2026-08-16-mariners-astros,Houston Astros,Seattle Mariners,Orange Alternate,Navy Alternate,,,,,2,3,confirmed,,content/posts/mlb-uniform-tracker-2026.md,https://www.colorwaysports.com/stories/mlb-uniform-tracker-2026
mlb,2026,2026-08-16,mlb-2026-08-16-marlins-reds,Cincinnati Reds,Miami Marlins,Home White,Road Gray,,,,,1,7,confirmed,,content/posts/mlb-uniform-tracker-2026.md,https://www.colorwaysports.com/stories/mlb-uniform-tracker-2026
mlb,2026,2026-08-16,mlb-2026-08-16-nationals-mets,New York Mets,Washington Nationals,Home White,Navy Alternate,,,,,4,3,confirmed,,content/posts/mlb-uniform-tracker-2026.md,https://www.colorwaysports.com/stories/mlb-uniform-tracker-2026
mlb,2026,2026-08-16,mlb-2026-08-16-orioles-rays,Tampa Bay Rays,Baltimore Orioles,Home White,Road Gray,,,,,2,10,confirmed,,content/posts/mlb-uniform-tracker-2026.md,https://www.colorwaysports.com/stories/mlb-uniform-tracker-2026
mlb,2026,2026-08-16,mlb-2026-08-16-padres-guardians,Cleveland Guardians,San Diego Padres,Home White,Khaki Road,,,,,0,5,confirmed,,content/posts/mlb-uniform-tracker-2026.md,https://www.colorwaysports.com/stories/mlb-uniform-tracker-2026
mlb,2026,2026-08-16,mlb-2026-08-16-phillies-twins,Minnesota Twins,Philadelphia Phillies,Home White,Road Gray,,,,,5,7,confirmed,,content/posts/mlb-uniform-tracker-2026.md,https://www.colorwaysports.com/stories/mlb-uniform-tracker-2026
mlb,2026,2026-08-16,mlb-2026-08-16-rangers-athletics,Athletics,Texas Rangers,Home White,Royal Blue Alternate,,,,,5,2,confirmed,,content/posts/mlb-uniform-tracker-2026.md,https://www.colorwaysports.com/stories/mlb-uniform-tracker-2026
mlb,2026,2026-08-16,mlb-2026-08-16-red-sox-pirates,Pittsburgh Pirates,Boston Red Sox,Home White,Road Gray,,,,,8,3,confirmed,,content/posts/mlb-uniform-tracker-2026.md,https://www.colorwaysports.com/stories/mlb-uniform-tracker-2026
mlb,2026,2026-08-16,mlb-2026-08-16-rockies-giants,San Francisco Giants,Colorado Rockies,Home Cream,Road Gray,,,,,7,13,confirmed,,content/posts/mlb-uniform-tracker-2026.md,https://www.colorwaysports.com/stories/mlb-uniform-tracker-2026
mlb,2026,2026-08-16,mlb-2026-08-16-royals-angels,Los Angeles Angels,Kansas City Royals,Home White,Royal Blue Alternate,,,,,0,3,confirmed,,content/posts/mlb-uniform-tracker-2026.md,https://www.colorwaysports.com/stories/mlb-uniform-tracker-2026
mlb,2026,2026-08-16,mlb-2026-08-16-white-sox-tigers,Detroit Tigers,Chicago White Sox,Home White,Black Alternate,,,,,5,7,confirmed,,content/posts/mlb-uniform-tracker-2026.md,https://www.colorwaysports.com/stories/mlb-uniform-tracker-2026
mlb,2026,2026-08-16,mlb-2026-08-16-yankees-blue-jays,Toronto Blue Jays,New York Yankees,Powder Blue Alternate,Road Gray,,,,,3,4,confirmed,,content/posts/mlb-uniform-tracker-2026.md,https://www.colorwaysports.com/stories/mlb-uniform-tracker-2026
mlb,2026,2026-08-17,mlb-2026-08-17-athletics-royals,Kansas City Royals,Athletics,Home White,Road Gray,,,,,9,5,confirmed,,content/posts/mlb-uniform-tracker-2026.md,https://www.colorwaysports.com/stories/mlb-uniform-tracker-2026
mlb,2026,2026-08-17,mlb-2026-08-17-braves-twins,Minnesota Twins,Atlanta Braves,Home White,Navy Alternate,,,,,4,2,confirmed,,content/posts/mlb-uniform-tracker-2026.md,https://www.colorwaysports.com/stories/mlb-uniform-tracker-2026
mlb,2026,2026-08-17,mlb-2026-08-17-cardinals-reds,Cincinnati Reds,St. Louis Cardinals,Home White,Road Gray,,,,,1,2,confirmed,,content/posts/mlb-uniform-tracker-2026.md,https://www.colorwaysports.com/stories/mlb-uniform-tracker-2026
mlb,2026,2026-08-17,mlb-2026-08-17-cardinals-reds-g2,Cincinnati Reds,St. Louis Cardinals,Red Script Alternate,Road Gray,,,,,6,5,confirmed,,content/posts/mlb-uniform-tracker-2026.md,https://www.colorwaysports.com/stories/mlb-uniform-tracker-2026
mlb,2026,2026-08-17,mlb-2026-08-17-diamondbacks-red-sox,Boston Red Sox,Arizona Diamondbacks,Home White,Sedona Red Alternate,,,,,11,1,confirmed,,content/posts/mlb-uniform-tracker-2026.md,https://www.colorwaysports.com/stories/mlb-uniform-tracker-2026
mlb,2026,2026-08-17,mlb-2026-08-17-dodgers-rockies,Colorado Rockies,Los Angeles Dodgers,Purple Alternate,Los Angeles Alternate Gray,,,,,5,11,confirmed,,content/posts/mlb-uniform-tracker-2026.md,https://www.colorwaysports.com/stories/mlb-uniform-tracker-2026
mlb,2026,2026-08-17,mlb-2026-08-17-marlins-phillies,Philadelphia Phillies,Miami Marlins,Home White Pinstripes,Black Alternate,,,,,6,5,confirmed,,content/posts/mlb-uniform-tracker-2026.md,https://www.colorwaysports.com/stories/mlb-uniform-tracker-2026
mlb,2026,2026-08-17,mlb-2026-08-17-orioles-rays,Tampa Bay Rays,Baltimore Orioles,Home White,Road Gray,,,,,7,6,confirmed,,content/posts/mlb-uniform-tracker-2026.md,https://www.colorwaysports.com/stories/mlb-uniform-tracker-2026
mlb,2026,2026-08-17,mlb-2026-08-17-padres-mets,New York Mets,San Diego Padres,Home White,Khaki Road,,,,,2,1,confirmed,,content/posts/mlb-uniform-tracker-2026.md,https://www.colorwaysports.com/stories/mlb-uniform-tracker-2026
mlb,2026,2026-08-17,mlb-2026-08-17-tigers-pirates,Pittsburgh Pirates,Detroit Tigers,Home White,Road Gray,,,,,5,8,confirmed,,content/posts/mlb-uniform-tracker-2026.md,https://www.colorwaysports.com/stories/mlb-uniform-tracker-2026
mlb,2026,2026-08-17,mlb-2026-08-17-white-sox-cubs,Chicago Cubs,Chicago White Sox,Home White Pinstripes,Black Alternate,,,,,7,5,confirmed,,content/posts/mlb-uniform-tracker-2026.md,https://www.colorwaysports.com/stories/mlb-uniform-tracker-2026
mlb,2026,2026-08-18,mlb-2026-08-18-angels-astros,Houston Astros,Los Angeles Angels,Home White,Red Alternate,,,,,1,3,confirmed,,content/posts/mlb-uniform-tracker-2026.md,https://www.colorwaysports.com/stories/mlb-uniform-tracker-2026
mlb,2026,2026-08-18,mlb-2026-08-18-athletics-royals,Kansas City Royals,Athletics,Home White,Road Gray,,,,,4,3,confirmed,,content/posts/mlb-uniform-tracker-2026.md,https://www.colorwaysports.com/stories/mlb-uniform-tracker-2026
mlb,2026,2026-08-18,mlb-2026-08-18-blue-jays-rays,Tampa Bay Rays,Toronto Blue Jays,Home White,Road Gray,,,,,5,10,confirmed,,content/posts/mlb-uniform-tracker-2026.md,https://www.colorwaysports.com/stories/mlb-uniform-tracker-2026
mlb,2026,2026-08-18,mlb-2026-08-18-braves-twins,Minnesota Twins,Atlanta Braves,Home White,Road Gray,,,,,4,1,confirmed,,content/posts/mlb-uniform-tracker-2026.md,https://www.colorwaysports.com/stories/mlb-uniform-tracker-2026
mlb,2026,2026-08-18,mlb-2026-08-18-cardinals-reds,Cincinnati Reds,St. Louis Cardinals,Red Script Alternate,Road Gray,,,,,0,3,confirmed,,content/posts/mlb-uniform-tracker-2026.md,https://www.colorwaysports.com/stories/mlb-uniform-tracker-2026
mlb,2026,2026-08-18,mlb-2026-08-18-diamondbacks-red-sox,Boston Red Sox,Arizona Diamondbacks,Home White,Black Alternate,,,,,9,4,confirmed,,content/posts/mlb-uniform-tracker-2026.md,https://www.colorwaysports.com/stories/mlb-uniform-tracker-2026
mlb,2026,2026-08-18,mlb-2026-08-18-dodgers-rockies,Colorado Rockies,Los Angeles Dodgers,Purple Alternate,Los Angeles Alternate Gray,,,,,6,7,confirmed,,content/posts/mlb-uniform-tracker-2026.md,https://www.colorwaysports.com/stories/mlb-uniform-tracker-2026
mlb,2026,2026-08-18,mlb-2026-08-18-giants-guardians,Cleveland Guardians,San Francisco Giants,Red Alternate,Road Gray,,,,,8,1,confirmed,,content/posts/mlb-uniform-tracker-2026.md,https://www.colorwaysports.com/stories/mlb-uniform-tracker-2026
mlb,2026,2026-08-18,mlb-2026-08-18-mariners-brewers,Milwaukee Brewers,Seattle Mariners,Home Cream,Navy Alternate,,,,,22,0,confirmed,,content/posts/mlb-uniform-tracker-2026.md,https://www.colorwaysports.com/stories/mlb-uniform-tracker-2026
mlb,2026,2026-08-18,mlb-2026-08-18-marlins-phillies,Philadelphia Phillies,Miami Marlins,Home White Pinstripes,Road Gray,,,,,6,4,confirmed,,content/posts/mlb-uniform-tracker-2026.md,https://www.colorwaysports.com/stories/mlb-uniform-tracker-2026
mlb,2026,2026-08-18,mlb-2026-08-18-nationals-rangers,Texas Rangers,Washington Nationals,Home White,Navy Alternate,,,,,5,0,confirmed,,content/posts/mlb-uniform-tracker-2026.md,https://www.colorwaysports.com/stories/mlb-uniform-tracker-2026
mlb,2026,2026-08-18,mlb-2026-08-18-padres-mets,New York Mets,San Diego Padres,Home White,Brown Alternate,,,,,2,5,confirmed,,content/posts/mlb-uniform-tracker-2026.md,https://www.colorwaysports.com/stories/mlb-uniform-tracker-2026
mlb,2026,2026-08-18,mlb-2026-08-18-tigers-pirates,Pittsburgh Pirates,Detroit Tigers,Black Alternate,Road Gray,,,,,4,1,confirmed,,content/posts/mlb-uniform-tracker-2026.md,https://www.colorwaysports.com/stories/mlb-uniform-tracker-2026
mlb,2026,2026-08-18,mlb-2026-08-18-white-sox-cubs,Chicago Cubs,Chicago White Sox,Home White Pinstripes,Road Gray,,,,,4,3,confirmed,,content/posts/mlb-uniform-tracker-2026.md,https://www.colorwaysports.com/stories/mlb-uniform-tracker-2026
mlb,2026,2026-08-18,mlb-2026-08-18-yankees-orioles,Baltimore Orioles,New York Yankees,Home White,Road Gray,,,,,1,3,confirmed,,content/posts/mlb-uniform-tracker-2026.md,https://www.colorwaysports.com/stories/mlb-uniform-tracker-2026
mlb,2026,2026-08-19,mlb-2026-08-19-angels-astros,Houston Astros,Los Angeles Angels,Home White,Red Alternate,,,,,3,2,confirmed,,content/posts/mlb-uniform-tracker-2026.md,https://www.colorwaysports.com/stories/mlb-uniform-tracker-2026
mlb,2026,2026-08-19,mlb-2026-08-19-athletics-royals,Kansas City Royals,Athletics,Home White,Road Gray,,,,,9,7,confirmed,,content/posts/mlb-uniform-tracker-2026.md,https://www.colorwaysports.com/stories/mlb-uniform-tracker-2026
mlb,2026,2026-08-19,mlb-2026-08-19-blue-jays-rays,Tampa Bay Rays,Toronto Blue Jays,Home White,Road Gray,,,,,7,6,confirmed,,content/posts/mlb-uniform-tracker-2026.md,https://www.colorwaysports.com/stories/mlb-uniform-tracker-2026
mlb,2026,2026-08-19,mlb-2026-08-19-braves-twins,Minnesota Twins,Atlanta Braves,Home White,Road Gray,,,,,6,4,confirmed,,content/posts/mlb-uniform-tracker-2026.md,https://www.colorwaysports.com/stories/mlb-uniform-tracker-2026
mlb,2026,2026-08-19,mlb-2026-08-19-cardinals-reds,Cincinnati Reds,St. Louis Cardinals,Red Script Alternate,Road Gray,,,,,5,4,confirmed,,content/posts/mlb-uniform-tracker-2026.md,https://www.colorwaysports.com/stories/mlb-uniform-tracker-2026
mlb,2026,2026-08-19,mlb-2026-08-19-diamondbacks-red-sox,Boston Red Sox,Arizona Diamondbacks,Home White,Black Alternate,,,,,6,7,confirmed,,content/posts/mlb-uniform-tracker-2026.md,https://www.colorwaysports.com/stories/mlb-uniform-tracker-2026
mlb,2026,2026-08-19,mlb-2026-08-19-dodgers-rockies,Colorado Rockies,Los Angeles Dodgers,Purple Alternate,Los Angeles Alternate Gray,,,,,4,6,confirmed,,content/posts/mlb-uniform-tracker-2026.md,https://www.colorwaysports.com/stories/mlb-uniform-tracker-2026
mlb,2026,2026-08-19,mlb-2026-08-19-giants-guardians,Cleveland Guardians,San Francisco Giants,Red Alternate,Road Gray,,,,,0,1,confirmed,,content/posts/mlb-uniform-tracker-2026.md,https://www.colorwaysports.com/stories/mlb-uniform-tracker-2026
mlb,2026,2026-08-19,mlb-2026-08-19-mariners-brewers,Milwaukee Brewers,Seattle Mariners,Home Cream,Northwest Green Alternate,,,,,5,7,confirmed,,content/posts/mlb-uniform-tracker-2026.md,https://www.colorwaysports.com/stories/mlb-uniform-tracker-2026
mlb,2026,2026-08-19,mlb-2026-08-19-marlins-phillies,Philadelphia Phillies,Miami Marlins,Home White Pinstripes,Black Alternate,,,,,4,1,confirmed,,content/posts/mlb-uniform-tracker-2026.md,https://www.colorwaysports.com/stories/mlb-uniform-tracker-2026
mlb,2026,2026-08-19,mlb-2026-08-19-nationals-rangers,Texas Rangers,Washington Nationals,Home White,Navy Alternate,,,,,0,6,confirmed,,content/posts/mlb-uniform-tracker-2026.md,https://www.colorwaysports.com/stories/mlb-uniform-tracker-2026
mlb,2026,2026-08-19,mlb-2026-08-19-padres-mets,New York Mets,San Diego Padres,Home White,Brown Alternate,,,,,4,2,confirmed,,content/posts/mlb-uniform-tracker-2026.md,https://www.colorwaysports.com/stories/mlb-uniform-tracker-2026
mlb,2026,2026-08-19,mlb-2026-08-19-tigers-pirates,Pittsburgh Pirates,Detroit Tigers,Black Alternate,Road Gray,,,,,4,3,confirmed,,content/posts/mlb-uniform-tracker-2026.md,https://www.colorwaysports.com/stories/mlb-uniform-tracker-2026
mlb,2026,2026-08-19,mlb-2026-08-19-white-sox-cubs,Chicago Cubs,Chicago White Sox,Home White Pinstripes,Black Alternate,,,,,0,3,confirmed,,content/posts/mlb-uniform-tracker-2026.md,https://www.colorwaysports.com/stories/mlb-uniform-tracker-2026
mlb,2026,2026-08-19,mlb-2026-08-19-yankees-orioles,Baltimore Orioles,New York Yankees,Home White,Road Gray,,,,,3,5,confirmed,,content/posts/mlb-uniform-tracker-2026.md,https://www.colorwaysports.com/stories/mlb-uniform-tracker-2026
mlb,2026,2026-08-20,mlb-2026-08-20-angels-astros,Houston Astros,Los Angeles Angels,Home White,Red Alternate,,,,,3,18,confirmed,,content/posts/mlb-uniform-tracker-2026.md,https://www.colorwaysports.com/stories/mlb-uniform-tracker-2026
mlb,2026,2026-08-20,mlb-2026-08-20-athletics-royals,Kansas City Royals,Athletics,Powder Blue Alternate,Road Gray,,,,,6,2,confirmed,,content/posts/mlb-uniform-tracker-2026.md,https://www.colorwaysports.com/stories/mlb-uniform-tracker-2026
mlb,2026,2026-08-20,mlb-2026-08-20-blue-jays-rays,Tampa Bay Rays,Toronto Blue Jays,Home White,Royal Blue Alternate,,,,,1,5,confirmed,,content/posts/mlb-uniform-tracker-2026.md,https://www.colorwaysports.com/stories/mlb-uniform-tracker-2026
mlb,2026,2026-08-20,mlb-2026-08-20-braves-white-sox,Chicago White Sox,Atlanta Braves,Home White,Road Gray,,,,,0,2,confirmed,,content/posts/mlb-uniform-tracker-2026.md,https://www.colorwaysports.com/stories/mlb-uniform-tracker-2026
mlb,2026,2026-08-20,mlb-2026-08-20-cardinals-reds,Cincinnati Reds,St. Louis Cardinals,Red Script Alternate,Road Gray,,,,,9,10,confirmed,,content/posts/mlb-uniform-tracker-2026.md,https://www.colorwaysports.com/stories/mlb-uniform-tracker-2026
mlb,2026,2026-08-20,mlb-2026-08-20-giants-guardians,Cleveland Guardians,San Francisco Giants,Home White,Road Gray,,,,,5,2,confirmed,,content/posts/mlb-uniform-tracker-2026.md,https://www.colorwaysports.com/stories/mlb-uniform-tracker-2026
mlb,2026,2026-08-20,mlb-2026-08-20-mariners-brewers,Milwaukee Brewers,Seattle Mariners,Home Cream,Northwest Green Alternate,,,,,7,4,confirmed,,content/posts/mlb-uniform-tracker-2026.md,https://www.colorwaysports.com/stories/mlb-uniform-tracker-2026
mlb,2026,2026-08-20,mlb-2026-08-20-nationals-rangers,Texas Rangers,Washington Nationals,Home White,Navy Alternate,,,,,2,0,confirmed,,content/posts/mlb-uniform-tracker-2026.md,https://www.colorwaysports.com/stories/mlb-uniform-tracker-2026
mlb,2026,2026-08-20,mlb-2026-08-20-yankees-orioles,Baltimore Orioles,New York Yankees,Black Alternate,Road Gray,,,,,1,6,confirmed,,content/posts/mlb-uniform-tracker-2026.md,https://www.colorwaysports.com/stories/mlb-uniform-tracker-2026
mlb,2026,2026-08-21,mlb-2026-08-21-angels-rangers,Texas Rangers,Los Angeles Angels,Tejas City Connect,Road Gray,,,,,2,1,confirmed,,content/posts/mlb-uniform-tracker-2026.md,https://www.colorwaysports.com/stories/mlb-uniform-tracker-2026
mlb,2026,2026-08-21,mlb-2026-08-21-athletics-astros,Houston Astros,Athletics,Orange Alternate,Road Gray,,,,,4,0,confirmed,,content/posts/mlb-uniform-tracker-2026.md,https://www.colorwaysports.com/stories/mlb-uniform-tracker-2026
mlb,2026,2026-08-21,mlb-2026-08-21-blue-jays-yankees,New York Yankees,Toronto Blue Jays,Home White Pinstripes,Royal Blue Alternate,,,,,3,1,confirmed,,content/posts/mlb-uniform-tracker-2026.md,https://www.colorwaysports.com/stories/mlb-uniform-tracker-2026
mlb,2026,2026-08-21,mlb-2026-08-21-braves-brewers,Milwaukee Brewers,Atlanta Braves,Wisco City Connect,Road Gray,,,,,2,1,confirmed,,content/posts/mlb-uniform-tracker-2026.md,https://www.colorwaysports.com/stories/mlb-uniform-tracker-2026
mlb,2026,2026-08-21,mlb-2026-08-21-cardinals-phillies,Philadelphia Phillies,St. Louis Cardinals,Black City Connect,Road Gray,,,,,7,6,confirmed,,content/posts/mlb-uniform-tracker-2026.md,https://www.colorwaysports.com/stories/mlb-uniform-tracker-2026
mlb,2026,2026-08-21,mlb-2026-08-21-cubs-mariners,Seattle Mariners,Chicago Cubs,City Connect,Road Gray,,,,,6,5,confirmed,,content/posts/mlb-uniform-tracker-2026.md,https://www.colorwaysports.com/stories/mlb-uniform-tracker-2026
mlb,2026,2026-08-21,mlb-2026-08-21-giants-red-sox,Boston Red Sox,San Francisco Giants,Green City Connect,Road Gray,,,,,6,4,confirmed,,content/posts/mlb-uniform-tracker-2026.md,https://www.colorwaysports.com/stories/mlb-uniform-tracker-2026
mlb,2026,2026-08-21,mlb-2026-08-21-guardians-rockies,Colorado Rockies,Cleveland Guardians,City Connect,Navy Alternate,,,,,1,9,confirmed,,content/posts/mlb-uniform-tracker-2026.md,https://www.colorwaysports.com/stories/mlb-uniform-tracker-2026
mlb,2026,2026-08-21,mlb-2026-08-21-mets-white-sox,Chicago White Sox,New York Mets,Red City Connect,Road Gray,,,,,6,4,confirmed,,content/posts/mlb-uniform-tracker-2026.md,https://www.colorwaysports.com/stories/mlb-uniform-tracker-2026
mlb,2026,2026-08-21,mlb-2026-08-21-nationals-marlins,Miami Marlins,Washington Nationals,Retro Wave City Connect,Road Gray,,,,,3,2,confirmed,,content/posts/mlb-uniform-tracker-2026.md,https://www.colorwaysports.com/stories/mlb-uniform-tracker-2026
mlb,2026,2026-08-21,mlb-2026-08-21-pirates-dodgers,Los Angeles Dodgers,Pittsburgh Pirates,Home White,Black Alternate,,,,,5,4,confirmed,,content/posts/mlb-uniform-tracker-2026.md,https://www.colorwaysports.com/stories/mlb-uniform-tracker-2026
mlb,2026,2026-08-21,mlb-2026-08-21-rays-orioles,Baltimore Orioles,Tampa Bay Rays,BMORE City Connect,Navy Alternate,,,,,5,3,confirmed,,content/posts/mlb-uniform-tracker-2026.md,https://www.colorwaysports.com/stories/mlb-uniform-tracker-2026
mlb,2026,2026-08-21,mlb-2026-08-21-reds-diamondbacks,Arizona Diamondbacks,Cincinnati Reds,Purple City Connect,Red Script Alternate,,,,,9,0,confirmed,,content/posts/mlb-uniform-tracker-2026.md,https://www.colorwaysports.com/stories/mlb-uniform-tracker-2026
mlb,2026,2026-08-21,mlb-2026-08-21-tigers-royals,Kansas City Royals,Detroit Tigers,White City Connect,Road Gray,,,,,5,2,confirmed,,content/posts/mlb-uniform-tracker-2026.md,https://www.colorwaysports.com/stories/mlb-uniform-tracker-2026
mlb,2026,2026-08-21,mlb-2026-08-21-twins-padres,San Diego Padres,Minnesota Twins,Navy City Connect,Road Gray,,,,,6,2,confirmed,,content/posts/mlb-uniform-tracker-2026.md,https://www.colorwaysports.com/stories/mlb-uniform-tracker-2026
mlb,2026,2026-08-22,mlb-2026-08-22-angels-rangers,Texas Rangers,Los Angeles Angels,Home White,Red Alternate,,,,,0,3,confirmed,,content/posts/mlb-uniform-tracker-2026.md,https://www.colorwaysports.com/stories/mlb-uniform-tracker-2026
mlb,2026,2026-08-22,mlb-2026-08-22-athletics-astros,Houston Astros,Athletics,Home White,Road Gray,,,,,3,4,confirmed,,content/posts/mlb-uniform-tracker-2026.md,https://www.colorwaysports.com/stories/mlb-uniform-tracker-2026
mlb,2026,2026-08-22,mlb-2026-08-22-blue-jays-yankees,New York Yankees,Toronto Blue Jays,Home White Pinstripes,Road Gray,,,,,3,4,confirmed,,content/posts/mlb-uniform-tracker-2026.md,https://www.colorwaysports.com/stories/mlb-uniform-tracker-2026
mlb,2026,2026-08-22,mlb-2026-08-22-braves-brewers,Milwaukee Brewers,Atlanta Braves,Home White Pinstripes,Navy Alternate,,,,,4,1,confirmed,,content/posts/mlb-uniform-tracker-2026.md,https://www.colorwaysports.com/stories/mlb-uniform-tracker-2026
mlb,2026,2026-08-22,mlb-2026-08-22-cardinals-phillies,Philadelphia Phillies,St. Louis Cardinals,Home White Pinstripes,Powder Blue,,,,,12,3,confirmed,,content/posts/mlb-uniform-tracker-2026.md,https://www.colorwaysports.com/stories/mlb-uniform-tracker-2026
mlb,2026,2026-08-22,mlb-2026-08-22-cubs-mariners,Seattle Mariners,Chicago Cubs,Home White,Royal Blue Alternate,,,,,5,4,confirmed,,content/posts/mlb-uniform-tracker-2026.md,https://www.colorwaysports.com/stories/mlb-uniform-tracker-2026
mlb,2026,2026-08-22,mlb-2026-08-22-giants-red-sox,Boston Red Sox,San Francisco Giants,Yellow City Connect,Road Gray,,,,,3,2,confirmed,,content/posts/mlb-uniform-tracker-2026.md,https://www.colorwaysports.com/stories/mlb-uniform-tracker-2026
mlb,2026,2026-08-22,mlb-2026-08-22-guardians-rockies,Colorado Rockies,Cleveland Guardians,Home White,Navy Alternate,,,,,3,4,confirmed,,content/posts/mlb-uniform-tracker-2026.md,https://www.colorwaysports.com/stories/mlb-uniform-tracker-2026
mlb,2026,2026-08-22,mlb-2026-08-22-mets-white-sox,Chicago White Sox,New York Mets,Home White,Road Gray,,,,,5,10,confirmed,,content/posts/mlb-uniform-tracker-2026.md,https://www.colorwaysports.com/stories/mlb-uniform-tracker-2026
mlb,2026,2026-08-22,mlb-2026-08-22-nationals-marlins,Miami Marlins,Washington Nationals,Home White,Road Gray,,,,,4,2,confirmed,,content/posts/mlb-uniform-tracker-2026.md,https://www.colorwaysports.com/stories/mlb-uniform-tracker-2026
mlb,2026,2026-08-22,mlb-2026-08-22-pirates-dodgers,Los Angeles Dodgers,Pittsburgh Pirates,Cream City Connect,Black Alternate,,,,,4,3,confirmed,,content/posts/mlb-uniform-tracker-2026.md,https://www.colorwaysports.com/stories/mlb-uniform-tracker-2026
mlb,2026,2026-08-22,mlb-2026-08-22-rays-orioles,Baltimore Orioles,Tampa Bay Rays,Home White,Navy Alternate,,,,,3,2,confirmed,,content/posts/mlb-uniform-tracker-2026.md,https://www.colorwaysports.com/stories/mlb-uniform-tracker-2026
mlb,2026,2026-08-22,mlb-2026-08-22-reds-diamondbacks,Arizona Diamondbacks,Cincinnati Reds,Purple City Connect,Red Script Alternate,,,,,,,confirmed,,content/posts/mlb-uniform-tracker-2026.md,https://www.colorwaysports.com/stories/mlb-uniform-tracker-2026
mlb,2026,2026-08-22,mlb-2026-08-22-tigers-royals,Kansas City Royals,Detroit Tigers,Powder Blue Alternate,Road Gray,,,,,3,1,confirmed,,content/posts/mlb-uniform-tracker-2026.md,https://www.colorwaysports.com/stories/mlb-uniform-tracker-2026
mlb,2026,2026-08-22,mlb-2026-08-22-twins-padres,San Diego Padres,Minnesota Twins,Home White,Navy Alternate,,,,,7,5,confirmed,,content/posts/mlb-uniform-tracker-2026.md,https://www.colorwaysports.com/stories/mlb-uniform-tracker-2026
mlb,2026,2026-08-23,mlb-2026-08-23-athletics-astros,Houston Astros,Athletics,Navy Alternate,Road Gray,,,,,6,7,confirmed,,content/posts/mlb-uniform-tracker-2026.md,https://www.colorwaysports.com/stories/mlb-uniform-tracker-2026
mlb,2026,2026-08-23,mlb-2026-08-23-blue-jays-yankees,New York Yankees,Toronto Blue Jays,Home White Pinstripes,Powder Blue Alternate,,,,,8,3,confirmed,,content/posts/mlb-uniform-tracker-2026.md,https://www.colorwaysports.com/stories/mlb-uniform-tracker-2026
mlb,2026,2026-08-23,mlb-2026-08-23-braves-brewers,Milwaukee Brewers,Atlanta Braves,Home Cream,Road Gray,,,,,2,4,confirmed,,content/posts/mlb-uniform-tracker-2026.md,https://www.colorwaysports.com/stories/mlb-uniform-tracker-2026
mlb,2026,2026-08-23,mlb-2026-08-23-cardinals-phillies,Philadelphia Phillies,St. Louis Cardinals,Cream Alternate,Road Gray,,,,,6,4,confirmed,,content/posts/mlb-uniform-tracker-2026.md,https://www.colorwaysports.com/stories/mlb-uniform-tracker-2026
mlb,2026,2026-08-23,mlb-2026-08-23-cubs-mariners,Seattle Mariners,Chicago Cubs,Steelheads Throwback,Road Gray,,,,,2,19,confirmed,,content/posts/mlb-uniform-tracker-2026.md,https://www.colorwaysports.com/stories/mlb-uniform-tracker-2026
mlb,2026,2026-08-23,mlb-2026-08-23-giants-red-sox,Boston Red Sox,San Francisco Giants,Home White,Road Gray,,,,,5,4,confirmed,,content/posts/mlb-uniform-tracker-2026.md,https://www.colorwaysports.com/stories/mlb-uniform-tracker-2026
mlb,2026,2026-08-23,mlb-2026-08-23-guardians-rockies,Colorado Rockies,Cleveland Guardians,Home White,Navy Alternate,,,,,2,7,confirmed,,content/posts/mlb-uniform-tracker-2026.md,https://www.colorwaysports.com/stories/mlb-uniform-tracker-2026
mlb,2026,2026-08-23,mlb-2026-08-23-mets-white-sox,Chicago White Sox,New York Mets,Home White,Road Gray,,,,,2,1,confirmed,,content/posts/mlb-uniform-tracker-2026.md,https://www.colorwaysports.com/stories/mlb-uniform-tracker-2026
mlb,2026,2026-08-23,mlb-2026-08-23-nationals-marlins,Miami Marlins,Washington Nationals,Teal Throwback,Road Gray,,,,,6,2,confirmed,,content/posts/mlb-uniform-tracker-2026.md,https://www.colorwaysports.com/stories/mlb-uniform-tracker-2026
mlb,2026,2026-08-23,mlb-2026-08-23-pirates-dodgers,Los Angeles Dodgers,Pittsburgh Pirates,Home White,Road Gray,,,,,4,0,confirmed,,content/posts/mlb-uniform-tracker-2026.md,https://www.colorwaysports.com/stories/mlb-uniform-tracker-2026
mlb,2026,2026-08-23,mlb-2026-08-23-rays-orioles,Baltimore Orioles,Tampa Bay Rays,Home White,Navy Alternate,,,,,1,3,confirmed,,content/posts/mlb-uniform-tracker-2026.md,https://www.colorwaysports.com/stories/mlb-uniform-tracker-2026
mlb,2026,2026-08-23,mlb-2026-08-23-reds-diamondbacks,Arizona Diamondbacks,Cincinnati Reds,Purple City Connect,Red Script Alternate,,,,,5,3,confirmed,,content/posts/mlb-uniform-tracker-2026.md,https://www.colorwaysports.com/stories/mlb-uniform-tracker-2026
mlb,2026,2026-08-23,mlb-2026-08-23-twins-padres,San Diego Padres,Minnesota Twins,Camouflage Alternate,Navy Alternate,,,,,8,1,confirmed,,content/posts/mlb-uniform-tracker-2026.md,https://www.colorwaysports.com/stories/mlb-uniform-tracker-2026
mlb,2026,2026-08-24,mlb-2026-08-24-cubs-diamondbacks,Arizona Diamondbacks,Chicago Cubs,Home White,Road Gray,,,,,0,7,confirmed,,content/posts/mlb-uniform-tracker-2026.md,https://www.colorwaysports.com/stories/mlb-uniform-tracker-2026
mlb,2026,2026-08-24,mlb-2026-08-24-guardians-angels,Los Angeles Angels,Cleveland Guardians,Cream City Connect,Navy Alternate,,,,,2,4,confirmed,,content/posts/mlb-uniform-tracker-2026.md,https://www.colorwaysports.com/stories/mlb-uniform-tracker-2026
mlb,2026,2026-08-24,mlb-2026-08-24-phillies-mariners,Seattle Mariners,Philadelphia Phillies,Home White,Road Gray,,,,,9,2,confirmed,,content/posts/mlb-uniform-tracker-2026.md,https://www.colorwaysports.com/stories/mlb-uniform-tracker-2026
mlb,2026,2026-08-24,mlb-2026-08-24-pirates-padres,San Diego Padres,Pittsburgh Pirates,Home White,Black Alternate,,,,,2,3,confirmed,,content/posts/mlb-uniform-tracker-2026.md,https://www.colorwaysports.com/stories/mlb-uniform-tracker-2026
mlb,2026,2026-08-24,mlb-2026-08-24-rangers-white-sox,Chicago White Sox,Texas Rangers,Home White,Road Gray,,,,,2,11,confirmed,,content/posts/mlb-uniform-tracker-2026.md,https://www.colorwaysports.com/stories/mlb-uniform-tracker-2026
mlb,2026,2026-08-24,mlb-2026-08-24-rays-tigers,Detroit Tigers,Tampa Bay Rays,Navy City Connect,Columbia Blue Alternate,,,,,1,4,confirmed,,content/posts/mlb-uniform-tracker-2026.md,https://www.colorwaysports.com/stories/mlb-uniform-tracker-2026
mlb,2026,2026-08-24,mlb-2026-08-24-red-sox-marlins,Miami Marlins,Boston Red Sox,Home White,Road Gray,,,,,2,4,confirmed,,content/posts/mlb-uniform-tracker-2026.md,https://www.colorwaysports.com/stories/mlb-uniform-tracker-2026
mlb,2026,2026-08-24,mlb-2026-08-24-reds-giants,San Francisco Giants,Cincinnati Reds,Home Cream,Road Gray,,,,,5,0,confirmed,,content/posts/mlb-uniform-tracker-2026.md,https://www.colorwaysports.com/stories/mlb-uniform-tracker-2026
mlb,2026,2026-08-24,mlb-2026-08-24-rockies-nationals,Washington Nationals,Colorado Rockies,Home White,Road Gray,,,,,13,3,confirmed,,content/posts/mlb-uniform-tracker-2026.md,https://www.colorwaysports.com/stories/mlb-uniform-tracker-2026
mlb,2026,2026-08-24,mlb-2026-08-24-twins-athletics,Athletics,Minnesota Twins,Home White,Navy Alternate,,,,,6,9,confirmed,,content/posts/mlb-uniform-tracker-2026.md,https://www.colorwaysports.com/stories/mlb-uniform-tracker-2026
mlb,2026,2026-08-25,mlb-2026-08-25-astros-yankees,New York Yankees,Houston Astros,Home White Pinstripes,Road Gray,,,,,7,9,confirmed,,content/posts/mlb-uniform-tracker-2026.md,https://www.colorwaysports.com/stories/mlb-uniform-tracker-2026
mlb,2026,2026-08-25,mlb-2026-08-25-brewers-mets,New York Mets,Milwaukee Brewers,Black Alternate,Powder Blue Alternate,,,,,3,2,confirmed,,content/posts/mlb-uniform-tracker-2026.md,https://www.colorwaysports.com/stories/mlb-uniform-tracker-2026
mlb,2026,2026-08-25,mlb-2026-08-25-cubs-diamondbacks,Arizona Diamondbacks,Chicago Cubs,Home White,Road Gray,,,,,5,4,confirmed,,content/posts/mlb-uniform-tracker-2026.md,https://www.colorwaysports.com/stories/mlb-uniform-tracker-2026
mlb,2026,2026-08-25,mlb-2026-08-25-dodgers-braves,Atlanta Braves,Los Angeles Dodgers,Home White,Los Angeles Alternate Gray,,,,,4,3,confirmed,,content/posts/mlb-uniform-tracker-2026.md,https://www.colorwaysports.com/stories/mlb-uniform-tracker-2026
mlb,2026,2026-08-25,mlb-2026-08-25-guardians-angels,Los Angeles Angels,Cleveland Guardians,Home White,Navy Alternate,,,,,6,8,confirmed,,content/posts/mlb-uniform-tracker-2026.md,https://www.colorwaysports.com/stories/mlb-uniform-tracker-2026
mlb,2026,2026-08-25,mlb-2026-08-25-orioles-cardinals,St. Louis Cardinals,Baltimore Orioles,Home White,Road Gray,,,,,1,13,confirmed,,content/posts/mlb-uniform-tracker-2026.md,https://www.colorwaysports.com/stories/mlb-uniform-tracker-2026
mlb,2026,2026-08-25,mlb-2026-08-25-phillies-mariners,Seattle Mariners,Philadelphia Phillies,Home White,Road Gray,,,,,4,1,confirmed,,content/posts/mlb-uniform-tracker-2026.md,https://www.colorwaysports.com/stories/mlb-uniform-tracker-2026
mlb,2026,2026-08-25,mlb-2026-08-25-pirates-padres,San Diego Padres,Pittsburgh Pirates,Home White,Black Alternate,,,,,0,1,confirmed,,content/posts/mlb-uniform-tracker-2026.md,https://www.colorwaysports.com/stories/mlb-uniform-tracker-2026
mlb,2026,2026-08-25,mlb-2026-08-25-rangers-white-sox,Chicago White Sox,Texas Rangers,Home White,Road Gray,,,,,11,7,confirmed,,content/posts/mlb-uniform-tracker-2026.md,https://www.colorwaysports.com/stories/mlb-uniform-tracker-2026
mlb,2026,2026-08-25,mlb-2026-08-25-rays-tigers,Detroit Tigers,Tampa Bay Rays,Home White,Navy Alternate,,,,,4,1,confirmed,,content/posts/mlb-uniform-tracker-2026.md,https://www.colorwaysports.com/stories/mlb-uniform-tracker-2026
mlb,2026,2026-08-25,mlb-2026-08-25-red-sox-marlins,Miami Marlins,Boston Red Sox,Black Alternate,Road Gray,,,,,3,7,confirmed,,content/posts/mlb-uniform-tracker-2026.md,https://www.colorwaysports.com/stories/mlb-uniform-tracker-2026
mlb,2026,2026-08-25,mlb-2026-08-25-reds-giants,San Francisco Giants,Cincinnati Reds,Black City Connect,Red Script Alternate,,,,,3,1,confirmed,,content/posts/mlb-uniform-tracker-2026.md,https://www.colorwaysports.com/stories/mlb-uniform-tracker-2026
mlb,2026,2026-08-25,mlb-2026-08-25-rockies-nationals,Washington Nationals,Colorado Rockies,Home White,Purple Alternate,,,,,1,3,confirmed,,content/posts/mlb-uniform-tracker-2026.md,https://www.colorwaysports.com/stories/mlb-uniform-tracker-2026
mlb,2026,2026-08-25,mlb-2026-08-25-royals-blue-jays,Toronto Blue Jays,Kansas City Royals,Home White,Road Gray,,,,,3,5,confirmed,,content/posts/mlb-uniform-tracker-2026.md,https://www.colorwaysports.com/stories/mlb-uniform-tracker-2026
mlb,2026,2026-08-25,mlb-2026-08-25-twins-athletics,Athletics,Minnesota Twins,Home White,Navy Alternate,,,,,4,2,confirmed,,content/posts/mlb-uniform-tracker-2026.md,https://www.colorwaysports.com/stories/mlb-uniform-tracker-2026
mlb,2026,2026-08-26,mlb-2026-08-26-astros-yankees,New York Yankees,Houston Astros,Home White Pinstripes,Road Gray,,,,,9,3,confirmed,,content/posts/mlb-uniform-tracker-2026.md,https://www.colorwaysports.com/stories/mlb-uniform-tracker-2026
mlb,2026,2026-08-26,mlb-2026-08-26-brewers-mets,New York Mets,Milwaukee Brewers,Black Alternate,Powder Blue Alternate,,,,,1,8,confirmed,,content/posts/mlb-uniform-tracker-2026.md,https://www.colorwaysports.com/stories/mlb-uniform-tracker-2026
mlb,2026,2026-08-26,mlb-2026-08-26-cubs-diamondbacks,Arizona Diamondbacks,Chicago Cubs,Home White,Royal Blue Alternate,,,,,2,0,confirmed,,content/posts/mlb-uniform-tracker-2026.md,https://www.colorwaysports.com/stories/mlb-uniform-tracker-2026
mlb,2026,2026-08-26,mlb-2026-08-26-dodgers-braves,Atlanta Braves,Los Angeles Dodgers,Home White,Blue Alternate,,,,,6,5,confirmed,,content/posts/mlb-uniform-tracker-2026.md,https://www.colorwaysports.com/stories/mlb-uniform-tracker-2026
mlb,2026,2026-08-26,mlb-2026-08-26-guardians-angels,Los Angeles Angels,Cleveland Guardians,Home White,Navy Alternate,,,,,3,4,confirmed,,content/posts/mlb-uniform-tracker-2026.md,https://www.colorwaysports.com/stories/mlb-uniform-tracker-2026
mlb,2026,2026-08-26,mlb-2026-08-26-orioles-cardinals,St. Louis Cardinals,Baltimore Orioles,Home White,Road Gray,,,,,7,8,confirmed,,content/posts/mlb-uniform-tracker-2026.md,https://www.colorwaysports.com/stories/mlb-uniform-tracker-2026
mlb,2026,2026-08-26,mlb-2026-08-26-phillies-mariners,Seattle Mariners,Philadelphia Phillies,Home White,Road Gray,,,,,0,6,confirmed,,content/posts/mlb-uniform-tracker-2026.md,https://www.colorwaysports.com/stories/mlb-uniform-tracker-2026
mlb,2026,2026-08-26,mlb-2026-08-26-pirates-padres,San Diego Padres,Pittsburgh Pirates,Home White,Black Alternate,,,,,3,0,confirmed,,content/posts/mlb-uniform-tracker-2026.md,https://www.colorwaysports.com/stories/mlb-uniform-tracker-2026
mlb,2026,2026-08-26,mlb-2026-08-26-rangers-white-sox,Chicago White Sox,Texas Rangers,Home White,Road Gray,,,,,10,4,confirmed,,content/posts/mlb-uniform-tracker-2026.md,https://www.colorwaysports.com/stories/mlb-uniform-tracker-2026
mlb,2026,2026-08-26,mlb-2026-08-26-rays-tigers,Detroit Tigers,Tampa Bay Rays,Home White,Navy Alternate,,,,,0,3,confirmed,,content/posts/mlb-uniform-tracker-2026.md,https://www.colorwaysports.com/stories/mlb-uniform-tracker-2026
mlb,2026,2026-08-26,mlb-2026-08-26-red-sox-marlins,Miami Marlins,Boston Red Sox,Home White,Road Gray,,,,,4,0,confirmed,,content/posts/mlb-uniform-tracker-2026.md,https://www.colorwaysports.com/stories/mlb-uniform-tracker-2026
mlb,2026,2026-08-26,mlb-2026-08-26-reds-giants,San Francisco Giants,Cincinnati Reds,Home Cream,Road Gray,,,,,9,10,confirmed,,content/posts/mlb-uniform-tracker-2026.md,https://www.colorwaysports.com/stories/mlb-uniform-tracker-2026
mlb,2026,2026-08-26,mlb-2026-08-26-rockies-nationals,Washington Nationals,Colorado Rockies,Home White,Purple Alternate,,,,,1,13,confirmed,,content/posts/mlb-uniform-tracker-2026.md,https://www.colorwaysports.com/stories/mlb-uniform-tracker-2026
mlb,2026,2026-08-26,mlb-2026-08-26-royals-blue-jays,Toronto Blue Jays,Kansas City Royals,Powder Blue Alternate,Road Gray,,,,,3,0,confirmed,,content/posts/mlb-uniform-tracker-2026.md,https://www.colorwaysports.com/stories/mlb-uniform-tracker-2026
mlb,2026,2026-08-26,mlb-2026-08-26-twins-athletics,Athletics,Minnesota Twins,Green Alternate,Navy Alternate,,,,,7,4,confirmed,,content/posts/mlb-uniform-tracker-2026.md,https://www.colorwaysports.com/stories/mlb-uniform-tracker-2026
mlb,2026,2026-08-27,mlb-2026-08-27-astros-yankees,New York Yankees,Houston Astros,Home White Pinstripes,Road Gray,,,,,1,5,confirmed,,content/posts/mlb-uniform-tracker-2026.md,https://www.colorwaysports.com/stories/mlb-uniform-tracker-2026
mlb,2026,2026-08-27,mlb-2026-08-27-brewers-mets,New York Mets,Milwaukee Brewers,Home White,Powder Blue Alternate,,,,,2,8,confirmed,,content/posts/mlb-uniform-tracker-2026.md,https://www.colorwaysports.com/stories/mlb-uniform-tracker-2026
mlb,2026,2026-08-27,mlb-2026-08-27-diamondbacks-giants,San Francisco Giants,Arizona Diamondbacks,Home Cream,Sedona Red Alternate,,,,,6,1,confirmed,,content/posts/mlb-uniform-tracker-2026.md,https://www.colorwaysports.com/stories/mlb-uniform-tracker-2026
mlb,2026,2026-08-27,mlb-2026-08-27-dodgers-braves,Atlanta Braves,Los Angeles Dodgers,Home White,Blue Alternate,,,,,1,0,confirmed,,content/posts/mlb-uniform-tracker-2026.md,https://www.colorwaysports.com/stories/mlb-uniform-tracker-2026
mlb,2026,2026-08-27,mlb-2026-08-27-orioles-cardinals,St. Louis Cardinals,Baltimore Orioles,Home White,Road Gray,,,,,7,5,confirmed,,content/posts/mlb-uniform-tracker-2026.md,https://www.colorwaysports.com/stories/mlb-uniform-tracker-2026
mlb,2026,2026-08-27,mlb-2026-08-27-rockies-nationals,Washington Nationals,Colorado Rockies,Navy Alternate,Road Gray,,,,,7,1,confirmed,,content/posts/mlb-uniform-tracker-2026.md,https://www.colorwaysports.com/stories/mlb-uniform-tracker-2026
mlb,2026,2026-08-27,mlb-2026-08-27-royals-blue-jays,Toronto Blue Jays,Kansas City Royals,Powder Blue Alternate,Road Gray,,,,,2,13,confirmed,,content/posts/mlb-uniform-tracker-2026.md,https://www.colorwaysports.com/stories/mlb-uniform-tracker-2026
mlb,2026,2026-08-28,mlb-2026-08-28-astros-mets,New York Mets,Houston Astros,Black Alternate,Orange Alternate,,,,,1,3,confirmed,,content/posts/mlb-uniform-tracker-2026.md,https://www.colorwaysports.com/stories/mlb-uniform-tracker-2026
mlb,2026,2026-08-28,mlb-2026-08-28-diamondbacks-giants,San Francisco Giants,Arizona Diamondbacks,Orange Friday Alternate,Road Gray,,,,,6,10,confirmed,,content/posts/mlb-uniform-tracker-2026.md,https://www.colorwaysports.com/stories/mlb-uniform-tracker-2026
mlb,2026,2026-08-28,mlb-2026-08-28-dodgers-tigers,Detroit Tigers,Los Angeles Dodgers,Orange Alternate,Los Angeles Alternate Gray,,,,,1,2,confirmed,,content/posts/mlb-uniform-tracker-2026.md,https://www.colorwaysports.com/stories/mlb-uniform-tracker-2026
mlb,2026,2026-08-28,mlb-2026-08-28-mariners-blue-jays,Toronto Blue Jays,Seattle Mariners,Navy City Connect,Northwest Green Alternate,,,,,8,1,confirmed,,content/posts/mlb-uniform-tracker-2026.md,https://www.colorwaysports.com/stories/mlb-uniform-tracker-2026
mlb,2026,2026-08-28,mlb-2026-08-28-marlins-nationals,Washington Nationals,Miami Marlins,Navy Alternate,Road Gray,,,,,9,2,confirmed,,content/posts/mlb-uniform-tracker-2026.md,https://www.colorwaysports.com/stories/mlb-uniform-tracker-2026
mlb,2026,2026-08-28,mlb-2026-08-28-orioles-athletics,Athletics,Baltimore Orioles,Home White,Black Alternate,,,,,3,4,confirmed,,content/posts/mlb-uniform-tracker-2026.md,https://www.colorwaysports.com/stories/mlb-uniform-tracker-2026
mlb,2026,2026-08-28,mlb-2026-08-28-padres-rays,Tampa Bay Rays,San Diego Padres,Devil Rays Throwback,Khaki Road,,,,,9,4,confirmed,,content/posts/mlb-uniform-tracker-2026.md,https://www.colorwaysports.com/stories/mlb-uniform-tracker-2026
mlb,2026,2026-08-28,mlb-2026-08-28-phillies-angels,Los Angeles Angels,Philadelphia Phillies,Home White,Road Gray,,,,,3,5,confirmed,,content/posts/mlb-uniform-tracker-2026.md,https://www.colorwaysports.com/stories/mlb-uniform-tracker-2026
mlb,2026,2026-08-28,mlb-2026-08-28-pirates-cardinals,St. Louis Cardinals,Pittsburgh Pirates,The Lou City Connect,Black Alternate,,,,,4,1,confirmed,,content/posts/mlb-uniform-tracker-2026.md,https://www.colorwaysports.com/stories/mlb-uniform-tracker-2026
mlb,2026,2026-08-28,mlb-2026-08-28-rangers-brewers,Milwaukee Brewers,Texas Rangers,Wisco City Connect,Road Gray,,,,,6,1,confirmed,,content/posts/mlb-uniform-tracker-2026.md,https://www.colorwaysports.com/stories/mlb-uniform-tracker-2026
mlb,2026,2026-08-28,mlb-2026-08-28-red-sox-yankees,New York Yankees,Boston Red Sox,Home White Pinstripes,Road Gray,,,,,1,0,confirmed,,content/posts/mlb-uniform-tracker-2026.md,https://www.colorwaysports.com/stories/mlb-uniform-tracker-2026
mlb,2026,2026-08-28,mlb-2026-08-28-reds-cubs,Chicago Cubs,Cincinnati Reds,Light Blue Alternate,Red Script Alternate,,,,,8,10,confirmed,,content/posts/mlb-uniform-tracker-2026.md,https://www.colorwaysports.com/stories/mlb-uniform-tracker-2026
mlb,2026,2026-08-28,mlb-2026-08-28-rockies-braves,Atlanta Braves,Colorado Rockies,Red Alternate,Purple Alternate,,,,,6,4,confirmed,,content/posts/mlb-uniform-tracker-2026.md,https://www.colorwaysports.com/stories/mlb-uniform-tracker-2026
mlb,2026,2026-08-28,mlb-2026-08-28-royals-guardians,Cleveland Guardians,Kansas City Royals,Navy City Connect,Road Gray,,,,,0,3,confirmed,,content/posts/mlb-uniform-tracker-2026.md,https://www.colorwaysports.com/stories/mlb-uniform-tracker-2026
mlb,2026,2026-08-28,mlb-2026-08-28-white-sox-twins,Minnesota Twins,Chicago White Sox,Home White,Road Gray,,,,,4,7,confirmed,,content/posts/mlb-uniform-tracker-2026.md,https://www.colorwaysports.com/stories/mlb-uniform-tracker-2026
mlb,2026,2026-08-29,mlb-2026-08-29-astros-mets,New York Mets,Houston Astros,NYC City Connect,Orange Alternate,,,,,6,2,confirmed,,content/posts/mlb-uniform-tracker-2026.md,https://www.colorwaysports.com/stories/mlb-uniform-tracker-2026
mlb,2026,2026-08-29,mlb-2026-08-29-diamondbacks-giants,San Francisco Giants,Arizona Diamondbacks,Gigantes,Road Gray,,,,,1,7,confirmed,,content/posts/mlb-uniform-tracker-2026.md,https://www.colorwaysports.com/stories/mlb-uniform-tracker-2026
mlb,2026,2026-08-29,mlb-2026-08-29-diamondbacks-giants-g2,San Francisco Giants,Arizona Diamondbacks,Home Cream,Black Alternate,,,,,7,2,confirmed,,content/posts/mlb-uniform-tracker-2026.md,https://www.colorwaysports.com/stories/mlb-uniform-tracker-2026
mlb,2026,2026-08-29,mlb-2026-08-29-dodgers-tigers,Detroit Tigers,Los Angeles Dodgers,Home White,Los Angeles Alternate Gray,,,,,2,1,confirmed,,content/posts/mlb-uniform-tracker-2026.md,https://www.colorwaysports.com/stories/mlb-uniform-tracker-2026
mlb,2026,2026-08-29,mlb-2026-08-29-mariners-blue-jays,Toronto Blue Jays,Seattle Mariners,Home White,Northwest Green Alternate,,,,,4,3,confirmed,,content/posts/mlb-uniform-tracker-2026.md,https://www.colorwaysports.com/stories/mlb-uniform-tracker-2026
mlb,2026,2026-08-29,mlb-2026-08-29-marlins-nationals,Washington Nationals,Miami Marlins,City Connect,Black Alternate,,,,,5,4,confirmed,,content/posts/mlb-uniform-tracker-2026.md,https://www.colorwaysports.com/stories/mlb-uniform-tracker-2026
mlb,2026,2026-08-29,mlb-2026-08-29-orioles-athletics,Athletics,Baltimore Orioles,Gold Sacramento Alternate,Black Alternate,,,,,3,5,confirmed,,content/posts/mlb-uniform-tracker-2026.md,https://www.colorwaysports.com/stories/mlb-uniform-tracker-2026
mlb,2026,2026-08-29,mlb-2026-08-29-padres-rays,Tampa Bay Rays,San Diego Padres,City Connect,Khaki Road,,,,,7,6,confirmed,,content/posts/mlb-uniform-tracker-2026.md,https://www.colorwaysports.com/stories/mlb-uniform-tracker-2026
mlb,2026,2026-08-29,mlb-2026-08-29-phillies-angels,Los Angeles Angels,Philadelphia Phillies,Home White,Road Gray,,,,,2,4,confirmed,,content/posts/mlb-uniform-tracker-2026.md,https://www.colorwaysports.com/stories/mlb-uniform-tracker-2026
mlb,2026,2026-08-29,mlb-2026-08-29-pirates-cardinals,St. Louis Cardinals,Pittsburgh Pirates,Cream Alternate,Black Alternate,,,,,2,6,confirmed,,content/posts/mlb-uniform-tracker-2026.md,https://www.colorwaysports.com/stories/mlb-uniform-tracker-2026
mlb,2026,2026-08-29,mlb-2026-08-29-rangers-brewers,Milwaukee Brewers,Texas Rangers,Home White,Royal Blue Alternate,,,,,5,3,confirmed,,content/posts/mlb-uniform-tracker-2026.md,https://www.colorwaysports.com/stories/mlb-uniform-tracker-2026
mlb,2026,2026-08-29,mlb-2026-08-29-red-sox-yankees,New York Yankees,Boston Red Sox,Home White Pinstripes,Red Alternate,,,,,0,6,confirmed,,content/posts/mlb-uniform-tracker-2026.md,https://www.colorwaysports.com/stories/mlb-uniform-tracker-2026
mlb,2026,2026-08-29,mlb-2026-08-29-red-sox-yankees-g2,New York Yankees,Boston Red Sox,Home White Pinstripes,Road Gray,,,,,9,2,confirmed,,content/posts/mlb-uniform-tracker-2026.md,https://www.colorwaysports.com/stories/mlb-uniform-tracker-2026
mlb,2026,2026-08-29,mlb-2026-08-29-reds-cubs,Chicago Cubs,Cincinnati Reds,Home White Pinstripes,Red Script Alternate,,,,,17,5,confirmed,,content/posts/mlb-uniform-tracker-2026.md,https://www.colorwaysports.com/stories/mlb-uniform-tracker-2026
mlb,2026,2026-08-29,mlb-2026-08-29-rockies-braves,Atlanta Braves,Colorado Rockies,Light Blue City Connect,Purple Alternate,,,,,2,1,confirmed,,content/posts/mlb-uniform-tracker-2026.md,https://www.colorwaysports.com/stories/mlb-uniform-tracker-2026
mlb,2026,2026-08-29,mlb-2026-08-29-royals-guardians,Cleveland Guardians,Kansas City Royals,Red Alternate,Powder Blue Alternate,,,,,3,8,confirmed,,content/posts/mlb-uniform-tracker-2026.md,https://www.colorwaysports.com/stories/mlb-uniform-tracker-2026
mlb,2026,2026-08-29,mlb-2026-08-29-white-sox-twins,Minnesota Twins,Chicago White Sox,Cream Twin Cities,Road Gray,,,,,2,3,confirmed,,content/posts/mlb-uniform-tracker-2026.md,https://www.colorwaysports.com/stories/mlb-uniform-tracker-2026
mlb,2026,2026-08-30,mlb-2026-08-30-astros-mets,New York Mets,Houston Astros,Home White,Road Gray,,,,,3,6,confirmed,,content/posts/mlb-uniform-tracker-2026.md,https://www.colorwaysports.com/stories/mlb-uniform-tracker-2026
mlb,2026,2026-08-30,mlb-2026-08-30-dodgers-tigers,Detroit Tigers,Los Angeles Dodgers,Home White,Los Angeles Alternate Gray,,,,,1,6,confirmed,,content/posts/mlb-uniform-tracker-2026.md,https://www.colorwaysports.com/stories/mlb-uniform-tracker-2026
mlb,2026,2026-08-30,mlb-2026-08-30-mariners-blue-jays,Toronto Blue Jays,Seattle Mariners,Home White,Navy Alternate,,,,,7,0,confirmed,,content/posts/mlb-uniform-tracker-2026.md,https://www.colorwaysports.com/stories/mlb-uniform-tracker-2026
mlb,2026,2026-08-30,mlb-2026-08-30-marlins-nationals,Washington Nationals,Miami Marlins,Red Alternate,Road Gray,,,,,2,6,confirmed,,content/posts/mlb-uniform-tracker-2026.md,https://www.colorwaysports.com/stories/mlb-uniform-tracker-2026
mlb,2026,2026-08-30,mlb-2026-08-30-orioles-athletics,Athletics,Baltimore Orioles,Home White,Orange Alternate,,,,,5,8,confirmed,,content/posts/mlb-uniform-tracker-2026.md,https://www.colorwaysports.com/stories/mlb-uniform-tracker-2026
mlb,2026,2026-08-30,mlb-2026-08-30-padres-rays,Tampa Bay Rays,San Diego Padres,Home White,Brown Alternate,,,,,5,4,confirmed,,content/posts/mlb-uniform-tracker-2026.md,https://www.colorwaysports.com/stories/mlb-uniform-tracker-2026
mlb,2026,2026-08-30,mlb-2026-08-30-phillies-angels,Los Angeles Angels,Philadelphia Phillies,Home White,Road Gray,,,,,2,5,confirmed,,content/posts/mlb-uniform-tracker-2026.md,https://www.colorwaysports.com/stories/mlb-uniform-tracker-2026
mlb,2026,2026-08-30,mlb-2026-08-30-pirates-cardinals,St. Louis Cardinals,Pittsburgh Pirates,Home White,Black Alternate,,,,,4,5,confirmed,,content/posts/mlb-uniform-tracker-2026.md,https://www.colorwaysports.com/stories/mlb-uniform-tracker-2026
mlb,2026,2026-08-30,mlb-2026-08-30-rangers-brewers,Milwaukee Brewers,Texas Rangers,Home White Pinstripes,Road Gray,,,,,4,7,confirmed,,content/posts/mlb-uniform-tracker-2026.md,https://www.colorwaysports.com/stories/mlb-uniform-tracker-2026
mlb,2026,2026-08-30,mlb-2026-08-30-red-sox-yankees,New York Yankees,Boston Red Sox,Home White Pinstripes,Road Gray,,,,,16,1,confirmed,,content/posts/mlb-uniform-tracker-2026.md,https://www.colorwaysports.com/stories/mlb-uniform-tracker-2026
mlb,2026,2026-08-30,mlb-2026-08-30-reds-cubs,Chicago Cubs,Cincinnati Reds,Home White Pinstripes,Road Gray,,,,,5,7,confirmed,,content/posts/mlb-uniform-tracker-2026.md,https://www.colorwaysports.com/stories/mlb-uniform-tracker-2026
mlb,2026,2026-08-30,mlb-2026-08-30-rockies-braves,Atlanta Braves,Colorado Rockies,Home White,Purple Alternate,,,,,3,2,confirmed,,content/posts/mlb-uniform-tracker-2026.md,https://www.colorwaysports.com/stories/mlb-uniform-tracker-2026
mlb,2026,2026-08-30,mlb-2026-08-30-royals-guardians,Cleveland Guardians,Kansas City Royals,Home White,Royal Blue Alternate,,,,,11,1,confirmed,,content/posts/mlb-uniform-tracker-2026.md,https://www.colorwaysports.com/stories/mlb-uniform-tracker-2026
mlb,2026,2026-08-30,mlb-2026-08-30-white-sox-twins,Minnesota Twins,Chicago White Sox,Navy Alternate,Road Gray,,,,,5,1,confirmed,,content/posts/mlb-uniform-tracker-2026.md,https://www.colorwaysports.com/stories/mlb-uniform-tracker-2026
mlb,2026,2026-08-31,mlb-2026-08-31-athletics-rangers,Texas Rangers,Athletics,Home White,Road Gray,,,,,8,1,confirmed,,content/posts/mlb-uniform-tracker-2026.md,https://www.colorwaysports.com/stories/mlb-uniform-tracker-2026
mlb,2026,2026-08-31,mlb-2026-08-31-brewers-cubs,Chicago Cubs,Milwaukee Brewers,Home White Pinstripes,Powder Blue Alternate,,,,,17,3,confirmed,,content/posts/mlb-uniform-tracker-2026.md,https://www.colorwaysports.com/stories/mlb-uniform-tracker-2026
mlb,2026,2026-08-31,mlb-2026-08-31-giants-braves,Atlanta Braves,San Francisco Giants,Home White,Road Gray,,,,,3,7,confirmed,,content/posts/mlb-uniform-tracker-2026.md,https://www.colorwaysports.com/stories/mlb-uniform-tracker-2026
mlb,2026,2026-08-31,mlb-2026-08-31-mariners-red-sox,Boston Red Sox,Seattle Mariners,Home White,Navy Alternate,,,,,9,8,confirmed,,content/posts/mlb-uniform-tracker-2026.md,https://www.colorwaysports.com/stories/mlb-uniform-tracker-2026
mlb,2026,2026-08-31,mlb-2026-08-31-marlins-nationals,Washington Nationals,Miami Marlins,Home White,Black Alternate,,,,,6,3,confirmed,,content/posts/mlb-uniform-tracker-2026.md,https://www.colorwaysports.com/stories/mlb-uniform-tracker-2026
mlb,2026,2026-08-31,mlb-2026-08-31-mets-rays,Tampa Bay Rays,New York Mets,Home White,Road Gray,,,,,2,3,confirmed,,content/posts/mlb-uniform-tracker-2026.md,https://www.colorwaysports.com/stories/mlb-uniform-tracker-2026
mlb,2026,2026-08-31,mlb-2026-08-31-orioles-rockies,Colorado Rockies,Baltimore Orioles,Purple Alternate,Orange Alternate,,,,,1,2,confirmed,,content/posts/mlb-uniform-tracker-2026.md,https://www.colorwaysports.com/stories/mlb-uniform-tracker-2026
mlb,2026,2026-08-31,mlb-2026-08-31-padres-reds,Cincinnati Reds,San Diego Padres,Red Script Alternate,Khaki Road,,,,,0,5,confirmed,,content/posts/mlb-uniform-tracker-2026.md,https://www.colorwaysports.com/stories/mlb-uniform-tracker-2026
mlb,2026,2026-08-31,mlb-2026-08-31-phillies-diamondbacks,Arizona Diamondbacks,Philadelphia Phillies,Home White,Road Gray,,,,,1,2,confirmed,,content/posts/mlb-uniform-tracker-2026.md,https://www.colorwaysports.com/stories/mlb-uniform-tracker-2026
mlb,2026,2026-08-31,mlb-2026-08-31-tigers-twins,Minnesota Twins,Detroit Tigers,Navy Alternate,Road Gray,,,,,11,1,confirmed,,content/posts/mlb-uniform-tracker-2026.md,https://www.colorwaysports.com/stories/mlb-uniform-tracker-2026
mlb,2026,2026-08-31,mlb-2026-08-31-white-sox-astros,Houston Astros,Chicago White Sox,Stros City Connect,Black Alternate,,,,,6,3,confirmed,,content/posts/mlb-uniform-tracker-2026.md,https://www.colorwaysports.com/stories/mlb-uniform-tracker-2026
mlb,2026,2026-08-31,mlb-2026-08-31-yankees-angels,Los Angeles Angels,New York Yankees,Home White,Road Gray,,,,,10,1,confirmed,,content/posts/mlb-uniform-tracker-2026.md,https://www.colorwaysports.com/stories/mlb-uniform-tracker-2026
mlb,2026,2026-09-01,mlb-2026-09-01-athletics-rangers,Texas Rangers,Athletics,Home White,Road Gray,,,,,8,5,confirmed,,content/posts/mlb-uniform-tracker-2026.md,https://www.colorwaysports.com/stories/mlb-uniform-tracker-2026
mlb,2026,2026-09-01,mlb-2026-09-01-blue-jays-guardians,Cleveland Guardians,Toronto Blue Jays,Home White,Powder Blue Alternate,,,,,6,1,confirmed,,content/posts/mlb-uniform-tracker-2026.md,https://www.colorwaysports.com/stories/mlb-uniform-tracker-2026
mlb,2026,2026-09-01,mlb-2026-09-01-braves-nationals,Washington Nationals,Atlanta Braves,Home White,Navy Alternate,,,,,9,5,confirmed,,content/posts/mlb-uniform-tracker-2026.md,https://www.colorwaysports.com/stories/mlb-uniform-tracker-2026
mlb,2026,2026-09-01,mlb-2026-09-01-brewers-cubs,Chicago Cubs,Milwaukee Brewers,Home White Pinstripes,Navy Alternate,,,,,4,9,confirmed,,content/posts/mlb-uniform-tracker-2026.md,https://www.colorwaysports.com/stories/mlb-uniform-tracker-2026
mlb,2026,2026-09-01,mlb-2026-09-01-cardinals-dodgers,Los Angeles Dodgers,St. Louis Cardinals,Home White,Road Gray,,,,,8,13,confirmed,,content/posts/mlb-uniform-tracker-2026.md,https://www.colorwaysports.com/stories/mlb-uniform-tracker-2026
mlb,2026,2026-09-01,mlb-2026-09-01-giants-pirates,Pittsburgh Pirates,San Francisco Giants,Black Alternate,Road Gray,,,,,13,12,confirmed,,content/posts/mlb-uniform-tracker-2026.md,https://www.colorwaysports.com/stories/mlb-uniform-tracker-2026
mlb,2026,2026-09-01,mlb-2026-09-01-mariners-red-sox,Boston Red Sox,Seattle Mariners,Home White,Navy Alternate,,,,,6,9,confirmed,,content/posts/mlb-uniform-tracker-2026.md,https://www.colorwaysports.com/stories/mlb-uniform-tracker-2026
mlb,2026,2026-09-01,mlb-2026-09-01-marlins-royals,Kansas City Royals,Miami Marlins,Home White,Road Gray,,,,,3,6,confirmed,,content/posts/mlb-uniform-tracker-2026.md,https://www.colorwaysports.com/stories/mlb-uniform-tracker-2026
mlb,2026,2026-09-01,mlb-2026-09-01-mets-rays,Tampa Bay Rays,New York Mets,Home White,Road Gray,,,,,6,2,confirmed,,content/posts/mlb-uniform-tracker-2026.md,https://www.colorwaysports.com/stories/mlb-uniform-tracker-2026
mlb,2026,2026-09-01,mlb-2026-09-01-orioles-rockies,Colorado Rockies,Baltimore Orioles,Home White,Orange Alternate,,,,,4,2,confirmed,,content/posts/mlb-uniform-tracker-2026.md,https://www.colorwaysports.com/stories/mlb-uniform-tracker-2026
mlb,2026,2026-09-01,mlb-2026-09-01-padres-reds,Cincinnati Reds,San Diego Padres,Home White,Brown Alternate,,,,,4,3,confirmed,,content/posts/mlb-uniform-tracker-2026.md,https://www.colorwaysports.com/stories/mlb-uniform-tracker-2026
mlb,2026,2026-09-01,mlb-2026-09-01-phillies-diamondbacks,Arizona Diamondbacks,Philadelphia Phillies,Home White,Road Gray,,,,,1,7,confirmed,,content/posts/mlb-uniform-tracker-2026.md,https://www.colorwaysports.com/stories/mlb-uniform-tracker-2026
mlb,2026,2026-09-01,mlb-2026-09-01-tigers-twins,Minnesota Twins,Detroit Tigers,Navy Alternate,Road Gray,,,,,15,2,confirmed,,content/posts/mlb-uniform-tracker-2026.md,https://www.colorwaysports.com/stories/mlb-uniform-tracker-2026
mlb,2026,2026-09-01,mlb-2026-09-01-white-sox-astros,Houston Astros,Chicago White Sox,Home White,Road Gray,,,,,1,5,confirmed,,content/posts/mlb-uniform-tracker-2026.md,https://www.colorwaysports.com/stories/mlb-uniform-tracker-2026
mlb,2026,2026-09-01,mlb-2026-09-01-yankees-angels,Los Angeles Angels,New York Yankees,Home White,Road Gray,,,,,3,7,confirmed,,content/posts/mlb-uniform-tracker-2026.md,https://www.colorwaysports.com/stories/mlb-uniform-tracker-2026
mlb,2026,2026-09-02,mlb-2026-09-02-athletics-rangers,Texas Rangers,Athletics,Home White,Road Gray,,,,,2,9,confirmed,,content/posts/mlb-uniform-tracker-2026.md,https://www.colorwaysports.com/stories/mlb-uniform-tracker-2026
mlb,2026,2026-09-02,mlb-2026-09-02-blue-jays-guardians,Cleveland Guardians,Toronto Blue Jays,Home White,Road Gray,,,,,0,11,confirmed,,content/posts/mlb-uniform-tracker-2026.md,https://www.colorwaysports.com/stories/mlb-uniform-tracker-2026
mlb,2026,2026-09-02,mlb-2026-09-02-braves-nationals,Washington Nationals,Atlanta Braves,Home White,Road Gray,,,,,0,9,confirmed,,content/posts/mlb-uniform-tracker-2026.md,https://www.colorwaysports.com/stories/mlb-uniform-tracker-2026
mlb,2026,2026-09-02,mlb-2026-09-02-brewers-cubs,Chicago Cubs,Milwaukee Brewers,Home White Pinstripes,Navy Alternate,,,,,5,9,confirmed,,content/posts/mlb-uniform-tracker-2026.md,https://www.colorwaysports.com/stories/mlb-uniform-tracker-2026
mlb,2026,2026-09-02,mlb-2026-09-02-cardinals-dodgers,Los Angeles Dodgers,St. Louis Cardinals,Home White,Road Gray,,,,,6,8,confirmed,,content/posts/mlb-uniform-tracker-2026.md,https://www.colorwaysports.com/stories/mlb-uniform-tracker-2026
mlb,2026,2026-09-02,mlb-2026-09-02-giants-pirates,Pittsburgh Pirates,San Francisco Giants,Home White,Road Gray,,,,,4,5,confirmed,,content/posts/mlb-uniform-tracker-2026.md,https://www.colorwaysports.com/stories/mlb-uniform-tracker-2026
mlb,2026,2026-09-02,mlb-2026-09-02-mariners-red-sox,Boston Red Sox,Seattle Mariners,Home White,Navy Alternate,,,,,3,8,confirmed,,content/posts/mlb-uniform-tracker-2026.md,https://www.colorwaysports.com/stories/mlb-uniform-tracker-2026
mlb,2026,2026-09-02,mlb-2026-09-02-marlins-royals,Kansas City Royals,Miami Marlins,Home White,Black Alternate,,,,,6,9,confirmed,,content/posts/mlb-uniform-tracker-2026.md,https://www.colorwaysports.com/stories/mlb-uniform-tracker-2026
mlb,2026,2026-09-02,mlb-2026-09-02-mets-rays,Tampa Bay Rays,New York Mets,Home White,Road Gray,,,,,4,10,confirmed,,content/posts/mlb-uniform-tracker-2026.md,https://www.colorwaysports.com/stories/mlb-uniform-tracker-2026
mlb,2026,2026-09-02,mlb-2026-09-02-orioles-rockies,Colorado Rockies,Baltimore Orioles,Home White,Road Gray,,,,,6,5,confirmed,,content/posts/mlb-uniform-tracker-2026.md,https://www.colorwaysports.com/stories/mlb-uniform-tracker-2026
mlb,2026,2026-09-02,mlb-2026-09-02-padres-reds,Cincinnati Reds,San Diego Padres,Home White,Khaki Road,,,,,7,3,confirmed,,content/posts/mlb-uniform-tracker-2026.md,https://www.colorwaysports.com/stories/mlb-uniform-tracker-2026
mlb,2026,2026-09-02,mlb-2026-09-02-phillies-diamondbacks,Arizona Diamondbacks,Philadelphia Phillies,Sedona Red Alternate,Road Gray,,,,,1,0,confirmed,,content/posts/mlb-uniform-tracker-2026.md,https://www.colorwaysports.com/stories/mlb-uniform-tracker-2026
mlb,2026,2026-09-02,mlb-2026-09-02-tigers-twins,Minnesota Twins,Detroit Tigers,Navy Alternate,Road Gray,,,,,6,11,confirmed,,content/posts/mlb-uniform-tracker-2026.md,https://www.colorwaysports.com/stories/mlb-uniform-tracker-2026
mlb,2026,2026-09-02,mlb-2026-09-02-white-sox-astros,Houston Astros,Chicago White Sox,Home White,Road Gray,,,,,2,0,confirmed,,content/posts/mlb-uniform-tracker-2026.md,https://www.colorwaysports.com/stories/mlb-uniform-tracker-2026
mlb,2026,2026-09-02,mlb-2026-09-02-yankees-angels,Los Angeles Angels,New York Yankees,Home White,Road Gray,,,,,3,6,confirmed,,content/posts/mlb-uniform-tracker-2026.md,https://www.colorwaysports.com/stories/mlb-uniform-tracker-2026
mlb,2026,2026-09-03,mlb-2026-09-03-athletics-mariners,Seattle Mariners,Athletics,Navy Alternate,Road Gray,,,,,4,7,confirmed,,content/posts/mlb-uniform-tracker-2026.md,https://www.colorwaysports.com/stories/mlb-uniform-tracker-2026
mlb,2026,2026-09-03,mlb-2026-09-03-blue-jays-guardians,Cleveland Guardians,Toronto Blue Jays,Red Alternate,Road Gray,,,,,3,6,confirmed,,content/posts/mlb-uniform-tracker-2026.md,https://www.colorwaysports.com/stories/mlb-uniform-tracker-2026
mlb,2026,2026-09-03,mlb-2026-09-03-brewers-cubs,Chicago Cubs,Milwaukee Brewers,Home White Pinstripes,Navy Alternate,,,,,2,1,confirmed,,content/posts/mlb-uniform-tracker-2026.md,https://www.colorwaysports.com/stories/mlb-uniform-tracker-2026
mlb,2026,2026-09-03,mlb-2026-09-03-cardinals-dodgers,Los Angeles Dodgers,St. Louis Cardinals,Home White,Road Gray,,,,,3,2,confirmed,,content/posts/mlb-uniform-tracker-2026.md,https://www.colorwaysports.com/stories/mlb-uniform-tracker-2026
mlb,2026,2026-09-03,mlb-2026-09-03-giants-pirates,Pittsburgh Pirates,San Francisco Giants,Home White,Road Gray,,,,,5,2,confirmed,,content/posts/mlb-uniform-tracker-2026.md,https://www.colorwaysports.com/stories/mlb-uniform-tracker-2026
mlb,2026,2026-09-03,mlb-2026-09-03-marlins-royals,Kansas City Royals,Miami Marlins,Home White,Road Gray,,,,,7,3,confirmed,,content/posts/mlb-uniform-tracker-2026.md,https://www.colorwaysports.com/stories/mlb-uniform-tracker-2026
mlb,2026,2026-09-03,mlb-2026-09-03-rays-rangers,Texas Rangers,Tampa Bay Rays,Home White,Navy Alternate,,,,,6,0,confirmed,,content/posts/mlb-uniform-tracker-2026.md,https://www.colorwaysports.com/stories/mlb-uniform-tracker-2026
mlb,2026,2026-09-03,mlb-2026-09-03-red-sox-orioles,Baltimore Orioles,Boston Red Sox,Home White,Road Gray,,,,,5,6,confirmed,,content/posts/mlb-uniform-tracker-2026.md,https://www.colorwaysports.com/stories/mlb-uniform-tracker-2026
mlb,2026,2026-09-03,mlb-2026-09-03-white-sox-astros,Houston Astros,Chicago White Sox,Home White,Black Alternate,,,,,6,2,confirmed,,content/posts/mlb-uniform-tracker-2026.md,https://www.colorwaysports.com/stories/mlb-uniform-tracker-2026
mlb,2026,2026-09-04,mlb-2026-09-04-angels-pirates,Pittsburgh Pirates,Los Angeles Angels,Black City Connect,Red Alternate,,,,,1,0,confirmed,,content/posts/mlb-uniform-tracker-2026.md,https://www.colorwaysports.com/stories/mlb-uniform-tracker-2026
mlb,2026,2026-09-04,mlb-2026-09-04-athletics-mariners,Seattle Mariners,Athletics,City Connect,Road Gray,,,,,6,7,confirmed,,content/posts/mlb-uniform-tracker-2026.md,https://www.colorwaysports.com/stories/mlb-uniform-tracker-2026
mlb,2026,2026-09-04,mlb-2026-09-04-blue-jays-royals,Kansas City Royals,Toronto Blue Jays,White City Connect,Road Gray,,,,,2,9,confirmed,,content/posts/mlb-uniform-tracker-2026.md,https://www.colorwaysports.com/stories/mlb-uniform-tracker-2026
mlb,2026,2026-09-04,mlb-2026-09-04-braves-phillies,Philadelphia Phillies,Atlanta Braves,Black City Connect,Road Gray,,,,,2,5,confirmed,,content/posts/mlb-uniform-tracker-2026.md,https://www.colorwaysports.com/stories/mlb-uniform-tracker-2026
mlb,2026,2026-09-04,mlb-2026-09-04-brewers-reds,Cincinnati Reds,Milwaukee Brewers,Black City Connect,Powder Blue Alternate,,,,,7,10,confirmed,,content/posts/mlb-uniform-tracker-2026.md,https://www.colorwaysports.com/stories/mlb-uniform-tracker-2026
mlb,2026,2026-09-04,mlb-2026-09-04-cardinals-rockies,Colorado Rockies,St. Louis Cardinals,City Connect,Road Gray,,,,,6,7,confirmed,,content/posts/mlb-uniform-tracker-2026.md,https://www.colorwaysports.com/stories/mlb-uniform-tracker-2026
mlb,2026,2026-09-04,mlb-2026-09-04-cubs-marlins,Miami Marlins,Chicago Cubs,Retro Wave City Connect,Royal Blue Alternate,,,,,1,6,confirmed,,content/posts/mlb-uniform-tracker-2026.md,https://www.colorwaysports.com/stories/mlb-uniform-tracker-2026
mlb,2026,2026-09-04,mlb-2026-09-04-diamondbacks-astros,Houston Astros,Arizona Diamondbacks,Orange Alternate,Black Alternate,,,,,3,1,confirmed,,content/posts/mlb-uniform-tracker-2026.md,https://www.colorwaysports.com/stories/mlb-uniform-tracker-2026
mlb,2026,2026-09-04,mlb-2026-09-04-giants-mets,New York Mets,San Francisco Giants,Black Alternate,Road Gray,,,,,10,6,confirmed,,content/posts/mlb-uniform-tracker-2026.md,https://www.colorwaysports.com/stories/mlb-uniform-tracker-2026
mlb,2026,2026-09-04,mlb-2026-09-04-nationals-dodgers,Los Angeles Dodgers,Washington Nationals,Home White,Navy Alternate,,,,,5,3,confirmed,,content/posts/mlb-uniform-tracker-2026.md,https://www.colorwaysports.com/stories/mlb-uniform-tracker-2026
mlb,2026,2026-09-04,mlb-2026-09-04-rays-rangers,Texas Rangers,Tampa Bay Rays,Tejas City Connect,Navy Alternate,,,,,6,7,confirmed,,content/posts/mlb-uniform-tracker-2026.md,https://www.colorwaysports.com/stories/mlb-uniform-tracker-2026
mlb,2026,2026-09-04,mlb-2026-09-04-red-sox-orioles,Baltimore Orioles,Boston Red Sox,BMORE City Connect,Red Alternate,,,,,0,1,confirmed,,content/posts/mlb-uniform-tracker-2026.md,https://www.colorwaysports.com/stories/mlb-uniform-tracker-2026
mlb,2026,2026-09-04,mlb-2026-09-04-tigers-guardians,Cleveland Guardians,Detroit Tigers,Home White,Road Gray,,,,,7,6,confirmed,,content/posts/mlb-uniform-tracker-2026.md,https://www.colorwaysports.com/stories/mlb-uniform-tracker-2026
mlb,2026,2026-09-04,mlb-2026-09-04-tigers-guardians-g2,Cleveland Guardians,Detroit Tigers,Navy City Connect,Road Gray,,,,,4,3,confirmed,,content/posts/mlb-uniform-tracker-2026.md,https://www.colorwaysports.com/stories/mlb-uniform-tracker-2026
mlb,2026,2026-09-04,mlb-2026-09-04-twins-white-sox,Chicago White Sox,Minnesota Twins,Red City Connect,Navy Alternate,,,,,4,1,confirmed,,content/posts/mlb-uniform-tracker-2026.md,https://www.colorwaysports.com/stories/mlb-uniform-tracker-2026
mlb,2026,2026-09-04,mlb-2026-09-04-yankees-padres,San Diego Padres,New York Yankees,Navy City Connect,Road Gray,,,,,3,2,confirmed,,content/posts/mlb-uniform-tracker-2026.md,https://www.colorwaysports.com/stories/mlb-uniform-tracker-2026
mlb,2026,2026-09-05,mlb-2026-09-05-angels-pirates,Pittsburgh Pirates,Los Angeles Angels,Black Alternate,Red Alternate,,,,,1,6,confirmed,,content/posts/mlb-uniform-tracker-2026.md,https://www.colorwaysports.com/stories/mlb-uniform-tracker-2026
mlb,2026,2026-09-05,mlb-2026-09-05-athletics-mariners,Seattle Mariners,Athletics,Home White,Road Gray,,,,,2,6,confirmed,,content/posts/mlb-uniform-tracker-2026.md,https://www.colorwaysports.com/stories/mlb-uniform-tracker-2026
mlb,2026,2026-09-05,mlb-2026-09-05-blue-jays-royals,Kansas City Royals,Toronto Blue Jays,Powder Blue Alternate,Road Gray,,,,,3,4,confirmed,,content/posts/mlb-uniform-tracker-2026.md,https://www.colorwaysports.com/stories/mlb-uniform-tracker-2026
mlb,2026,2026-09-05,mlb-2026-09-05-braves-phillies,Philadelphia Phillies,Atlanta Braves,Home White Pinstripes,Road Gray,,,,,4,2,confirmed,,content/posts/mlb-uniform-tracker-2026.md,https://www.colorwaysports.com/stories/mlb-uniform-tracker-2026
mlb,2026,2026-09-05,mlb-2026-09-05-brewers-reds,Cincinnati Reds,Milwaukee Brewers,Red City Connect,Powder Blue Alternate,,,,,5,3,confirmed,,content/posts/mlb-uniform-tracker-2026.md,https://www.colorwaysports.com/stories/mlb-uniform-tracker-2026
mlb,2026,2026-09-05,mlb-2026-09-05-cardinals-rockies,Colorado Rockies,St. Louis Cardinals,Home White,Powder Blue,,,,,10,7,confirmed,,content/posts/mlb-uniform-tracker-2026.md,https://www.colorwaysports.com/stories/mlb-uniform-tracker-2026
mlb,2026,2026-09-05,mlb-2026-09-05-cubs-marlins,Miami Marlins,Chicago Cubs,Home White,Royal Blue Alternate,,,,,5,6,confirmed,,content/posts/mlb-uniform-tracker-2026.md,https://www.colorwaysports.com/stories/mlb-uniform-tracker-2026
mlb,2026,2026-09-05,mlb-2026-09-05-diamondbacks-astros,Houston Astros,Arizona Diamondbacks,Home White,Black Alternate,,,,,3,4,confirmed,,content/posts/mlb-uniform-tracker-2026.md,https://www.colorwaysports.com/stories/mlb-uniform-tracker-2026
mlb,2026,2026-09-05,mlb-2026-09-05-giants-mets,New York Mets,San Francisco Giants,NYC City Connect,Road Gray,,,,,5,9,confirmed,,content/posts/mlb-uniform-tracker-2026.md,https://www.colorwaysports.com/stories/mlb-uniform-tracker-2026
mlb,2026,2026-09-05,mlb-2026-09-05-nationals-dodgers,Los Angeles Dodgers,Washington Nationals,Cream City Connect,Road Gray,,,,,6,5,confirmed,,content/posts/mlb-uniform-tracker-2026.md,https://www.colorwaysports.com/stories/mlb-uniform-tracker-2026
mlb,2026,2026-09-05,mlb-2026-09-05-rays-rangers,Texas Rangers,Tampa Bay Rays,Home White,Navy Alternate,,,,,3,6,confirmed,,content/posts/mlb-uniform-tracker-2026.md,https://www.colorwaysports.com/stories/mlb-uniform-tracker-2026
mlb,2026,2026-09-05,mlb-2026-09-05-red-sox-orioles,Baltimore Orioles,Boston Red Sox,Black Alternate,Road Gray,,,,,0,5,confirmed,,content/posts/mlb-uniform-tracker-2026.md,https://www.colorwaysports.com/stories/mlb-uniform-tracker-2026
mlb,2026,2026-09-05,mlb-2026-09-05-tigers-guardians,Cleveland Guardians,Detroit Tigers,Home White,Road Gray,,,,,0,6,confirmed,,content/posts/mlb-uniform-tracker-2026.md,https://www.colorwaysports.com/stories/mlb-uniform-tracker-2026
mlb,2026,2026-09-05,mlb-2026-09-05-twins-white-sox,Chicago White Sox,Minnesota Twins,Home White Pinstripes,Road Gray,,,,,4,6,confirmed,,content/posts/mlb-uniform-tracker-2026.md,https://www.colorwaysports.com/stories/mlb-uniform-tracker-2026
mlb,2026,2026-09-05,mlb-2026-09-05-yankees-padres,San Diego Padres,New York Yankees,Home White,Road Gray,,,,,1,5,confirmed,,content/posts/mlb-uniform-tracker-2026.md,https://www.colorwaysports.com/stories/mlb-uniform-tracker-2026
mlb,2026,2026-09-06,mlb-2026-09-06-angels-pirates,Pittsburgh Pirates,Los Angeles Angels,Black Alternate,Red Alternate,,,,,1,0,confirmed,,content/posts/mlb-uniform-tracker-2026.md,https://www.colorwaysports.com/stories/mlb-uniform-tracker-2026
mlb,2026,2026-09-06,mlb-2026-09-06-athletics-mariners,Seattle Mariners,Athletics,Steelheads Throwback,Road Gray,,,,,2,0,confirmed,,content/posts/mlb-uniform-tracker-2026.md,https://www.colorwaysports.com/stories/mlb-uniform-tracker-2026
mlb,2026,2026-09-06,mlb-2026-09-06-blue-jays-royals,Kansas City Royals,Toronto Blue Jays,Royal Blue Alternate,Road Gray,,,,,6,1,confirmed,,content/posts/mlb-uniform-tracker-2026.md,https://www.colorwaysports.com/stories/mlb-uniform-tracker-2026
mlb,2026,2026-09-06,mlb-2026-09-06-braves-phillies,Philadelphia Phillies,Atlanta Braves,Cream Alternate,Navy Alternate,,,,,4,5,confirmed,,content/posts/mlb-uniform-tracker-2026.md,https://www.colorwaysports.com/stories/mlb-uniform-tracker-2026
mlb,2026,2026-09-06,mlb-2026-09-06-brewers-reds,Cincinnati Reds,Milwaukee Brewers,Red Script Alternate,Navy Alternate,,,,,12,8,confirmed,,content/posts/mlb-uniform-tracker-2026.md,https://www.colorwaysports.com/stories/mlb-uniform-tracker-2026
mlb,2026,2026-09-06,mlb-2026-09-06-cardinals-rockies,Colorado Rockies,St. Louis Cardinals,Home White,Road Gray,,,,,8,10,confirmed,,content/posts/mlb-uniform-tracker-2026.md,https://www.colorwaysports.com/stories/mlb-uniform-tracker-2026
mlb,2026,2026-09-06,mlb-2026-09-06-cubs-marlins,Miami Marlins,Chicago Cubs,Teal Throwback,Royal Blue Alternate,,,,,10,3,confirmed,,content/posts/mlb-uniform-tracker-2026.md,https://www.colorwaysports.com/stories/mlb-uniform-tracker-2026
mlb,2026,2026-09-06,mlb-2026-09-06-diamondbacks-astros,Houston Astros,Arizona Diamondbacks,Navy Alternate,Sedona Red Alternate,,,,,2,3,confirmed,,content/posts/mlb-uniform-tracker-2026.md,https://www.colorwaysports.com/stories/mlb-uniform-tracker-2026
mlb,2026,2026-09-06,mlb-2026-09-06-giants-mets,New York Mets,San Francisco Giants,Blue Alternate,Road Gray,,,,,4,2,confirmed,,content/posts/mlb-uniform-tracker-2026.md,https://www.colorwaysports.com/stories/mlb-uniform-tracker-2026
mlb,2026,2026-09-06,mlb-2026-09-06-nationals-dodgers,Los Angeles Dodgers,Washington Nationals,Home White,Navy Alternate,,,,,7,5,confirmed,,content/posts/mlb-uniform-tracker-2026.md,https://www.colorwaysports.com/stories/mlb-uniform-tracker-2026
mlb,2026,2026-09-06,mlb-2026-09-06-rays-rangers,Texas Rangers,Tampa Bay Rays,Powder Blue Alternate,Navy Alternate,,,,,8,6,confirmed,,content/posts/mlb-uniform-tracker-2026.md,https://www.colorwaysports.com/stories/mlb-uniform-tracker-2026
mlb,2026,2026-09-06,mlb-2026-09-06-red-sox-orioles,Baltimore Orioles,Boston Red Sox,Home White,Road Gray,,,,,1,3,confirmed,,content/posts/mlb-uniform-tracker-2026.md,https://www.colorwaysports.com/stories/mlb-uniform-tracker-2026
mlb,2026,2026-09-06,mlb-2026-09-06-tigers-guardians,Cleveland Guardians,Detroit Tigers,Red Alternate,Navy Alternate,,,,,3,2,confirmed,,content/posts/mlb-uniform-tracker-2026.md,https://www.colorwaysports.com/stories/mlb-uniform-tracker-2026
mlb,2026,2026-09-06,mlb-2026-09-06-twins-white-sox,Chicago White Sox,Minnesota Twins,Home White Pinstripes,Navy Alternate,,,,,10,1,confirmed,,content/posts/mlb-uniform-tracker-2026.md,https://www.colorwaysports.com/stories/mlb-uniform-tracker-2026
mlb,2026,2026-09-06,mlb-2026-09-06-yankees-padres,San Diego Padres,New York Yankees,Camouflage Alternate,Road Gray,,,,,4,3,confirmed,,content/posts/mlb-uniform-tracker-2026.md,https://www.colorwaysports.com/stories/mlb-uniform-tracker-2026
mlb,2026,2026-09-07,mlb-2026-09-07-angels-red-sox,Boston Red Sox,Los Angeles Angels,Home White,Red Alternate,,,,,5,2,confirmed,,content/posts/mlb-uniform-tracker-2026.md,https://www.colorwaysports.com/stories/mlb-uniform-tracker-2026
mlb,2026,2026-09-07,mlb-2026-09-07-blue-jays-athletics,Athletics,Toronto Blue Jays,Home White,Royal Blue Alternate,,,,,6,5,confirmed,,content/posts/mlb-uniform-tracker-2026.md,https://www.colorwaysports.com/stories/mlb-uniform-tracker-2026
mlb,2026,2026-09-07,mlb-2026-09-07-braves-phillies,Philadelphia Phillies,Atlanta Braves,Cream Alternate,Road Gray,,,,,1,0,confirmed,,content/posts/mlb-uniform-tracker-2026.md,https://www.colorwaysports.com/stories/mlb-uniform-tracker-2026
mlb,2026,2026-09-07,mlb-2026-09-07-cardinals-giants,San Francisco Giants,St. Louis Cardinals,Home Cream,Road Gray,,,,,5,4,confirmed,,content/posts/mlb-uniform-tracker-2026.md,https://www.colorwaysports.com/stories/mlb-uniform-tracker-2026
mlb,2026,2026-09-07,mlb-2026-09-07-cubs-brewers,Milwaukee Brewers,Chicago Cubs,Home Cream,Royal Blue Alternate,,,,,4,3,confirmed,,content/posts/mlb-uniform-tracker-2026.md,https://www.colorwaysports.com/stories/mlb-uniform-tracker-2026
mlb,2026,2026-09-07,mlb-2026-09-07-diamondbacks-royals,Kansas City Royals,Arizona Diamondbacks,Royal Blue Alternate,Road Gray,,,,,4,5,confirmed,,content/posts/mlb-uniform-tracker-2026.md,https://www.colorwaysports.com/stories/mlb-uniform-tracker-2026
mlb,2026,2026-09-07,mlb-2026-09-07-guardians-orioles,Baltimore Orioles,Cleveland Guardians,Home White,Navy Alternate,,,,,6,4,confirmed,,content/posts/mlb-uniform-tracker-2026.md,https://www.colorwaysports.com/stories/mlb-uniform-tracker-2026
mlb,2026,2026-09-07,mlb-2026-09-07-mets-marlins,Miami Marlins,New York Mets,Home White,Road Gray,,,,,4,9,confirmed,,content/posts/mlb-uniform-tracker-2026.md,https://www.colorwaysports.com/stories/mlb-uniform-tracker-2026
mlb,2026,2026-09-07,mlb-2026-09-07-nationals-padres,San Diego Padres,Washington Nationals,Home White,Road Gray,,,,,3,2,confirmed,,content/posts/mlb-uniform-tracker-2026.md,https://www.colorwaysports.com/stories/mlb-uniform-tracker-2026
mlb,2026,2026-09-07,mlb-2026-09-07-reds-dodgers,Los Angeles Dodgers,Cincinnati Reds,Home White,Road Gray,,,,,6,3,confirmed,,content/posts/mlb-uniform-tracker-2026.md,https://www.colorwaysports.com/stories/mlb-uniform-tracker-2026
mlb,2026,2026-09-07,mlb-2026-09-07-twins-tigers,Detroit Tigers,Minnesota Twins,Navy City Connect,Road Gray,,,,,5,4,confirmed,,content/posts/mlb-uniform-tracker-2026.md,https://www.colorwaysports.com/stories/mlb-uniform-tracker-2026
mlb,2026,2026-09-08,mlb-2026-09-08-angels-red-sox,Boston Red Sox,Los Angeles Angels,Home White,Red Alternate,,,,,1,6,confirmed,,content/posts/mlb-uniform-tracker-2026.md,https://www.colorwaysports.com/stories/mlb-uniform-tracker-2026
mlb,2026,2026-09-08,mlb-2026-09-08-astros-phillies,Philadelphia Phillies,Houston Astros,Home White Pinstripes,Road Gray,,,,,5,6,confirmed,,content/posts/mlb-uniform-tracker-2026.md,https://www.colorwaysports.com/stories/mlb-uniform-tracker-2026
mlb,2026,2026-09-08,mlb-2026-09-08-blue-jays-athletics,Athletics,Toronto Blue Jays,Home White,Road Gray,,,,,2,4,confirmed,,content/posts/mlb-uniform-tracker-2026.md,https://www.colorwaysports.com/stories/mlb-uniform-tracker-2026
mlb,2026,2026-09-08,mlb-2026-09-08-cardinals-giants,San Francisco Giants,St. Louis Cardinals,Black City Connect,Road Gray,,,,,2,1,confirmed,,content/posts/mlb-uniform-tracker-2026.md,https://www.colorwaysports.com/stories/mlb-uniform-tracker-2026
mlb,2026,2026-09-08,mlb-2026-09-08-cubs-brewers,Milwaukee Brewers,Chicago Cubs,Home Cream,Royal Blue Alternate,,,,,4,3,confirmed,,content/posts/mlb-uniform-tracker-2026.md,https://www.colorwaysports.com/stories/mlb-uniform-tracker-2026
mlb,2026,2026-09-08,mlb-2026-09-08-diamondbacks-royals,Kansas City Royals,Arizona Diamondbacks,Home White,Road Gray,,,,,3,5,confirmed,,content/posts/mlb-uniform-tracker-2026.md,https://www.colorwaysports.com/stories/mlb-uniform-tracker-2026
mlb,2026,2026-09-08,mlb-2026-09-08-guardians-orioles,Baltimore Orioles,Cleveland Guardians,Home White,Road Gray,,,,,5,9,confirmed,,content/posts/mlb-uniform-tracker-2026.md,https://www.colorwaysports.com/stories/mlb-uniform-tracker-2026
mlb,2026,2026-09-08,mlb-2026-09-08-mets-marlins,Miami Marlins,New York Mets,Home White,Road Gray,,,,,5,7,confirmed,,content/posts/mlb-uniform-tracker-2026.md,https://www.colorwaysports.com/stories/mlb-uniform-tracker-2026
mlb,2026,2026-09-08,mlb-2026-09-08-nationals-padres,San Diego Padres,Washington Nationals,Home White,Road Gray,,,,,5,4,confirmed,,content/posts/mlb-uniform-tracker-2026.md,https://www.colorwaysports.com/stories/mlb-uniform-tracker-2026
mlb,2026,2026-09-08,mlb-2026-09-08-pirates-white-sox,Chicago White Sox,Pittsburgh Pirates,Home White Pinstripes,Black Alternate,,,,,3,9,confirmed,,content/posts/mlb-uniform-tracker-2026.md,https://www.colorwaysports.com/stories/mlb-uniform-tracker-2026
mlb,2026,2026-09-08,mlb-2026-09-08-rangers-mariners,Seattle Mariners,Texas Rangers,Home White,Royal Blue Alternate,,,,,5,10,confirmed,,content/posts/mlb-uniform-tracker-2026.md,https://www.colorwaysports.com/stories/mlb-uniform-tracker-2026
mlb,2026,2026-09-08,mlb-2026-09-08-rays-braves,Atlanta Braves,Tampa Bay Rays,Home White,Navy Alternate,,,,,1,7,confirmed,,content/posts/mlb-uniform-tracker-2026.md,https://www.colorwaysports.com/stories/mlb-uniform-tracker-2026
mlb,2026,2026-09-08,mlb-2026-09-08-reds-dodgers,Los Angeles Dodgers,Cincinnati Reds,Home White,Red Script Alternate,,,,,3,2,confirmed,,content/posts/mlb-uniform-tracker-2026.md,https://www.colorwaysports.com/stories/mlb-uniform-tracker-2026
mlb,2026,2026-09-08,mlb-2026-09-08-rockies-yankees,New York Yankees,Colorado Rockies,Home White Pinstripes,Road Gray,,,,,5,3,confirmed,,content/posts/mlb-uniform-tracker-2026.md,https://www.colorwaysports.com/stories/mlb-uniform-tracker-2026
mlb,2026,2026-09-08,mlb-2026-09-08-twins-tigers,Detroit Tigers,Minnesota Twins,Home White,Navy Alternate,,,,,2,3,confirmed,,content/posts/mlb-uniform-tracker-2026.md,https://www.colorwaysports.com/stories/mlb-uniform-tracker-2026
mlb,2026,2026-09-09,mlb-2026-09-09-angels-red-sox,Boston Red Sox,Los Angeles Angels,Home White,Red Alternate,,,,,4,6,confirmed,,content/posts/mlb-uniform-tracker-2026.md,https://www.colorwaysports.com/stories/mlb-uniform-tracker-2026
mlb,2026,2026-09-09,mlb-2026-09-09-astros-phillies,Philadelphia Phillies,Houston Astros,Home White Pinstripes,Orange Alternate,,,,,11,7,confirmed,,content/posts/mlb-uniform-tracker-2026.md,https://www.colorwaysports.com/stories/mlb-uniform-tracker-2026
mlb,2026,2026-09-09,mlb-2026-09-09-blue-jays-athletics,Athletics,Toronto Blue Jays,Home White,Road Gray,,,,,2,0,confirmed,,content/posts/mlb-uniform-tracker-2026.md,https://www.colorwaysports.com/stories/mlb-uniform-tracker-2026
mlb,2026,2026-09-09,mlb-2026-09-09-cardinals-giants,San Francisco Giants,St. Louis Cardinals,Home Cream,Road Gray,,,,,7,6,confirmed,,content/posts/mlb-uniform-tracker-2026.md,https://www.colorwaysports.com/stories/mlb-uniform-tracker-2026
mlb,2026,2026-09-09,mlb-2026-09-09-cubs-brewers,Milwaukee Brewers,Chicago Cubs,Home Cream,Road Gray,,,,,8,6,confirmed,,content/posts/mlb-uniform-tracker-2026.md,https://www.colorwaysports.com/stories/mlb-uniform-tracker-2026
mlb,2026,2026-09-09,mlb-2026-09-09-diamondbacks-royals,Kansas City Royals,Arizona Diamondbacks,Home White,Black Alternate,,,,,5,2,confirmed,,content/posts/mlb-uniform-tracker-2026.md,https://www.colorwaysports.com/stories/mlb-uniform-tracker-2026
mlb,2026,2026-09-09,mlb-2026-09-09-guardians-orioles,Baltimore Orioles,Cleveland Guardians,Home White,Road Gray,,,,,9,5,confirmed,,content/posts/mlb-uniform-tracker-2026.md,https://www.colorwaysports.com/stories/mlb-uniform-tracker-2026
mlb,2026,2026-09-09,mlb-2026-09-09-mets-marlins,Miami Marlins,New York Mets,Home White,Road Gray,,,,,14,15,confirmed,,content/posts/mlb-uniform-tracker-2026.md,https://www.colorwaysports.com/stories/mlb-uniform-tracker-2026
mlb,2026,2026-09-09,mlb-2026-09-09-nationals-padres,San Diego Padres,Washington Nationals,Home White,Navy Alternate,,,,,9,2,confirmed,,content/posts/mlb-uniform-tracker-2026.md,https://www.colorwaysports.com/stories/mlb-uniform-tracker-2026
mlb,2026,2026-09-09,mlb-2026-09-09-pirates-white-sox,Chicago White Sox,Pittsburgh Pirates,Home White Pinstripes,Black Alternate,,,,,2,4,confirmed,,content/posts/mlb-uniform-tracker-2026.md,https://www.colorwaysports.com/stories/mlb-uniform-tracker-2026
mlb,2026,2026-09-09,mlb-2026-09-09-rangers-mariners,Seattle Mariners,Texas Rangers,Home White,Royal Blue Alternate,,,,,3,2,confirmed,,content/posts/mlb-uniform-tracker-2026.md,https://www.colorwaysports.com/stories/mlb-uniform-tracker-2026
mlb,2026,2026-09-09,mlb-2026-09-09-rays-braves,Atlanta Braves,Tampa Bay Rays,Home White,Navy Alternate,,,,,2,7,confirmed,,content/posts/mlb-uniform-tracker-2026.md,https://www.colorwaysports.com/stories/mlb-uniform-tracker-2026
mlb,2026,2026-09-09,mlb-2026-09-09-reds-dodgers,Los Angeles Dodgers,Cincinnati Reds,Home White,Red Script Alternate,,,,,14,1,confirmed,,content/posts/mlb-uniform-tracker-2026.md,https://www.colorwaysports.com/stories/mlb-uniform-tracker-2026
mlb,2026,2026-09-09,mlb-2026-09-09-rockies-yankees,New York Yankees,Colorado Rockies,Home White Pinstripes,Purple Alternate,,,,,6,1,confirmed,,content/posts/mlb-uniform-tracker-2026.md,https://www.colorwaysports.com/stories/mlb-uniform-tracker-2026
mlb,2026,2026-09-09,mlb-2026-09-09-twins-tigers,Detroit Tigers,Minnesota Twins,Home White,Navy Alternate,,,,,7,2,confirmed,,content/posts/mlb-uniform-tracker-2026.md,https://www.colorwaysports.com/stories/mlb-uniform-tracker-2026
mlb,2026,2026-09-10,mlb-2026-09-10-astros-phillies,Philadelphia Phillies,Houston Astros,Powder Blue,Orange Alternate,,,,,1,2,confirmed,,content/posts/mlb-uniform-tracker-2026.md,https://www.colorwaysports.com/stories/mlb-uniform-tracker-2026
mlb,2026,2026-09-10,mlb-2026-09-10-pirates-white-sox,Chicago White Sox,Pittsburgh Pirates,Home White Pinstripes,Black Alternate,,,,,0,2,confirmed,,content/posts/mlb-uniform-tracker-2026.md,https://www.colorwaysports.com/stories/mlb-uniform-tracker-2026
mlb,2026,2026-09-10,mlb-2026-09-10-rangers-mariners,Seattle Mariners,Texas Rangers,Home White,Road Gray,,,,,4,3,confirmed,,content/posts/mlb-uniform-tracker-2026.md,https://www.colorwaysports.com/stories/mlb-uniform-tracker-2026
mlb,2026,2026-09-10,mlb-2026-09-10-rays-braves,Atlanta Braves,Tampa Bay Rays,Home White,Navy Alternate,,,,,3,1,confirmed,,content/posts/mlb-uniform-tracker-2026.md,https://www.colorwaysports.com/stories/mlb-uniform-tracker-2026
mlb,2026,2026-09-10,mlb-2026-09-10-rockies-yankees,New York Yankees,Colorado Rockies,Home White Pinstripes,Road Gray,,,,,10,3,confirmed,,content/posts/mlb-uniform-tracker-2026.md,https://www.colorwaysports.com/stories/mlb-uniform-tracker-2026
mlb,2026,2026-09-11,mlb-2026-09-11-angels-nationals,Washington Nationals,Los Angeles Angels,Navy Alternate,Red Alternate,,,,,4,3,confirmed,,content/posts/mlb-uniform-tracker-2026.md,https://www.colorwaysports.com/stories/mlb-uniform-tracker-2026
mlb,2026,2026-09-11,mlb-2026-09-11-astros-rays,Tampa Bay Rays,Houston Astros,Devil Rays Throwback,Road Gray,,,,,3,1,confirmed,,content/posts/mlb-uniform-tracker-2026.md,https://www.colorwaysports.com/stories/mlb-uniform-tracker-2026
mlb,2026,2026-09-11,mlb-2026-09-11-dodgers-marlins,Miami Marlins,Los Angeles Dodgers,Retro Wave City Connect,Road Gray,,,,,,,confirmed,,content/posts/mlb-uniform-tracker-2026.md,https://www.colorwaysports.com/stories/mlb-uniform-tracker-2026
mlb,2026,2026-09-11,mlb-2026-09-11-guardians-twins,Minnesota Twins,Cleveland Guardians,Ripple Effect City Connect,Road Gray,,,,,,,confirmed,,content/posts/mlb-uniform-tracker-2026.md,https://www.colorwaysports.com/stories/mlb-uniform-tracker-2026
mlb,2026,2026-09-11,mlb-2026-09-11-mariners-athletics,Athletics,Seattle Mariners,Home White,Navy Alternate,,,,,,,confirmed,,content/posts/mlb-uniform-tracker-2026.md,https://www.colorwaysports.com/stories/mlb-uniform-tracker-2026
mlb,2026,2026-09-11,mlb-2026-09-11-mets-yankees,New York Yankees,New York Mets,Home White Pinstripes,Road Gray,,,,,,,confirmed,,content/posts/mlb-uniform-tracker-2026.md,https://www.colorwaysports.com/stories/mlb-uniform-tracker-2026
mlb,2026,2026-09-11,mlb-2026-09-11-orioles-blue-jays,Toronto Blue Jays,Baltimore Orioles,Navy City Connect,Road Gray,,,,,,,confirmed,,content/posts/mlb-uniform-tracker-2026.md,https://www.colorwaysports.com/stories/mlb-uniform-tracker-2026
mlb,2026,2026-09-11,mlb-2026-09-11-phillies-braves,Atlanta Braves,Philadelphia Phillies,Red Alternate,Road Gray,,,,,,,confirmed,,content/posts/mlb-uniform-tracker-2026.md,https://www.colorwaysports.com/stories/mlb-uniform-tracker-2026
mlb,2026,2026-09-11,mlb-2026-09-11-pirates-cubs,Chicago Cubs,Pittsburgh Pirates,Home White Pinstripes,Black Alternate,,,,,12,2,confirmed,,content/posts/mlb-uniform-tracker-2026.md,https://www.colorwaysports.com/stories/mlb-uniform-tracker-2026
mlb,2026,2026-09-11,mlb-2026-09-11-rangers-diamondbacks,Arizona Diamondbacks,Texas Rangers,Purple City Connect,Road Gray,,,,,,,confirmed,,content/posts/mlb-uniform-tracker-2026.md,https://www.colorwaysports.com/stories/mlb-uniform-tracker-2026
mlb,2026,2026-09-11,mlb-2026-09-11-reds-brewers,Milwaukee Brewers,Cincinnati Reds,Wisco City Connect,Road Gray,,,,,,,confirmed,,content/posts/mlb-uniform-tracker-2026.md,https://www.colorwaysports.com/stories/mlb-uniform-tracker-2026
mlb,2026,2026-09-11,mlb-2026-09-11-rockies-tigers,Detroit Tigers,Colorado Rockies,Home White,Purple Alternate,,,,,6,2,confirmed,,content/posts/mlb-uniform-tracker-2026.md,https://www.colorwaysports.com/stories/mlb-uniform-tracker-2026
mlb,2026,2026-09-11,mlb-2026-09-11-royals-red-sox,Boston Red Sox,Kansas City Royals,Green City Connect,Road Gray,,,,,,,confirmed,,content/posts/mlb-uniform-tracker-2026.md,https://www.colorwaysports.com/stories/mlb-uniform-tracker-2026
mlb,2026,2026-09-11,mlb-2026-09-11-white-sox-cardinals,St. Louis Cardinals,Chicago White Sox,The Lou City Connect,Road Gray,,,,,,,confirmed,,content/posts/mlb-uniform-tracker-2026.md,https://www.colorwaysports.com/stories/mlb-uniform-tracker-2026
nfl,2026,2026-08-06,nfl-2026-08-06-panthers-cardinals,Arizona Cardinals,Carolina Panthers,#97233F,#FFFFFF,#FFFFFF,#BFC0BF,#97233F,#FFFFFF,,,confirmed,8/10,content/posts/nfl-uniform-tracker-2026.md,https://www.colorwaysports.com/stories/nfl-uniform-tracker-2026
nfl,2026,2026-09-09,nfl-2026-09-09-patriots-seahawks,Seattle Seahawks,New England Patriots,#002244,#FFFFFF,#002244,#B0B7BC,#002244,#002244,,,confirmed,B,content/posts/nfl-uniform-tracker-2026.md,https://www.colorwaysports.com/stories/nfl-uniform-tracker-2026
nfl,2026,2026-09-10,nfl-2026-09-10-49ers-rams,Los Angeles Rams,San Francisco 49ers,#003594,#FFFFFF,#003594,#B3995D,#FFD100,#B3995D,,,confirmed,,content/posts/nfl-uniform-tracker-2026.md,https://www.colorwaysports.com/stories/nfl-uniform-tracker-2026
nfl,2026,,nfl-2026-wk1-49ers-rams,Los Angeles Rams,San Francisco 49ers,,White,,,,,,,announced,,content/posts/49ers-uniform-schedule-2026.md,https://www.colorwaysports.com/stories/49ers-uniform-schedule-2026
nfl,2026,,nfl-2026-wk1-49ers-rams,Los Angeles Rams,San Francisco 49ers,Royal,,,,,,,,announced,,content/posts/rams-uniform-schedule-2026.md,https://www.colorwaysports.com/stories/rams-uniform-schedule-2026
nfl,2026,,nfl-2026-wk1-bears-panthers,Carolina Panthers,Chicago Bears,,White,,,,,,,expected,,content/posts/bears-uniform-schedule-2026.md,https://www.colorwaysports.com/stories/bears-uniform-schedule-2026
nfl,2026,,nfl-2026-wk1-bears-panthers,Carolina Panthers,Chicago Bears,Panther Blue,,,,,,,,announced,,content/posts/panthers-uniform-schedule-2026.md,https://www.colorwaysports.com/stories/panthers-uniform-schedule-2026
nfl,2026,,nfl-2026-wk1-bills-texans,Houston Texans,Buffalo Bills,,Blue,,,,,,,announced,,content/posts/bills-uniform-schedule-2026.md,https://www.colorwaysports.com/stories/bills-uniform-schedule-2026
nfl,2026,,nfl-2026-wk1-bills-texans,Houston Texans,Buffalo Bills,Liberty White,,,,,,,,announced,,content/posts/texans-uniform-schedule-2026.md,https://www.colorwaysports.com/stories/texans-uniform-schedule-2026
nfl,2026,,nfl-2026-wk1-broncos-chiefs,Kansas City Chiefs,Denver Broncos,,All White,,,,,,,announced,,content/posts/broncos-uniform-schedule-2026.md,https://www.colorwaysports.com/stories/broncos-uniform-schedule-2026
nfl,2026,,nfl-2026-wk1-broncos-chiefs,Kansas City Chiefs,Denver Broncos,Red,,,,,,,,expected,,content/posts/chiefs-uniform-schedule-2026.md,https://www.colorwaysports.com/stories/chiefs-uniform-schedule-2026
nfl,2026,,nfl-2026-wk1-browns-jaguars,Jacksonville Jaguars,Cleveland Browns,,White,,,,,,,expected,,content/posts/browns-uniform-schedule-2026.md,https://www.colorwaysports.com/stories/browns-uniform-schedule-2026
nfl,2026,,nfl-2026-wk1-browns-jaguars,Jacksonville Jaguars,Cleveland Browns,Teal,,,,,,,,expected,,content/posts/jaguars-uniform-schedule-2026.md,https://www.colorwaysports.com/stories/jaguars-uniform-schedule-2026
nfl,2026,,nfl-2026-wk1-buccaneers-bengals,Cincinnati Bengals,Tampa Bay Buccaneers,Open In Orange,,,,,,,,announced,,content/posts/bengals-uniform-schedule-2026.md,https://www.colorwaysports.com/stories/bengals-uniform-schedule-2026
nfl,2026,,nfl-2026-wk1-buccaneers-bengals,Cincinnati Bengals,Tampa Bay Buccaneers,,White,,,,,,,expected,,content/posts/buccaneers-uniform-schedule-2026.md,https://www.colorwaysports.com/stories/buccaneers-uniform-schedule-2026
nfl,2026,,nfl-2026-wk1-cardinals-chargers,Los Angeles Chargers,Arizona Cardinals,,White,,,,,,,announced,,content/posts/arizona-cardinals-uniform-schedule-2026.md,https://www.colorwaysports.com/stories/arizona-cardinals-uniform-schedule-2026
nfl,2026,,nfl-2026-wk1-cardinals-chargers,Los Angeles Chargers,Arizona Cardinals,Powder Blue,,,,,,,,announced,,content/posts/chargers-uniform-schedule-2026.md,https://www.colorwaysports.com/stories/chargers-uniform-schedule-2026
nfl,2026,,nfl-2026-wk1-commanders-eagles,Philadelphia Eagles,Washington Commanders,,White,,,,,,,announced,,content/posts/commanders-uniform-schedule-2026.md,https://www.colorwaysports.com/stories/commanders-uniform-schedule-2026
nfl,2026,,nfl-2026-wk1-commanders-eagles,Philadelphia Eagles,Washington Commanders,Midnight Green,,,,,,,,expected,,content/posts/eagles-uniform-schedule-2026.md,https://www.colorwaysports.com/stories/eagles-uniform-schedule-2026
nfl,2026,,nfl-2026-wk1-cowboys-giants,New York Giants,Dallas Cowboys,,White,,,,,,,announced,,content/posts/cowboys-uniform-schedule-2026.md,https://www.colorwaysports.com/stories/cowboys-uniform-schedule-2026
nfl,2026,,nfl-2026-wk1-cowboys-giants,New York Giants,Dallas Cowboys,Blue,,,,,,,,expected,,content/posts/new-york-giants-uniform-schedule-2026.md,https://www.colorwaysports.com/stories/new-york-giants-uniform-schedule-2026
nfl,2026,,nfl-2026-wk1-dolphins-raiders,Las Vegas Raiders,Miami Dolphins,,White,,,,,,,expected,,content/posts/dolphins-uniform-schedule-2026.md,https://www.colorwaysports.com/stories/dolphins-uniform-schedule-2026
nfl,2026,,nfl-2026-wk1-dolphins-raiders,Las Vegas Raiders,Miami Dolphins,Black,,,,,,,,expected,,content/posts/raiders-uniform-schedule-2026.md,https://www.colorwaysports.com/stories/raiders-uniform-schedule-2026
nfl,2026,,nfl-2026-wk1-falcons-steelers,Pittsburgh Steelers,Atlanta Falcons,,White,,,,,,,announced,,content/posts/falcons-uniform-schedule-2026.md,https://www.colorwaysports.com/stories/falcons-uniform-schedule-2026
nfl,2026,,nfl-2026-wk1-falcons-steelers,Pittsburgh Steelers,Atlanta Falcons,Black,,,,,,,,expected,,content/posts/steelers-uniform-schedule-2026.md,https://www.colorwaysports.com/stories/steelers-uniform-schedule-2026
nfl,2026,,nfl-2026-wk1-jets-titans,Tennessee Titans,New York Jets,,White,,,,,,,expected,,content/posts/jets-uniform-schedule-2026.md,https://www.colorwaysports.com/stories/jets-uniform-schedule-2026
nfl,2026,,nfl-2026-wk1-jets-titans,Tennessee Titans,New York Jets,Blue,,,,,,,,announced,,content/posts/titans-uniform-schedule-2026.md,https://www.colorwaysports.com/stories/titans-uniform-schedule-2026
nfl,2026,,nfl-2026-wk1-packers-vikings,Minnesota Vikings,Green Bay Packers,,White,,,,,,,expected,,content/posts/packers-uniform-schedule-2026.md,https://www.colorwaysports.com/stories/packers-uniform-schedule-2026
nfl,2026,,nfl-2026-wk1-packers-vikings,Minnesota Vikings,Green Bay Packers,Classic,,,,,,,,announced,,content/posts/vikings-uniform-schedule-2026.md,https://www.colorwaysports.com/stories/vikings-uniform-schedule-2026
nfl,2026,,nfl-2026-wk1-patriots-seahawks,Seattle Seahawks,New England Patriots,,White on Blue,,,,,,,announced,,content/posts/patriots-uniform-schedule-2026.md,https://www.colorwaysports.com/stories/patriots-uniform-schedule-2026
nfl,2026,,nfl-2026-wk1-patriots-seahawks,Seattle Seahawks,New England Patriots,All Navy,,,,,,,,announced,,content/posts/seahawks-uniform-schedule-2026.md,https://www.colorwaysports.com/stories/seahawks-uniform-schedule-2026
nfl,2026,,nfl-2026-wk1-ravens-colts,Indianapolis Colts,Baltimore Ravens,Blue,,,,,,,,expected,,content/posts/colts-uniform-schedule-2026.md,https://www.colorwaysports.com/stories/colts-uniform-schedule-2026
nfl,2026,,nfl-2026-wk1-ravens-colts,Indianapolis Colts,Baltimore Ravens,,White,,,,,,,announced,,content/posts/ravens-uniform-schedule-2026.md,https://www.colorwaysports.com/stories/ravens-uniform-schedule-2026
nfl,2026,,nfl-2026-wk1-saints-lions,Detroit Lions,New Orleans Saints,Honolulu Blue,,,,,,,,expected,,content/posts/lions-uniform-schedule-2026.md,https://www.colorwaysports.com/stories/lions-uniform-schedule-2026
nfl,2026,,nfl-2026-wk1-saints-lions,Detroit Lions,New Orleans Saints,,White,,,,,,,announced,,content/posts/saints-uniform-schedule-2026.md,https://www.colorwaysports.com/stories/saints-uniform-schedule-2026
nfl,2026,,nfl-2026-wk2-bengals-texans,Houston Texans,Cincinnati Bengals,,White,,,,,,,expected,,content/posts/bengals-uniform-schedule-2026.md,https://www.colorwaysports.com/stories/bengals-uniform-schedule-2026
nfl,2026,,nfl-2026-wk2-bengals-texans,Houston Texans,Cincinnati Bengals,Deep Steel Blue,,,,,,,,expected,,content/posts/texans-uniform-schedule-2026.md,https://www.colorwaysports.com/stories/texans-uniform-schedule-2026
nfl,2026,,nfl-2026-wk2-browns-buccaneers,Tampa Bay Buccaneers,Cleveland Browns,,White,,,,,,,expected,,content/posts/browns-uniform-schedule-2026.md,https://www.colorwaysports.com/stories/browns-uniform-schedule-2026
nfl,2026,,nfl-2026-wk2-browns-buccaneers,Tampa Bay Buccaneers,Cleveland Browns,Red,,,,,,,,expected,,content/posts/buccaneers-uniform-schedule-2026.md,https://www.colorwaysports.com/stories/buccaneers-uniform-schedule-2026
nfl,2026,,nfl-2026-wk2-colts-chiefs,Kansas City Chiefs,Indianapolis Colts,Red,,,,,,,,expected,,content/posts/chiefs-uniform-schedule-2026.md,https://www.colorwaysports.com/stories/chiefs-uniform-schedule-2026
nfl,2026,,nfl-2026-wk2-colts-chiefs,Kansas City Chiefs,Indianapolis Colts,,White,,,,,,,expected,,content/posts/colts-uniform-schedule-2026.md,https://www.colorwaysports.com/stories/colts-uniform-schedule-2026
nfl,2026,,nfl-2026-wk2-commanders-cowboys,Dallas Cowboys,Washington Commanders,,Burgundy,,,,,,,expected,,content/posts/commanders-uniform-schedule-2026.md,https://www.colorwaysports.com/stories/commanders-uniform-schedule-2026
nfl,2026,,nfl-2026-wk2-commanders-cowboys,Dallas Cowboys,Washington Commanders,Color Rush,,,,,,,,announced,,content/posts/cowboys-uniform-schedule-2026.md,https://www.colorwaysports.com/stories/cowboys-uniform-schedule-2026
nfl,2026,,nfl-2026-wk2-dolphins-49ers,San Francisco 49ers,Miami Dolphins,Scarlet,,,,,,,,expected,,content/posts/49ers-uniform-schedule-2026.md,https://www.colorwaysports.com/stories/49ers-uniform-schedule-2026
nfl,2026,,nfl-2026-wk2-dolphins-49ers,San Francisco 49ers,Miami Dolphins,,White,,,,,,,expected,,content/posts/dolphins-uniform-schedule-2026.md,https://www.colorwaysports.com/stories/dolphins-uniform-schedule-2026
nfl,2026,,nfl-2026-wk2-eagles-titans,Tennessee Titans,Philadelphia Eagles,,White,,,,,,,expected,,content/posts/eagles-uniform-schedule-2026.md,https://www.colorwaysports.com/stories/eagles-uniform-schedule-2026
nfl,2026,,nfl-2026-wk2-eagles-titans,Tennessee Titans,Philadelphia Eagles,Titans Blue,,,,,,,,expected,,content/posts/titans-uniform-schedule-2026.md,https://www.colorwaysports.com/stories/titans-uniform-schedule-2026
nfl,2026,,nfl-2026-wk2-giants-rams,Los Angeles Rams,New York Giants,,White,,,,,,,expected,,content/posts/new-york-giants-uniform-schedule-2026.md,https://www.colorwaysports.com/stories/new-york-giants-uniform-schedule-2026
nfl,2026,,nfl-2026-wk2-giants-rams,Los Angeles Rams,New York Giants,Classic Sol,,,,,,,,announced,,content/posts/rams-uniform-schedule-2026.md,https://www.colorwaysports.com/stories/rams-uniform-schedule-2026
nfl,2026,,nfl-2026-wk2-jaguars-broncos,Denver Broncos,Jacksonville Jaguars,Sunset Orange,,,,,,,,expected,,content/posts/broncos-uniform-schedule-2026.md,https://www.colorwaysports.com/stories/broncos-uniform-schedule-2026
nfl,2026,,nfl-2026-wk2-jaguars-broncos,Denver Broncos,Jacksonville Jaguars,,White,,,,,,,expected,,content/posts/jaguars-uniform-schedule-2026.md,https://www.colorwaysports.com/stories/jaguars-uniform-schedule-2026
nfl,2026,,nfl-2026-wk2-lions-bills,Buffalo Bills,Detroit Lions,Blue Primary,,,,,,,,announced,,content/posts/bills-uniform-schedule-2026.md,https://www.colorwaysports.com/stories/bills-uniform-schedule-2026
nfl,2026,,nfl-2026-wk2-lions-bills,Buffalo Bills,Detroit Lions,,White,,,,,,,expected,,content/posts/lions-uniform-schedule-2026.md,https://www.colorwaysports.com/stories/lions-uniform-schedule-2026
nfl,2026,,nfl-2026-wk2-packers-jets,New York Jets,Green Bay Packers,White Out,,,,,,,,announced,,content/posts/jets-uniform-schedule-2026.md,https://www.colorwaysports.com/stories/jets-uniform-schedule-2026
nfl,2026,,nfl-2026-wk2-packers-jets,New York Jets,Green Bay Packers,,Green,,,,,,,expected,,content/posts/packers-uniform-schedule-2026.md,https://www.colorwaysports.com/stories/packers-uniform-schedule-2026
nfl,2026,,nfl-2026-wk2-panthers-falcons,Atlanta Falcons,Carolina Panthers,Red,,,,,,,,announced,,content/posts/falcons-uniform-schedule-2026.md,https://www.colorwaysports.com/stories/falcons-uniform-schedule-2026
nfl,2026,,nfl-2026-wk2-panthers-falcons,Atlanta Falcons,Carolina Panthers,,White,,,,,,,announced,,content/posts/panthers-uniform-schedule-2026.md,https://www.colorwaysports.com/stories/panthers-uniform-schedule-2026
nfl,2026,,nfl-2026-wk2-raiders-chargers,Los Angeles Chargers,Las Vegas Raiders,Powder Blue,,,,,,,,announced,,content/posts/chargers-uniform-schedule-2026.md,https://www.colorwaysports.com/stories/chargers-uniform-schedule-2026
nfl,2026,,nfl-2026-wk2-raiders-chargers,Los Angeles Chargers,Las Vegas Raiders,,White,,,,,,,expected,,content/posts/raiders-uniform-schedule-2026.md,https://www.colorwaysports.com/stories/raiders-uniform-schedule-2026
nfl,2026,,nfl-2026-wk2-saints-ravens,Baltimore Ravens,New Orleans Saints,White Noise,,,,,,,,announced,,content/posts/ravens-uniform-schedule-2026.md,https://www.colorwaysports.com/stories/ravens-uniform-schedule-2026
nfl,2026,,nfl-2026-wk2-saints-ravens,Baltimore Ravens,New Orleans Saints,,Black,,,,,,,announced,,content/posts/saints-uniform-schedule-2026.md,https://www.colorwaysports.com/stories/saints-uniform-schedule-2026
nfl,2026,,nfl-2026-wk2-seahawks-cardinals,Arizona Cardinals,Seattle Seahawks,Rivalries,,,,,,,,announced,,content/posts/arizona-cardinals-uniform-schedule-2026.md,https://www.colorwaysports.com/stories/arizona-cardinals-uniform-schedule-2026
nfl,2026,,nfl-2026-wk2-seahawks-cardinals,Arizona Cardinals,Seattle Seahawks,,White,,,,,,,expected,,content/posts/seahawks-uniform-schedule-2026.md,https://www.colorwaysports.com/stories/seahawks-uniform-schedule-2026
nfl,2026,,nfl-2026-wk2-steelers-patriots,New England Patriots,Pittsburgh Steelers,Navy,,,,,,,,expected,,content/posts/patriots-uniform-schedule-2026.md,https://www.colorwaysports.com/stories/patriots-uniform-schedule-2026
nfl,2026,,nfl-2026-wk2-steelers-patriots,New England Patriots,Pittsburgh Steelers,,White,,,,,,,expected,,content/posts/steelers-uniform-schedule-2026.md,https://www.colorwaysports.com/stories/steelers-uniform-schedule-2026
nfl,2026,,nfl-2026-wk2-vikings-bears,Chicago Bears,Minnesota Vikings,Navy,,,,,,,,expected,,content/posts/bears-uniform-schedule-2026.md,https://www.colorwaysports.com/stories/bears-uniform-schedule-2026
nfl,2026,,nfl-2026-wk2-vikings-bears,Chicago Bears,Minnesota Vikings,,White,,,,,,,expected,,content/posts/vikings-uniform-schedule-2026.md,https://www.colorwaysports.com/stories/vikings-uniform-schedule-2026
nfl,2026,,nfl-2026-wk3-bengals-steelers,Pittsburgh Steelers,Cincinnati Bengals,,White,,,,,,,expected,,content/posts/bengals-uniform-schedule-2026.md,https://www.colorwaysports.com/stories/bengals-uniform-schedule-2026
nfl,2026,,nfl-2026-wk3-bengals-steelers,Pittsburgh Steelers,Cincinnati Bengals,Black,,,,,,,,expected,,content/posts/steelers-uniform-schedule-2026.md,https://www.colorwaysports.com/stories/steelers-uniform-schedule-2026
nfl,2026,,nfl-2026-wk3-cardinals-49ers,San Francisco 49ers,Arizona Cardinals,Scarlet,,,,,,,,expected,,content/posts/49ers-uniform-schedule-2026.md,https://www.colorwaysports.com/stories/49ers-uniform-schedule-2026
nfl,2026,,nfl-2026-wk3-cardinals-49ers,San Francisco 49ers,Arizona Cardinals,,White,,,,,,,expected,,content/posts/arizona-cardinals-uniform-schedule-2026.md,https://www.colorwaysports.com/stories/arizona-cardinals-uniform-schedule-2026
nfl,2026,,nfl-2026-wk3-chargers-bills,Buffalo Bills,Los Angeles Chargers,Nickel City,,,,,,,,announced,,content/posts/bills-uniform-schedule-2026.md,https://www.colorwaysports.com/stories/bills-uniform-schedule-2026
nfl,2026,,nfl-2026-wk3-chargers-bills,Buffalo Bills,Los Angeles Chargers,,White,,,,,,,announced,,content/posts/chargers-uniform-schedule-2026.md,https://www.colorwaysports.com/stories/chargers-uniform-schedule-2026
nfl,2026,,nfl-2026-wk3-chiefs-dolphins,Miami Dolphins,Kansas City Chiefs,,White,,,,,,,expected,,content/posts/chiefs-uniform-schedule-2026.md,https://www.colorwaysports.com/stories/chiefs-uniform-schedule-2026
nfl,2026,,nfl-2026-wk3-chiefs-dolphins,Miami Dolphins,Kansas City Chiefs,Aqua,,,,,,,,expected,,content/posts/dolphins-uniform-schedule-2026.md,https://www.colorwaysports.com/stories/dolphins-uniform-schedule-2026
nfl,2026,,nfl-2026-wk3-eagles-bears,Chicago Bears,Philadelphia Eagles,Navy,,,,,,,,expected,,content/posts/bears-uniform-schedule-2026.md,https://www.colorwaysports.com/stories/bears-uniform-schedule-2026
nfl,2026,,nfl-2026-wk3-eagles-bears,Chicago Bears,Philadelphia Eagles,,White,,,,,,,expected,,content/posts/eagles-uniform-schedule-2026.md,https://www.colorwaysports.com/stories/eagles-uniform-schedule-2026
nfl,2026,,nfl-2026-wk3-falcons-packers,Green Bay Packers,Atlanta Falcons,,White,,,,,,,announced,,content/posts/falcons-uniform-schedule-2026.md,https://www.colorwaysports.com/stories/falcons-uniform-schedule-2026
nfl,2026,,nfl-2026-wk3-falcons-packers,Green Bay Packers,Atlanta Falcons,Green,,,,,,,,expected,,content/posts/packers-uniform-schedule-2026.md,https://www.colorwaysports.com/stories/packers-uniform-schedule-2026
nfl,2026,,nfl-2026-wk3-jets-lions,Detroit Lions,New York Jets,,White,,,,,,,expected,,content/posts/jets-uniform-schedule-2026.md,https://www.colorwaysports.com/stories/jets-uniform-schedule-2026
nfl,2026,,nfl-2026-wk3-jets-lions,Detroit Lions,New York Jets,Honolulu Blue,,,,,,,,expected,,content/posts/lions-uniform-schedule-2026.md,https://www.colorwaysports.com/stories/lions-uniform-schedule-2026
nfl,2026,,nfl-2026-wk3-panthers-browns,Cleveland Browns,Carolina Panthers,Brown,,,,,,,,expected,,content/posts/browns-uniform-schedule-2026.md,https://www.colorwaysports.com/stories/browns-uniform-schedule-2026
nfl,2026,,nfl-2026-wk3-panthers-browns,Cleveland Browns,Carolina Panthers,,White,,,,,,,announced,,content/posts/panthers-uniform-schedule-2026.md,https://www.colorwaysports.com/stories/panthers-uniform-schedule-2026
nfl,2026,,nfl-2026-wk3-patriots-jaguars,Jacksonville Jaguars,New England Patriots,Teal,,,,,,,,expected,,content/posts/jaguars-uniform-schedule-2026.md,https://www.colorwaysports.com/stories/jaguars-uniform-schedule-2026
nfl,2026,,nfl-2026-wk3-patriots-jaguars,Jacksonville Jaguars,New England Patriots,,White,,,,,,,expected,,content/posts/patriots-uniform-schedule-2026.md,https://www.colorwaysports.com/stories/patriots-uniform-schedule-2026
nfl,2026,,nfl-2026-wk3-raiders-saints,New Orleans Saints,Las Vegas Raiders,,White,,,,,,,expected,,content/posts/raiders-uniform-schedule-2026.md,https://www.colorwaysports.com/stories/raiders-uniform-schedule-2026
nfl,2026,,nfl-2026-wk3-raiders-saints,New Orleans Saints,Las Vegas Raiders,Black,,,,,,,,announced,,content/posts/saints-uniform-schedule-2026.md,https://www.colorwaysports.com/stories/saints-uniform-schedule-2026
nfl,2026,,nfl-2026-wk3-rams-broncos,Denver Broncos,Los Angeles Rams,Midnight Navy,,,,,,,,announced,,content/posts/broncos-uniform-schedule-2026.md,https://www.colorwaysports.com/stories/broncos-uniform-schedule-2026
nfl,2026,,nfl-2026-wk3-rams-broncos,Denver Broncos,Los Angeles Rams,,White,,,,,,,expected,,content/posts/rams-uniform-schedule-2026.md,https://www.colorwaysports.com/stories/rams-uniform-schedule-2026
nfl,2026,,nfl-2026-wk3-ravens-cowboys,Dallas Cowboys,Baltimore Ravens,White,,,,,,,,announced,,content/posts/cowboys-uniform-schedule-2026.md,https://www.colorwaysports.com/stories/cowboys-uniform-schedule-2026
nfl,2026,,nfl-2026-wk3-ravens-cowboys,Dallas Cowboys,Baltimore Ravens,,Open,,,,,,,expected,,content/posts/ravens-uniform-schedule-2026.md,https://www.colorwaysports.com/stories/ravens-uniform-schedule-2026
nfl,2026,,nfl-2026-wk3-seahawks-commanders,Washington Commanders,Seattle Seahawks,Burgundy,,,,,,,,expected,,content/posts/commanders-uniform-schedule-2026.md,https://www.colorwaysports.com/stories/commanders-uniform-schedule-2026
nfl,2026,,nfl-2026-wk3-seahawks-commanders,Washington Commanders,Seattle Seahawks,,White,,,,,,,expected,,content/posts/seahawks-uniform-schedule-2026.md,https://www.colorwaysports.com/stories/seahawks-uniform-schedule-2026
nfl,2026,,nfl-2026-wk3-texans-colts,Indianapolis Colts,Houston Texans,Anvil Strike,,,,,,,,announced,,content/posts/colts-uniform-schedule-2026.md,https://www.colorwaysports.com/stories/colts-uniform-schedule-2026
nfl,2026,,nfl-2026-wk3-texans-colts,Indianapolis Colts,Houston Texans,,White,,,,,,,expected,,content/posts/texans-uniform-schedule-2026.md,https://www.colorwaysports.com/stories/texans-uniform-schedule-2026
nfl,2026,,nfl-2026-wk3-titans-giants,New York Giants,Tennessee Titans,Blue,,,,,,,,expected,,content/posts/new-york-giants-uniform-schedule-2026.md,https://www.colorwaysports.com/stories/new-york-giants-uniform-schedule-2026
nfl,2026,,nfl-2026-wk3-titans-giants,New York Giants,Tennessee Titans,,White,,,,,,,expected,,content/posts/titans-uniform-schedule-2026.md,https://www.colorwaysports.com/stories/titans-uniform-schedule-2026
nfl,2026,,nfl-2026-wk3-vikings-buccaneers,Tampa Bay Buccaneers,Minnesota Vikings,Red,,,,,,,,expected,,content/posts/buccaneers-uniform-schedule-2026.md,https://www.colorwaysports.com/stories/buccaneers-uniform-schedule-2026
nfl,2026,,nfl-2026-wk3-vikings-buccaneers,Tampa Bay Buccaneers,Minnesota Vikings,,White,,,,,,,expected,,content/posts/vikings-uniform-schedule-2026.md,https://www.colorwaysports.com/stories/vikings-uniform-schedule-2026
nfl,2026,,nfl-2026-wk4-broncos-49ers,San Francisco 49ers,Denver Broncos,Scarlet,,,,,,,,expected,,content/posts/49ers-uniform-schedule-2026.md,https://www.colorwaysports.com/stories/49ers-uniform-schedule-2026
nfl,2026,,nfl-2026-wk4-broncos-49ers,San Francisco 49ers,Denver Broncos,,Summit White,,,,,,,expected,,content/posts/broncos-uniform-schedule-2026.md,https://www.colorwaysports.com/stories/broncos-uniform-schedule-2026
nfl,2026,,nfl-2026-wk4-cardinals-giants,New York Giants,Arizona Cardinals,,White,,,,,,,expected,,content/posts/arizona-cardinals-uniform-schedule-2026.md,https://www.colorwaysports.com/stories/arizona-cardinals-uniform-schedule-2026
nfl,2026,,nfl-2026-wk4-cardinals-giants,New York Giants,Arizona Cardinals,Legacy Blue,,,,,,,,announced,,content/posts/new-york-giants-uniform-schedule-2026.md,https://www.colorwaysports.com/stories/new-york-giants-uniform-schedule-2026
nfl,2026,,nfl-2026-wk4-chargers-seahawks,Seattle Seahawks,Los Angeles Chargers,,White,,,,,,,announced,,content/posts/chargers-uniform-schedule-2026.md,https://www.colorwaysports.com/stories/chargers-uniform-schedule-2026
nfl,2026,,nfl-2026-wk4-chargers-seahawks,Seattle Seahawks,Los Angeles Chargers,College Navy,,,,,,,,expected,,content/posts/seahawks-uniform-schedule-2026.md,https://www.colorwaysports.com/stories/seahawks-uniform-schedule-2026
nfl,2026,,nfl-2026-wk4-chiefs-raiders,Las Vegas Raiders,Kansas City Chiefs,,White,,,,,,,expected,,content/posts/chiefs-uniform-schedule-2026.md,https://www.colorwaysports.com/stories/chiefs-uniform-schedule-2026
nfl,2026,,nfl-2026-wk4-chiefs-raiders,Las Vegas Raiders,Kansas City Chiefs,Black,,,,,,,,expected,,content/posts/raiders-uniform-schedule-2026.md,https://www.colorwaysports.com/stories/raiders-uniform-schedule-2026
nfl,2026,,nfl-2026-wk4-commanders-colts,Indianapolis Colts,Washington Commanders,White,,,,,,,,expected,,content/posts/colts-uniform-schedule-2026.md,https://www.colorwaysports.com/stories/colts-uniform-schedule-2026
nfl,2026,,nfl-2026-wk4-commanders-colts,Indianapolis Colts,Washington Commanders,,Burgundy,,,,,,,expected,,content/posts/commanders-uniform-schedule-2026.md,https://www.colorwaysports.com/stories/commanders-uniform-schedule-2026
nfl,2026,,nfl-2026-wk4-cowboys-texans,Houston Texans,Dallas Cowboys,,Navy,,,,,,,announced,,content/posts/cowboys-uniform-schedule-2026.md,https://www.colorwaysports.com/stories/cowboys-uniform-schedule-2026
nfl,2026,,nfl-2026-wk4-cowboys-texans,Houston Texans,Dallas Cowboys,White (Dallas in Navy),,,,,,,,expected,,content/posts/texans-uniform-schedule-2026.md,https://www.colorwaysports.com/stories/texans-uniform-schedule-2026
nfl,2026,,nfl-2026-wk4-dolphins-vikings,Minnesota Vikings,Miami Dolphins,,White,,,,,,,expected,,content/posts/dolphins-uniform-schedule-2026.md,https://www.colorwaysports.com/stories/dolphins-uniform-schedule-2026
nfl,2026,,nfl-2026-wk4-dolphins-vikings,Minnesota Vikings,Miami Dolphins,Purple / White,,,,,,,,announced,,content/posts/vikings-uniform-schedule-2026.md,https://www.colorwaysports.com/stories/vikings-uniform-schedule-2026
nfl,2026,,nfl-2026-wk4-falcons-saints,New Orleans Saints,Atlanta Falcons,,Red,,,,,,,announced,,content/posts/falcons-uniform-schedule-2026.md,https://www.colorwaysports.com/stories/falcons-uniform-schedule-2026
nfl,2026,,nfl-2026-wk4-falcons-saints,New Orleans Saints,Atlanta Falcons,White,,,,,,,,announced,,content/posts/saints-uniform-schedule-2026.md,https://www.colorwaysports.com/stories/saints-uniform-schedule-2026
nfl,2026,,nfl-2026-wk4-jaguars-bengals,Cincinnati Bengals,Jacksonville Jaguars,Black,,,,,,,,expected,,content/posts/bengals-uniform-schedule-2026.md,https://www.colorwaysports.com/stories/bengals-uniform-schedule-2026
nfl,2026,,nfl-2026-wk4-jaguars-bengals,Cincinnati Bengals,Jacksonville Jaguars,,White,,,,,,,expected,,content/posts/jaguars-uniform-schedule-2026.md,https://www.colorwaysports.com/stories/jaguars-uniform-schedule-2026
nfl,2026,,nfl-2026-wk4-jets-bears,Chicago Bears,New York Jets,Navy,,,,,,,,expected,,content/posts/bears-uniform-schedule-2026.md,https://www.colorwaysports.com/stories/bears-uniform-schedule-2026
nfl,2026,,nfl-2026-wk4-jets-bears,Chicago Bears,New York Jets,,White,,,,,,,expected,,content/posts/jets-uniform-schedule-2026.md,https://www.colorwaysports.com/stories/jets-uniform-schedule-2026
nfl,2026,,nfl-2026-wk4-lions-panthers,Carolina Panthers,Detroit Lions,,White,,,,,,,expected,,content/posts/lions-uniform-schedule-2026.md,https://www.colorwaysports.com/stories/lions-uniform-schedule-2026
nfl,2026,,nfl-2026-wk4-lions-panthers,Carolina Panthers,Detroit Lions,Black,,,,,,,,announced,,content/posts/panthers-uniform-schedule-2026.md,https://www.colorwaysports.com/stories/panthers-uniform-schedule-2026
nfl,2026,,nfl-2026-wk4-packers-buccaneers,Tampa Bay Buccaneers,Green Bay Packers,Red,,,,,,,,expected,,content/posts/buccaneers-uniform-schedule-2026.md,https://www.colorwaysports.com/stories/buccaneers-uniform-schedule-2026
nfl,2026,,nfl-2026-wk4-packers-buccaneers,Tampa Bay Buccaneers,Green Bay Packers,,White,,,,,,,expected,,content/posts/packers-uniform-schedule-2026.md,https://www.colorwaysports.com/stories/packers-uniform-schedule-2026
nfl,2026,,nfl-2026-wk4-patriots-bills,Buffalo Bills,New England Patriots,Blue Primary,,,,,,,,announced,,content/posts/bills-uniform-schedule-2026.md,https://www.colorwaysports.com/stories/bills-uniform-schedule-2026
nfl,2026,,nfl-2026-wk4-patriots-bills,Buffalo Bills,New England Patriots,,White,,,,,,,expected,,content/posts/patriots-uniform-schedule-2026.md,https://www.colorwaysports.com/stories/patriots-uniform-schedule-2026
nfl,2026,,nfl-2026-wk4-rams-eagles,Philadelphia Eagles,Los Angeles Rams,Midnight Green,,,,,,,,expected,,content/posts/eagles-uniform-schedule-2026.md,https://www.colorwaysports.com/stories/eagles-uniform-schedule-2026
nfl,2026,,nfl-2026-wk4-rams-eagles,Philadelphia Eagles,Los Angeles Rams,,White,,,,,,,expected,,content/posts/rams-uniform-schedule-2026.md,https://www.colorwaysports.com/stories/rams-uniform-schedule-2026
nfl,2026,,nfl-2026-wk4-steelers-browns,Cleveland Browns,Pittsburgh Steelers,Brown,,,,,,,,expected,,content/posts/browns-uniform-schedule-2026.md,https://www.colorwaysports.com/stories/browns-uniform-schedule-2026
nfl,2026,,nfl-2026-wk4-steelers-browns,Cleveland Browns,Pittsburgh Steelers,,White,,,,,,,expected,,content/posts/steelers-uniform-schedule-2026.md,https://www.colorwaysports.com/stories/steelers-uniform-schedule-2026
nfl,2026,,nfl-2026-wk4-titans-ravens,Baltimore Ravens,Tennessee Titans,Purple,,,,,,,,expected,,content/posts/ravens-uniform-schedule-2026.md,https://www.colorwaysports.com/stories/ravens-uniform-schedule-2026
nfl,2026,,nfl-2026-wk4-titans-ravens,Baltimore Ravens,Tennessee Titans,,White,,,,,,,expected,,content/posts/titans-uniform-schedule-2026.md,https://www.colorwaysports.com/stories/titans-uniform-schedule-2026
nfl,2026,,nfl-2026-wk5-49ers-seahawks,Seattle Seahawks,San Francisco 49ers,,White,,,,,,,expected,,content/posts/49ers-uniform-schedule-2026.md,https://www.colorwaysports.com/stories/49ers-uniform-schedule-2026
nfl,2026,,nfl-2026-wk5-49ers-seahawks,Seattle Seahawks,San Francisco 49ers,College Navy,,,,,,,,expected,,content/posts/seahawks-uniform-schedule-2026.md,https://www.colorwaysports.com/stories/seahawks-uniform-schedule-2026
nfl,2026,,nfl-2026-wk5-bears-packers,Green Bay Packers,Chicago Bears,,White,,,,,,,expected,,content/posts/bears-uniform-schedule-2026.md,https://www.colorwaysports.com/stories/bears-uniform-schedule-2026
nfl,2026,,nfl-2026-wk5-bears-packers,Green Bay Packers,Chicago Bears,Rivalries,,,,,,,,announced,,content/posts/packers-uniform-schedule-2026.md,https://www.colorwaysports.com/stories/packers-uniform-schedule-2026
nfl,2026,,nfl-2026-wk5-bengals-dolphins,Miami Dolphins,Cincinnati Bengals,,White,,,,,,,expected,,content/posts/bengals-uniform-schedule-2026.md,https://www.colorwaysports.com/stories/bengals-uniform-schedule-2026
nfl,2026,,nfl-2026-wk5-bengals-dolphins,Miami Dolphins,Cincinnati Bengals,Aqua,,,,,,,,expected,,content/posts/dolphins-uniform-schedule-2026.md,https://www.colorwaysports.com/stories/dolphins-uniform-schedule-2026
nfl,2026,,nfl-2026-wk5-bills-rams,Los Angeles Rams,Buffalo Bills,,White,,,,,,,expected,,content/posts/bills-uniform-schedule-2026.md,https://www.colorwaysports.com/stories/bills-uniform-schedule-2026
nfl,2026,,nfl-2026-wk5-bills-rams,Los Angeles Rams,Buffalo Bills,Royal,,,,,,,,expected,,content/posts/rams-uniform-schedule-2026.md,https://www.colorwaysports.com/stories/rams-uniform-schedule-2026
nfl,2026,,nfl-2026-wk5-broncos-chargers,Los Angeles Chargers,Denver Broncos,,Summit White,,,,,,,expected,,content/posts/broncos-uniform-schedule-2026.md,https://www.colorwaysports.com/stories/broncos-uniform-schedule-2026
nfl,2026,,nfl-2026-wk5-broncos-chargers,Los Angeles Chargers,Denver Broncos,Powder Blue,,,,,,,,announced,,content/posts/chargers-uniform-schedule-2026.md,https://www.colorwaysports.com/stories/chargers-uniform-schedule-2026
nfl,2026,,nfl-2026-wk5-browns-jets,New York Jets,Cleveland Browns,,White,,,,,,,expected,,content/posts/browns-uniform-schedule-2026.md,https://www.colorwaysports.com/stories/browns-uniform-schedule-2026
nfl,2026,,nfl-2026-wk5-browns-jets,New York Jets,Cleveland Browns,Green,,,,,,,,expected,,content/posts/jets-uniform-schedule-2026.md,https://www.colorwaysports.com/stories/jets-uniform-schedule-2026
nfl,2026,,nfl-2026-wk5-buccaneers-cowboys,Dallas Cowboys,Tampa Bay Buccaneers,,Red,,,,,,,expected,,content/posts/buccaneers-uniform-schedule-2026.md,https://www.colorwaysports.com/stories/buccaneers-uniform-schedule-2026
nfl,2026,,nfl-2026-wk5-buccaneers-cowboys,Dallas Cowboys,Tampa Bay Buccaneers,White,,,,,,,,announced,,content/posts/cowboys-uniform-schedule-2026.md,https://www.colorwaysports.com/stories/cowboys-uniform-schedule-2026
nfl,2026,,nfl-2026-wk5-colts-steelers,Pittsburgh Steelers,Indianapolis Colts,,White,,,,,,,expected,,content/posts/colts-uniform-schedule-2026.md,https://www.colorwaysports.com/stories/colts-uniform-schedule-2026
nfl,2026,,nfl-2026-wk5-colts-steelers,Pittsburgh Steelers,Indianapolis Colts,Black,,,,,,,,expected,,content/posts/steelers-uniform-schedule-2026.md,https://www.colorwaysports.com/stories/steelers-uniform-schedule-2026
nfl,2026,,nfl-2026-wk5-eagles-jaguars,Jacksonville Jaguars,Philadelphia Eagles,,White,,,,,,,expected,,content/posts/eagles-uniform-schedule-2026.md,https://www.colorwaysports.com/stories/eagles-uniform-schedule-2026
nfl,2026,,nfl-2026-wk5-eagles-jaguars,Jacksonville Jaguars,Philadelphia Eagles,Teal,,,,,,,,expected,,content/posts/jaguars-uniform-schedule-2026.md,https://www.colorwaysports.com/stories/jaguars-uniform-schedule-2026
nfl,2026,,nfl-2026-wk5-giants-commanders,Washington Commanders,New York Giants,White,,,,,,,,expected,,content/posts/commanders-uniform-schedule-2026.md,https://www.colorwaysports.com/stories/commanders-uniform-schedule-2026
nfl,2026,,nfl-2026-wk5-giants-commanders,Washington Commanders,New York Giants,,Blue,,,,,,,expected,,content/posts/new-york-giants-uniform-schedule-2026.md,https://www.colorwaysports.com/stories/new-york-giants-uniform-schedule-2026
nfl,2026,,nfl-2026-wk5-lions-cardinals,Arizona Cardinals,Detroit Lions,Black,,,,,,,,expected,,content/posts/arizona-cardinals-uniform-schedule-2026.md,https://www.colorwaysports.com/stories/arizona-cardinals-uniform-schedule-2026
nfl,2026,,nfl-2026-wk5-lions-cardinals,Arizona Cardinals,Detroit Lions,,White,,,,,,,expected,,content/posts/lions-uniform-schedule-2026.md,https://www.colorwaysports.com/stories/lions-uniform-schedule-2026
nfl,2026,,nfl-2026-wk5-raiders-patriots,New England Patriots,Las Vegas Raiders,Pat Patriot,,,,,,,,announced,,content/posts/patriots-uniform-schedule-2026.md,https://www.colorwaysports.com/stories/patriots-uniform-schedule-2026
nfl,2026,,nfl-2026-wk5-raiders-patriots,New England Patriots,Las Vegas Raiders,,White,,,,,,,expected,,content/posts/raiders-uniform-schedule-2026.md,https://www.colorwaysports.com/stories/raiders-uniform-schedule-2026
nfl,2026,,nfl-2026-wk5-ravens-falcons,Atlanta Falcons,Baltimore Ravens,Red,,,,,,,,announced,,content/posts/falcons-uniform-schedule-2026.md,https://www.colorwaysports.com/stories/falcons-uniform-schedule-2026
nfl,2026,,nfl-2026-wk5-ravens-falcons,Atlanta Falcons,Baltimore Ravens,,White,,,,,,,expected,,content/posts/ravens-uniform-schedule-2026.md,https://www.colorwaysports.com/stories/ravens-uniform-schedule-2026
nfl,2026,,nfl-2026-wk5-texans-titans,Tennessee Titans,Houston Texans,,White,,,,,,,expected,,content/posts/texans-uniform-schedule-2026.md,https://www.colorwaysports.com/stories/texans-uniform-schedule-2026
nfl,2026,,nfl-2026-wk5-texans-titans,Tennessee Titans,Houston Texans,Titans Blue,,,,,,,,expected,,content/posts/titans-uniform-schedule-2026.md,https://www.colorwaysports.com/stories/titans-uniform-schedule-2026
nfl,2026,,nfl-2026-wk5-vikings-saints,New Orleans Saints,Minnesota Vikings,Black,,,,,,,,announced,,content/posts/saints-uniform-schedule-2026.md,https://www.colorwaysports.com/stories/saints-uniform-schedule-2026
nfl,2026,,nfl-2026-wk5-vikings-saints,New Orleans Saints,Minnesota Vikings,,White,,,,,,,expected,,content/posts/vikings-uniform-schedule-2026.md,https://www.colorwaysports.com/stories/vikings-uniform-schedule-2026
nfl,2026,,nfl-2026-wk6-bears-falcons,Atlanta Falcons,Chicago Bears,,White,,,,,,,expected,,content/posts/bears-uniform-schedule-2026.md,https://www.colorwaysports.com/stories/bears-uniform-schedule-2026
nfl,2026,,nfl-2026-wk6-bears-falcons,Atlanta Falcons,Chicago Bears,Red,,,,,,,,announced,,content/posts/falcons-uniform-schedule-2026.md,https://www.colorwaysports.com/stories/falcons-uniform-schedule-2026
nfl,2026,,nfl-2026-wk6-bills-raiders,Las Vegas Raiders,Buffalo Bills,,White,,,,,,,expected,,content/posts/bills-uniform-schedule-2026.md,https://www.colorwaysports.com/stories/bills-uniform-schedule-2026
nfl,2026,,nfl-2026-wk6-bills-raiders,Las Vegas Raiders,Buffalo Bills,Black,,,,,,,,expected,,content/posts/raiders-uniform-schedule-2026.md,https://www.colorwaysports.com/stories/raiders-uniform-schedule-2026
nfl,2026,,nfl-2026-wk6-cardinals-rams,Los Angeles Rams,Arizona Cardinals,,White,,,,,,,expected,,content/posts/arizona-cardinals-uniform-schedule-2026.md,https://www.colorwaysports.com/stories/arizona-cardinals-uniform-schedule-2026
nfl,2026,,nfl-2026-wk6-cardinals-rams,Los Angeles Rams,Arizona Cardinals,Royal,,,,,,,,expected,,content/posts/rams-uniform-schedule-2026.md,https://www.colorwaysports.com/stories/rams-uniform-schedule-2026
nfl,2026,,nfl-2026-wk6-chargers-chiefs,Kansas City Chiefs,Los Angeles Chargers,,White,,,,,,,announced,,content/posts/chargers-uniform-schedule-2026.md,https://www.colorwaysports.com/stories/chargers-uniform-schedule-2026
nfl,2026,,nfl-2026-wk6-chargers-chiefs,Kansas City Chiefs,Los Angeles Chargers,Red,,,,,,,,expected,,content/posts/chiefs-uniform-schedule-2026.md,https://www.colorwaysports.com/stories/chiefs-uniform-schedule-2026
nfl,2026,,nfl-2026-wk6-commanders-49ers,San Francisco 49ers,Washington Commanders,Scarlet,,,,,,,,expected,,content/posts/49ers-uniform-schedule-2026.md,https://www.colorwaysports.com/stories/49ers-uniform-schedule-2026
nfl,2026,,nfl-2026-wk6-commanders-49ers,San Francisco 49ers,Washington Commanders,,White,,,,,,,expected,,content/posts/commanders-uniform-schedule-2026.md,https://www.colorwaysports.com/stories/commanders-uniform-schedule-2026
nfl,2026,,nfl-2026-wk6-cowboys-packers,Green Bay Packers,Dallas Cowboys,,White,,,,,,,announced,,content/posts/cowboys-uniform-schedule-2026.md,https://www.colorwaysports.com/stories/cowboys-uniform-schedule-2026
nfl,2026,,nfl-2026-wk6-cowboys-packers,Green Bay Packers,Dallas Cowboys,Green,,,,,,,,expected,,content/posts/packers-uniform-schedule-2026.md,https://www.colorwaysports.com/stories/packers-uniform-schedule-2026
nfl,2026,,nfl-2026-wk6-jaguars-texans,Jacksonville Jaguars,Houston Texans,Teal,,,,,,,,expected,,content/posts/jaguars-uniform-schedule-2026.md,https://www.colorwaysports.com/stories/jaguars-uniform-schedule-2026
nfl,2026,,nfl-2026-wk6-jaguars-texans,Houston Texans,Jacksonville Jaguars,White,,,,,,,,expected,,content/posts/texans-uniform-schedule-2026.md,https://www.colorwaysports.com/stories/texans-uniform-schedule-2026
nfl,2026,,nfl-2026-wk6-jets-patriots,New England Patriots,New York Jets,,White,,,,,,,expected,,content/posts/jets-uniform-schedule-2026.md,https://www.colorwaysports.com/stories/jets-uniform-schedule-2026
nfl,2026,,nfl-2026-wk6-jets-patriots,New England Patriots,New York Jets,Navy,,,,,,,,expected,,content/posts/patriots-uniform-schedule-2026.md,https://www.colorwaysports.com/stories/patriots-uniform-schedule-2026
nfl,2026,,nfl-2026-wk6-panthers-eagles,Philadelphia Eagles,Carolina Panthers,Midnight Green,,,,,,,,expected,,content/posts/eagles-uniform-schedule-2026.md,https://www.colorwaysports.com/stories/eagles-uniform-schedule-2026
nfl,2026,,nfl-2026-wk6-panthers-eagles,Philadelphia Eagles,Carolina Panthers,,White,,,,,,,announced,,content/posts/panthers-uniform-schedule-2026.md,https://www.colorwaysports.com/stories/panthers-uniform-schedule-2026
nfl,2026,,nfl-2026-wk6-ravens-browns,Cleveland Browns,Baltimore Ravens,Brown,,,,,,,,expected,,content/posts/browns-uniform-schedule-2026.md,https://www.colorwaysports.com/stories/browns-uniform-schedule-2026
nfl,2026,,nfl-2026-wk6-ravens-browns,Cleveland Browns,Baltimore Ravens,,White,,,,,,,expected,,content/posts/ravens-uniform-schedule-2026.md,https://www.colorwaysports.com/stories/ravens-uniform-schedule-2026
nfl,2026,,nfl-2026-wk6-saints-giants,New York Giants,New Orleans Saints,Blue,,,,,,,,expected,,content/posts/new-york-giants-uniform-schedule-2026.md,https://www.colorwaysports.com/stories/new-york-giants-uniform-schedule-2026
nfl,2026,,nfl-2026-wk6-saints-giants,New York Giants,New Orleans Saints,,White Alt,,,,,,,announced,,content/posts/saints-uniform-schedule-2026.md,https://www.colorwaysports.com/stories/saints-uniform-schedule-2026
nfl,2026,,nfl-2026-wk6-seahawks-broncos,Denver Broncos,Seattle Seahawks,Throwback,,,,,,,,announced,,content/posts/broncos-uniform-schedule-2026.md,https://www.colorwaysports.com/stories/broncos-uniform-schedule-2026
nfl,2026,,nfl-2026-wk6-seahawks-broncos,Denver Broncos,Seattle Seahawks,,White,,,,,,,expected,,content/posts/seahawks-uniform-schedule-2026.md,https://www.colorwaysports.com/stories/seahawks-uniform-schedule-2026
nfl,2026,,nfl-2026-wk6-steelers-buccaneers,Tampa Bay Buccaneers,Pittsburgh Steelers,Red,,,,,,,,expected,,content/posts/buccaneers-uniform-schedule-2026.md,https://www.colorwaysports.com/stories/buccaneers-uniform-schedule-2026
nfl,2026,,nfl-2026-wk6-steelers-buccaneers,Tampa Bay Buccaneers,Pittsburgh Steelers,,White,,,,,,,expected,,content/posts/steelers-uniform-schedule-2026.md,https://www.colorwaysports.com/stories/steelers-uniform-schedule-2026
nfl,2026,,nfl-2026-wk6-titans-colts,Indianapolis Colts,Tennessee Titans,Blue,,,,,,,,expected,,content/posts/colts-uniform-schedule-2026.md,https://www.colorwaysports.com/stories/colts-uniform-schedule-2026
nfl,2026,,nfl-2026-wk6-titans-colts,Indianapolis Colts,Tennessee Titans,,White,,,,,,,expected,,content/posts/titans-uniform-schedule-2026.md,https://www.colorwaysports.com/stories/titans-uniform-schedule-2026
nfl,2026,,nfl-2026-wk7-49ers-falcons,Atlanta Falcons,San Francisco 49ers,,White,,,,,,,expected,,content/posts/49ers-uniform-schedule-2026.md,https://www.colorwaysports.com/stories/49ers-uniform-schedule-2026
nfl,2026,,nfl-2026-wk7-49ers-falcons,Atlanta Falcons,San Francisco 49ers,1966 Throwback,,,,,,,,announced,,content/posts/falcons-uniform-schedule-2026.md,https://www.colorwaysports.com/stories/falcons-uniform-schedule-2026
nfl,2026,,nfl-2026-wk7-bengals-ravens,Baltimore Ravens,Cincinnati Bengals,,White,,,,,,,expected,,content/posts/bengals-uniform-schedule-2026.md,https://www.colorwaysports.com/stories/bengals-uniform-schedule-2026
nfl,2026,,nfl-2026-wk7-bengals-ravens,Baltimore Ravens,Cincinnati Bengals,Purple,,,,,,,,expected,,content/posts/ravens-uniform-schedule-2026.md,https://www.colorwaysports.com/stories/ravens-uniform-schedule-2026
nfl,2026,,nfl-2026-wk7-broncos-cardinals,Arizona Cardinals,Denver Broncos,Cardinal Red,,,,,,,,expected,,content/posts/arizona-cardinals-uniform-schedule-2026.md,https://www.colorwaysports.com/stories/arizona-cardinals-uniform-schedule-2026
nfl,2026,,nfl-2026-wk7-broncos-cardinals,Arizona Cardinals,Denver Broncos,,Summit White,,,,,,,expected,,content/posts/broncos-uniform-schedule-2026.md,https://www.colorwaysports.com/stories/broncos-uniform-schedule-2026
nfl,2026,,nfl-2026-wk7-browns-titans,Tennessee Titans,Cleveland Browns,,White,,,,,,,expected,,content/posts/browns-uniform-schedule-2026.md,https://www.colorwaysports.com/stories/browns-uniform-schedule-2026
nfl,2026,,nfl-2026-wk7-browns-titans,Tennessee Titans,Cleveland Browns,Titans Blue,,,,,,,,expected,,content/posts/titans-uniform-schedule-2026.md,https://www.colorwaysports.com/stories/titans-uniform-schedule-2026
nfl,2026,,nfl-2026-wk7-buccaneers-panthers,Carolina Panthers,Tampa Bay Buccaneers,,White,,,,,,,expected,,content/posts/buccaneers-uniform-schedule-2026.md,https://www.colorwaysports.com/stories/buccaneers-uniform-schedule-2026
nfl,2026,,nfl-2026-wk7-buccaneers-panthers,Carolina Panthers,Tampa Bay Buccaneers,Panther Blue,,,,,,,,announced,,content/posts/panthers-uniform-schedule-2026.md,https://www.colorwaysports.com/stories/panthers-uniform-schedule-2026
nfl,2026,,nfl-2026-wk7-chiefs-seahawks,Seattle Seahawks,Kansas City Chiefs,,White,,,,,,,expected,,content/posts/chiefs-uniform-schedule-2026.md,https://www.colorwaysports.com/stories/chiefs-uniform-schedule-2026
nfl,2026,,nfl-2026-wk7-chiefs-seahawks,Seattle Seahawks,Kansas City Chiefs,Royal Throwback,,,,,,,,announced,,content/posts/seahawks-uniform-schedule-2026.md,https://www.colorwaysports.com/stories/seahawks-uniform-schedule-2026
nfl,2026,,nfl-2026-wk7-colts-vikings,Minnesota Vikings,Indianapolis Colts,,White,,,,,,,expected,,content/posts/colts-uniform-schedule-2026.md,https://www.colorwaysports.com/stories/colts-uniform-schedule-2026
nfl,2026,,nfl-2026-wk7-colts-vikings,Minnesota Vikings,Indianapolis Colts,All-Purple,,,,,,,,announced,,content/posts/vikings-uniform-schedule-2026.md,https://www.colorwaysports.com/stories/vikings-uniform-schedule-2026
nfl,2026,,nfl-2026-wk7-cowboys-eagles,Philadelphia Eagles,Dallas Cowboys,,Color Rush,,,,,,,announced,,content/posts/cowboys-uniform-schedule-2026.md,https://www.colorwaysports.com/stories/cowboys-uniform-schedule-2026
nfl,2026,,nfl-2026-wk7-cowboys-eagles,Philadelphia Eagles,Dallas Cowboys,Midnight Green,,,,,,,,expected,,content/posts/eagles-uniform-schedule-2026.md,https://www.colorwaysports.com/stories/eagles-uniform-schedule-2026
nfl,2026,,nfl-2026-wk7-dolphins-jets,New York Jets,Miami Dolphins,,White,,,,,,,expected,,content/posts/dolphins-uniform-schedule-2026.md,https://www.colorwaysports.com/stories/dolphins-uniform-schedule-2026
nfl,2026,,nfl-2026-wk7-dolphins-jets,New York Jets,Miami Dolphins,Classic,,,,,,,,announced,,content/posts/jets-uniform-schedule-2026.md,https://www.colorwaysports.com/stories/jets-uniform-schedule-2026
nfl,2026,,nfl-2026-wk7-giants-texans,Houston Texans,New York Giants,,White,,,,,,,expected,,content/posts/new-york-giants-uniform-schedule-2026.md,https://www.colorwaysports.com/stories/new-york-giants-uniform-schedule-2026
nfl,2026,,nfl-2026-wk7-giants-texans,Houston Texans,New York Giants,Battle Red,,,,,,,,announced,,content/posts/texans-uniform-schedule-2026.md,https://www.colorwaysports.com/stories/texans-uniform-schedule-2026
nfl,2026,,nfl-2026-wk7-packers-lions,Detroit Lions,Green Bay Packers,Honolulu Blue,,,,,,,,expected,,content/posts/lions-uniform-schedule-2026.md,https://www.colorwaysports.com/stories/lions-uniform-schedule-2026
nfl,2026,,nfl-2026-wk7-packers-lions,Detroit Lions,Green Bay Packers,,White,,,,,,,expected,,content/posts/packers-uniform-schedule-2026.md,https://www.colorwaysports.com/stories/packers-uniform-schedule-2026
nfl,2026,,nfl-2026-wk7-patriots-bears,Chicago Bears,New England Patriots,Navy,,,,,,,,expected,,content/posts/bears-uniform-schedule-2026.md,https://www.colorwaysports.com/stories/bears-uniform-schedule-2026
nfl,2026,,nfl-2026-wk7-patriots-bears,Chicago Bears,New England Patriots,,White,,,,,,,expected,,content/posts/patriots-uniform-schedule-2026.md,https://www.colorwaysports.com/stories/patriots-uniform-schedule-2026
nfl,2026,,nfl-2026-wk7-rams-raiders,Las Vegas Raiders,Los Angeles Rams,Black,,,,,,,,expected,,content/posts/raiders-uniform-schedule-2026.md,https://www.colorwaysports.com/stories/raiders-uniform-schedule-2026
nfl,2026,,nfl-2026-wk7-rams-raiders,Las Vegas Raiders,Los Angeles Rams,,White,,,,,,,expected,,content/posts/rams-uniform-schedule-2026.md,https://www.colorwaysports.com/stories/rams-uniform-schedule-2026
nfl,2026,,nfl-2026-wk7-steelers-saints,New Orleans Saints,Pittsburgh Steelers,Black,,,,,,,,announced,,content/posts/saints-uniform-schedule-2026.md,https://www.colorwaysports.com/stories/saints-uniform-schedule-2026
nfl,2026,,nfl-2026-wk7-steelers-saints,New Orleans Saints,Pittsburgh Steelers,,White,,,,,,,expected,,content/posts/steelers-uniform-schedule-2026.md,https://www.colorwaysports.com/stories/steelers-uniform-schedule-2026
nfl,2026,,nfl-2026-wk8-bears-seahawks,Seattle Seahawks,Chicago Bears,,White,,,,,,,expected,,content/posts/bears-uniform-schedule-2026.md,https://www.colorwaysports.com/stories/bears-uniform-schedule-2026
nfl,2026,,nfl-2026-wk8-bears-seahawks,Seattle Seahawks,Chicago Bears,College Navy,,,,,,,,expected,,content/posts/seahawks-uniform-schedule-2026.md,https://www.colorwaysports.com/stories/seahawks-uniform-schedule-2026
nfl,2026,,nfl-2026-wk8-browns-steelers,Pittsburgh Steelers,Cleveland Browns,,White,,,,,,,expected,,content/posts/browns-uniform-schedule-2026.md,https://www.colorwaysports.com/stories/browns-uniform-schedule-2026
nfl,2026,,nfl-2026-wk8-browns-steelers,Pittsburgh Steelers,Cleveland Browns,Black,,,,,,,,expected,,content/posts/steelers-uniform-schedule-2026.md,https://www.colorwaysports.com/stories/steelers-uniform-schedule-2026
nfl,2026,,nfl-2026-wk8-cardinals-cowboys,Dallas Cowboys,Arizona Cardinals,,Cardinal Red,,,,,,,expected,,content/posts/arizona-cardinals-uniform-schedule-2026.md,https://www.colorwaysports.com/stories/arizona-cardinals-uniform-schedule-2026
nfl,2026,,nfl-2026-wk8-cardinals-cowboys,Dallas Cowboys,Arizona Cardinals,White,,,,,,,,announced,,content/posts/cowboys-uniform-schedule-2026.md,https://www.colorwaysports.com/stories/cowboys-uniform-schedule-2026
nfl,2026,,nfl-2026-wk8-chargers-rams,Los Angeles Rams,Los Angeles Chargers,,White,,,,,,,announced,,content/posts/chargers-uniform-schedule-2026.md,https://www.colorwaysports.com/stories/chargers-uniform-schedule-2026
nfl,2026,,nfl-2026-wk8-chargers-rams,Los Angeles Rams,Los Angeles Chargers,Royal,,,,,,,,expected,,content/posts/rams-uniform-schedule-2026.md,https://www.colorwaysports.com/stories/rams-uniform-schedule-2026
nfl,2026,,nfl-2026-wk8-chiefs-broncos,Denver Broncos,Kansas City Chiefs,Sunset Orange,,,,,,,,expected,,content/posts/broncos-uniform-schedule-2026.md,https://www.colorwaysports.com/stories/broncos-uniform-schedule-2026
nfl,2026,,nfl-2026-wk8-chiefs-broncos,Denver Broncos,Kansas City Chiefs,,White,,,,,,,expected,,content/posts/chiefs-uniform-schedule-2026.md,https://www.colorwaysports.com/stories/chiefs-uniform-schedule-2026
nfl,2026,,nfl-2026-wk8-colts-jaguars,Jacksonville Jaguars,Indianapolis Colts,,White,,,,,,,expected,,content/posts/colts-uniform-schedule-2026.md,https://www.colorwaysports.com/stories/colts-uniform-schedule-2026
nfl,2026,,nfl-2026-wk8-colts-jaguars,Jacksonville Jaguars,Indianapolis Colts,Rivalries,,,,,,,,announced,,content/posts/jaguars-uniform-schedule-2026.md,https://www.colorwaysports.com/stories/jaguars-uniform-schedule-2026
nfl,2026,,nfl-2026-wk8-eagles-commanders,Washington Commanders,Philadelphia Eagles,Burgundy,,,,,,,,expected,,content/posts/commanders-uniform-schedule-2026.md,https://www.colorwaysports.com/stories/commanders-uniform-schedule-2026
nfl,2026,,nfl-2026-wk8-eagles-commanders,Washington Commanders,Philadelphia Eagles,,White,,,,,,,expected,,content/posts/eagles-uniform-schedule-2026.md,https://www.colorwaysports.com/stories/eagles-uniform-schedule-2026
nfl,2026,,nfl-2026-wk8-falcons-buccaneers,Tampa Bay Buccaneers,Atlanta Falcons,Red,,,,,,,,expected,,content/posts/buccaneers-uniform-schedule-2026.md,https://www.colorwaysports.com/stories/buccaneers-uniform-schedule-2026
nfl,2026,,nfl-2026-wk8-falcons-buccaneers,Tampa Bay Buccaneers,Atlanta Falcons,,White,,,,,,,announced,,content/posts/falcons-uniform-schedule-2026.md,https://www.colorwaysports.com/stories/falcons-uniform-schedule-2026
nfl,2026,,nfl-2026-wk8-panthers-packers,Green Bay Packers,Carolina Panthers,Green,,,,,,,,expected,,content/posts/packers-uniform-schedule-2026.md,https://www.colorwaysports.com/stories/packers-uniform-schedule-2026
nfl,2026,,nfl-2026-wk8-panthers-packers,Green Bay Packers,Carolina Panthers,,White,,,,,,,announced,,content/posts/panthers-uniform-schedule-2026.md,https://www.colorwaysports.com/stories/panthers-uniform-schedule-2026
nfl,2026,,nfl-2026-wk8-patriots-dolphins,Miami Dolphins,New England Patriots,Aqua,,,,,,,,expected,,content/posts/dolphins-uniform-schedule-2026.md,https://www.colorwaysports.com/stories/dolphins-uniform-schedule-2026
nfl,2026,,nfl-2026-wk8-patriots-dolphins,Miami Dolphins,New England Patriots,,White,,,,,,,expected,,content/posts/patriots-uniform-schedule-2026.md,https://www.colorwaysports.com/stories/patriots-uniform-schedule-2026
nfl,2026,,nfl-2026-wk8-raiders-jets,New York Jets,Las Vegas Raiders,Green,,,,,,,,expected,,content/posts/jets-uniform-schedule-2026.md,https://www.colorwaysports.com/stories/jets-uniform-schedule-2026
nfl,2026,,nfl-2026-wk8-raiders-jets,New York Jets,Las Vegas Raiders,,White,,,,,,,expected,,content/posts/raiders-uniform-schedule-2026.md,https://www.colorwaysports.com/stories/raiders-uniform-schedule-2026
nfl,2026,,nfl-2026-wk8-ravens-bills,Buffalo Bills,Baltimore Ravens,Blue Primary,,,,,,,,announced,,content/posts/bills-uniform-schedule-2026.md,https://www.colorwaysports.com/stories/bills-uniform-schedule-2026
nfl,2026,,nfl-2026-wk8-ravens-bills,Buffalo Bills,Baltimore Ravens,,White,,,,,,,expected,,content/posts/ravens-uniform-schedule-2026.md,https://www.colorwaysports.com/stories/ravens-uniform-schedule-2026
nfl,2026,,nfl-2026-wk8-titans-bengals,Cincinnati Bengals,Tennessee Titans,Black,,,,,,,,expected,,content/posts/bengals-uniform-schedule-2026.md,https://www.colorwaysports.com/stories/bengals-uniform-schedule-2026
nfl,2026,,nfl-2026-wk8-titans-bengals,Cincinnati Bengals,Tennessee Titans,,White,,,,,,,expected,,content/posts/titans-uniform-schedule-2026.md,https://www.colorwaysports.com/stories/titans-uniform-schedule-2026
nfl,2026,,nfl-2026-wk8-vikings-lions,Detroit Lions,Minnesota Vikings,Rivalries,,,,,,,,announced,,content/posts/lions-uniform-schedule-2026.md,https://www.colorwaysports.com/stories/lions-uniform-schedule-2026
nfl,2026,,nfl-2026-wk8-vikings-lions,Detroit Lions,Minnesota Vikings,,White,,,,,,,expected,,content/posts/vikings-uniform-schedule-2026.md,https://www.colorwaysports.com/stories/vikings-uniform-schedule-2026
nfl,2026,,nfl-2026-wk9-bengals-falcons,Cincinnati Bengals,Atlanta Falcons,White,,,,,,,,expected,,content/posts/bengals-uniform-schedule-2026.md,https://www.colorwaysports.com/stories/bengals-uniform-schedule-2026
nfl,2026,,nfl-2026-wk9-bengals-falcons,Atlanta Falcons,Cincinnati Bengals,Red,,,,,,,,announced,,content/posts/falcons-uniform-schedule-2026.md,https://www.colorwaysports.com/stories/falcons-uniform-schedule-2026
nfl,2026,,nfl-2026-wk9-bills-vikings,Minnesota Vikings,Buffalo Bills,,White,,,,,,,expected,,content/posts/bills-uniform-schedule-2026.md,https://www.colorwaysports.com/stories/bills-uniform-schedule-2026
nfl,2026,,nfl-2026-wk9-bills-vikings,Minnesota Vikings,Buffalo Bills,Purple / White,,,,,,,,announced,,content/posts/vikings-uniform-schedule-2026.md,https://www.colorwaysports.com/stories/vikings-uniform-schedule-2026
nfl,2026,,nfl-2026-wk9-broncos-panthers,Carolina Panthers,Denver Broncos,,Summit White,,,,,,,expected,,content/posts/broncos-uniform-schedule-2026.md,https://www.colorwaysports.com/stories/broncos-uniform-schedule-2026
nfl,2026,,nfl-2026-wk9-broncos-panthers,Carolina Panthers,Denver Broncos,Black,,,,,,,,announced,,content/posts/panthers-uniform-schedule-2026.md,https://www.colorwaysports.com/stories/panthers-uniform-schedule-2026
nfl,2026,,nfl-2026-wk9-browns-saints,New Orleans Saints,Cleveland Browns,,White,,,,,,,expected,,content/posts/browns-uniform-schedule-2026.md,https://www.colorwaysports.com/stories/browns-uniform-schedule-2026
nfl,2026,,nfl-2026-wk9-browns-saints,New Orleans Saints,Cleveland Browns,Gold,,,,,,,,announced,,content/posts/saints-uniform-schedule-2026.md,https://www.colorwaysports.com/stories/saints-uniform-schedule-2026
nfl,2026,,nfl-2026-wk9-buccaneers-bears,Chicago Bears,Tampa Bay Buccaneers,Navy,,,,,,,,expected,,content/posts/bears-uniform-schedule-2026.md,https://www.colorwaysports.com/stories/bears-uniform-schedule-2026
nfl,2026,,nfl-2026-wk9-buccaneers-bears,Chicago Bears,Tampa Bay Buccaneers,,White,,,,,,,expected,,content/posts/buccaneers-uniform-schedule-2026.md,https://www.colorwaysports.com/stories/buccaneers-uniform-schedule-2026
nfl,2026,,nfl-2026-wk9-cardinals-seahawks,Seattle Seahawks,Arizona Cardinals,,White,,,,,,,expected,,content/posts/arizona-cardinals-uniform-schedule-2026.md,https://www.colorwaysports.com/stories/arizona-cardinals-uniform-schedule-2026
nfl,2026,,nfl-2026-wk9-cardinals-seahawks,Seattle Seahawks,Arizona Cardinals,College Navy,,,,,,,,expected,,content/posts/seahawks-uniform-schedule-2026.md,https://www.colorwaysports.com/stories/seahawks-uniform-schedule-2026
nfl,2026,,nfl-2026-wk9-cowboys-colts,Indianapolis Colts,Dallas Cowboys,White Out,,,,,,,,announced,,content/posts/colts-uniform-schedule-2026.md,https://www.colorwaysports.com/stories/colts-uniform-schedule-2026
nfl,2026,,nfl-2026-wk9-cowboys-colts,Indianapolis Colts,Dallas Cowboys,,Navy,,,,,,,announced,,content/posts/cowboys-uniform-schedule-2026.md,https://www.colorwaysports.com/stories/cowboys-uniform-schedule-2026
nfl,2026,,nfl-2026-wk9-giants-eagles,Philadelphia Eagles,New York Giants,Kelly Green,,,,,,,,announced,,content/posts/eagles-uniform-schedule-2026.md,https://www.colorwaysports.com/stories/eagles-uniform-schedule-2026
nfl,2026,,nfl-2026-wk9-giants-eagles,Philadelphia Eagles,New York Giants,,Vintage White,,,,,,,announced,,content/posts/new-york-giants-uniform-schedule-2026.md,https://www.colorwaysports.com/stories/new-york-giants-uniform-schedule-2026
nfl,2026,,nfl-2026-wk9-jaguars-ravens,Baltimore Ravens,Jacksonville Jaguars,,White,,,,,,,expected,,content/posts/jaguars-uniform-schedule-2026.md,https://www.colorwaysports.com/stories/jaguars-uniform-schedule-2026
nfl,2026,,nfl-2026-wk9-jaguars-ravens,Baltimore Ravens,Jacksonville Jaguars,Purple Rising,,,,,,,,announced,,content/posts/ravens-uniform-schedule-2026.md,https://www.colorwaysports.com/stories/ravens-uniform-schedule-2026
nfl,2026,,nfl-2026-wk9-jets-chiefs,Kansas City Chiefs,New York Jets,Red,,,,,,,,expected,,content/posts/chiefs-uniform-schedule-2026.md,https://www.colorwaysports.com/stories/chiefs-uniform-schedule-2026
nfl,2026,,nfl-2026-wk9-jets-chiefs,Kansas City Chiefs,New York Jets,,White,,,,,,,expected,,content/posts/jets-uniform-schedule-2026.md,https://www.colorwaysports.com/stories/jets-uniform-schedule-2026
nfl,2026,,nfl-2026-wk9-lions-dolphins,Miami Dolphins,Detroit Lions,White,,,,,,,,announced,,content/posts/dolphins-uniform-schedule-2026.md,https://www.colorwaysports.com/stories/dolphins-uniform-schedule-2026
nfl,2026,,nfl-2026-wk9-lions-dolphins,Miami Dolphins,Detroit Lions,,Honolulu Blue,,,,,,,expected,,content/posts/lions-uniform-schedule-2026.md,https://www.colorwaysports.com/stories/lions-uniform-schedule-2026
nfl,2026,,nfl-2026-wk9-packers-patriots,New England Patriots,Green Bay Packers,,White,,,,,,,expected,,content/posts/packers-uniform-schedule-2026.md,https://www.colorwaysports.com/stories/packers-uniform-schedule-2026
nfl,2026,,nfl-2026-wk9-packers-patriots,New England Patriots,Green Bay Packers,Navy,,,,,,,,expected,,content/posts/patriots-uniform-schedule-2026.md,https://www.colorwaysports.com/stories/patriots-uniform-schedule-2026
nfl,2026,,nfl-2026-wk9-raiders-49ers,San Francisco 49ers,Las Vegas Raiders,Scarlet,,,,,,,,expected,,content/posts/49ers-uniform-schedule-2026.md,https://www.colorwaysports.com/stories/49ers-uniform-schedule-2026
nfl,2026,,nfl-2026-wk9-raiders-49ers,San Francisco 49ers,Las Vegas Raiders,,White,,,,,,,expected,,content/posts/raiders-uniform-schedule-2026.md,https://www.colorwaysports.com/stories/raiders-uniform-schedule-2026
nfl,2026,,nfl-2026-wk9-rams-commanders,Washington Commanders,Los Angeles Rams,Burgundy,,,,,,,,expected,,content/posts/commanders-uniform-schedule-2026.md,https://www.colorwaysports.com/stories/commanders-uniform-schedule-2026
nfl,2026,,nfl-2026-wk9-rams-commanders,Washington Commanders,Los Angeles Rams,,White,,,,,,,expected,,content/posts/rams-uniform-schedule-2026.md,https://www.colorwaysports.com/stories/rams-uniform-schedule-2026
nfl,2026,,nfl-2026-wk9-texans-chargers,Los Angeles Chargers,Houston Texans,Super Chargers,,,,,,,,announced,,content/posts/chargers-uniform-schedule-2026.md,https://www.colorwaysports.com/stories/chargers-uniform-schedule-2026
nfl,2026,,nfl-2026-wk9-texans-chargers,Los Angeles Chargers,Houston Texans,,White,,,,,,,expected,,content/posts/texans-uniform-schedule-2026.md,https://www.colorwaysports.com/stories/texans-uniform-schedule-2026
nfl,2026,,nfl-2026-wk10-49ers-cowboys,Dallas Cowboys,San Francisco 49ers,,Red 1994 Throwback,,,,,,,announced,,content/posts/49ers-uniform-schedule-2026.md,https://www.colorwaysports.com/stories/49ers-uniform-schedule-2026
nfl,2026,,nfl-2026-wk10-49ers-cowboys,Dallas Cowboys,San Francisco 49ers,White,,,,,,,,announced,,content/posts/cowboys-uniform-schedule-2026.md,https://www.colorwaysports.com/stories/cowboys-uniform-schedule-2026
nfl,2026,,nfl-2026-wk10-bills-jets,New York Jets,Buffalo Bills,,White,,,,,,,expected,,content/posts/bills-uniform-schedule-2026.md,https://www.colorwaysports.com/stories/bills-uniform-schedule-2026
nfl,2026,,nfl-2026-wk10-bills-jets,New York Jets,Buffalo Bills,Green,,,,,,,,expected,,content/posts/jets-uniform-schedule-2026.md,https://www.colorwaysports.com/stories/jets-uniform-schedule-2026
nfl,2026,,nfl-2026-wk10-chargers-ravens,Baltimore Ravens,Los Angeles Chargers,,White,,,,,,,announced,,content/posts/chargers-uniform-schedule-2026.md,https://www.colorwaysports.com/stories/chargers-uniform-schedule-2026
nfl,2026,,nfl-2026-wk10-chargers-ravens,Baltimore Ravens,Los Angeles Chargers,Darkness Falls,,,,,,,,announced,,content/posts/ravens-uniform-schedule-2026.md,https://www.colorwaysports.com/stories/ravens-uniform-schedule-2026
nfl,2026,,nfl-2026-wk10-chiefs-falcons,Atlanta Falcons,Kansas City Chiefs,,White,,,,,,,expected,,content/posts/chiefs-uniform-schedule-2026.md,https://www.colorwaysports.com/stories/chiefs-uniform-schedule-2026
nfl,2026,,nfl-2026-wk10-chiefs-falcons,Atlanta Falcons,Kansas City Chiefs,Red,,,,,,,,announced,,content/posts/falcons-uniform-schedule-2026.md,https://www.colorwaysports.com/stories/falcons-uniform-schedule-2026
nfl,2026,,nfl-2026-wk10-commanders-giants,New York Giants,Washington Commanders,,Burgundy,,,,,,,expected,,content/posts/commanders-uniform-schedule-2026.md,https://www.colorwaysports.com/stories/commanders-uniform-schedule-2026
nfl,2026,,nfl-2026-wk10-commanders-giants,New York Giants,Washington Commanders,Vintage White,,,,,,,,announced,,content/posts/new-york-giants-uniform-schedule-2026.md,https://www.colorwaysports.com/stories/new-york-giants-uniform-schedule-2026
nfl,2026,,nfl-2026-wk10-dolphins-colts,Indianapolis Colts,Miami Dolphins,Blue,,,,,,,,expected,,content/posts/colts-uniform-schedule-2026.md,https://www.colorwaysports.com/stories/colts-uniform-schedule-2026
nfl,2026,,nfl-2026-wk10-dolphins-colts,Indianapolis Colts,Miami Dolphins,,White,,,,,,,expected,,content/posts/dolphins-uniform-schedule-2026.md,https://www.colorwaysports.com/stories/dolphins-uniform-schedule-2026
nfl,2026,,nfl-2026-wk10-jaguars-titans,Tennessee Titans,Jacksonville Jaguars,,White,,,,,,,expected,,content/posts/jaguars-uniform-schedule-2026.md,https://www.colorwaysports.com/stories/jaguars-uniform-schedule-2026
nfl,2026,,nfl-2026-wk10-jaguars-titans,Tennessee Titans,Jacksonville Jaguars,Music City,,,,,,,,announced,,content/posts/titans-uniform-schedule-2026.md,https://www.colorwaysports.com/stories/titans-uniform-schedule-2026
nfl,2026,,nfl-2026-wk10-panthers-saints,New Orleans Saints,Carolina Panthers,,White,,,,,,,announced,,content/posts/panthers-uniform-schedule-2026.md,https://www.colorwaysports.com/stories/panthers-uniform-schedule-2026
nfl,2026,,nfl-2026-wk10-panthers-saints,New Orleans Saints,Carolina Panthers,Black,,,,,,,,announced,,content/posts/saints-uniform-schedule-2026.md,https://www.colorwaysports.com/stories/saints-uniform-schedule-2026
nfl,2026,,nfl-2026-wk10-patriots-lions,Detroit Lions,New England Patriots,Blue,,,,,,,,expected,,content/posts/lions-uniform-schedule-2026.md,https://www.colorwaysports.com/stories/lions-uniform-schedule-2026
nfl,2026,,nfl-2026-wk10-patriots-lions,Detroit Lions,New England Patriots,,White,,,,,,,expected,,content/posts/patriots-uniform-schedule-2026.md,https://www.colorwaysports.com/stories/patriots-uniform-schedule-2026
nfl,2026,,nfl-2026-wk10-rams-cardinals,Arizona Cardinals,Los Angeles Rams,Cardinal Red,,,,,,,,expected,,content/posts/arizona-cardinals-uniform-schedule-2026.md,https://www.colorwaysports.com/stories/arizona-cardinals-uniform-schedule-2026
nfl,2026,,nfl-2026-wk10-rams-cardinals,Arizona Cardinals,Los Angeles Rams,,White,,,,,,,expected,,content/posts/rams-uniform-schedule-2026.md,https://www.colorwaysports.com/stories/rams-uniform-schedule-2026
nfl,2026,,nfl-2026-wk10-seahawks-raiders,Las Vegas Raiders,Seattle Seahawks,Black,,,,,,,,expected,,content/posts/raiders-uniform-schedule-2026.md,https://www.colorwaysports.com/stories/raiders-uniform-schedule-2026
nfl,2026,,nfl-2026-wk10-seahawks-raiders,Las Vegas Raiders,Seattle Seahawks,,White,,,,,,,expected,,content/posts/seahawks-uniform-schedule-2026.md,https://www.colorwaysports.com/stories/seahawks-uniform-schedule-2026
nfl,2026,,nfl-2026-wk10-steelers-bengals,Cincinnati Bengals,Pittsburgh Steelers,White Bengal,,,,,,,,announced,,content/posts/bengals-uniform-schedule-2026.md,https://www.colorwaysports.com/stories/bengals-uniform-schedule-2026
nfl,2026,,nfl-2026-wk10-steelers-bengals,Cincinnati Bengals,Pittsburgh Steelers,,Black,,,,,,,expected,,content/posts/steelers-uniform-schedule-2026.md,https://www.colorwaysports.com/stories/steelers-uniform-schedule-2026
nfl,2026,,nfl-2026-wk10-texans-browns,Cleveland Browns,Houston Texans,Brown,,,,,,,,expected,,content/posts/browns-uniform-schedule-2026.md,https://www.colorwaysports.com/stories/browns-uniform-schedule-2026
nfl,2026,,nfl-2026-wk10-texans-browns,Cleveland Browns,Houston Texans,,White,,,,,,,expected,,content/posts/texans-uniform-schedule-2026.md,https://www.colorwaysports.com/stories/texans-uniform-schedule-2026
nfl,2026,,nfl-2026-wk10-vikings-packers,Green Bay Packers,Minnesota Vikings,Green,,,,,,,,expected,,content/posts/packers-uniform-schedule-2026.md,https://www.colorwaysports.com/stories/packers-uniform-schedule-2026
nfl,2026,,nfl-2026-wk10-vikings-packers,Green Bay Packers,Minnesota Vikings,,White,,,,,,,expected,,content/posts/vikings-uniform-schedule-2026.md,https://www.colorwaysports.com/stories/vikings-uniform-schedule-2026
nfl,2026,,nfl-2026-wk11-bengals-commanders,Washington Commanders,Cincinnati Bengals,,White,,,,,,,expected,,content/posts/bengals-uniform-schedule-2026.md,https://www.colorwaysports.com/stories/bengals-uniform-schedule-2026
nfl,2026,,nfl-2026-wk11-bengals-commanders,Washington Commanders,Cincinnati Bengals,Hail Raiser,,,,,,,,expected,,content/posts/commanders-uniform-schedule-2026.md,https://www.colorwaysports.com/stories/commanders-uniform-schedule-2026
nfl,2026,,nfl-2026-wk11-buccaneers-lions,Detroit Lions,Tampa Bay Buccaneers,,White,,,,,,,expected,,content/posts/buccaneers-uniform-schedule-2026.md,https://www.colorwaysports.com/stories/buccaneers-uniform-schedule-2026
nfl,2026,,nfl-2026-wk11-buccaneers-lions,Detroit Lions,Tampa Bay Buccaneers,Honolulu Blue,,,,,,,,expected,,content/posts/lions-uniform-schedule-2026.md,https://www.colorwaysports.com/stories/lions-uniform-schedule-2026
nfl,2026,,nfl-2026-wk11-cardinals-chiefs,Kansas City Chiefs,Arizona Cardinals,,White,,,,,,,expected,,content/posts/arizona-cardinals-uniform-schedule-2026.md,https://www.colorwaysports.com/stories/arizona-cardinals-uniform-schedule-2026
nfl,2026,,nfl-2026-wk11-cardinals-chiefs,Kansas City Chiefs,Arizona Cardinals,Red,,,,,,,,expected,,content/posts/chiefs-uniform-schedule-2026.md,https://www.colorwaysports.com/stories/chiefs-uniform-schedule-2026
nfl,2026,,nfl-2026-wk11-colts-texans,Houston Texans,Indianapolis Colts,,White,,,,,,,expected,,content/posts/colts-uniform-schedule-2026.md,https://www.colorwaysports.com/stories/colts-uniform-schedule-2026
nfl,2026,,nfl-2026-wk11-colts-texans,Houston Texans,Indianapolis Colts,Rivalries,,,,,,,,announced,,content/posts/texans-uniform-schedule-2026.md,https://www.colorwaysports.com/stories/texans-uniform-schedule-2026
nfl,2026,,nfl-2026-wk11-dolphins-bills,Buffalo Bills,Miami Dolphins,Cold Front,,,,,,,,announced,,content/posts/bills-uniform-schedule-2026.md,https://www.colorwaysports.com/stories/bills-uniform-schedule-2026
nfl,2026,,nfl-2026-wk11-dolphins-bills,Buffalo Bills,Miami Dolphins,,White,,,,,,,expected,,content/posts/dolphins-uniform-schedule-2026.md,https://www.colorwaysports.com/stories/dolphins-uniform-schedule-2026
nfl,2026,,nfl-2026-wk11-jaguars-giants,New York Giants,Jacksonville Jaguars,,White,,,,,,,expected,,content/posts/jaguars-uniform-schedule-2026.md,https://www.colorwaysports.com/stories/jaguars-uniform-schedule-2026
nfl,2026,,nfl-2026-wk11-jaguars-giants,New York Giants,Jacksonville Jaguars,Blue,,,,,,,,expected,,content/posts/new-york-giants-uniform-schedule-2026.md,https://www.colorwaysports.com/stories/new-york-giants-uniform-schedule-2026
nfl,2026,,nfl-2026-wk11-jets-chargers,Los Angeles Chargers,New York Jets,Powder Blue,,,,,,,,announced,,content/posts/chargers-uniform-schedule-2026.md,https://www.colorwaysports.com/stories/chargers-uniform-schedule-2026
nfl,2026,,nfl-2026-wk11-jets-chargers,Los Angeles Chargers,New York Jets,,White,,,,,,,expected,,content/posts/jets-uniform-schedule-2026.md,https://www.colorwaysports.com/stories/jets-uniform-schedule-2026
nfl,2026,,nfl-2026-wk11-raiders-broncos,Denver Broncos,Las Vegas Raiders,Sunset Orange,,,,,,,,expected,,content/posts/broncos-uniform-schedule-2026.md,https://www.colorwaysports.com/stories/broncos-uniform-schedule-2026
nfl,2026,,nfl-2026-wk11-raiders-broncos,Denver Broncos,Las Vegas Raiders,,White,,,,,,,expected,,content/posts/raiders-uniform-schedule-2026.md,https://www.colorwaysports.com/stories/raiders-uniform-schedule-2026
nfl,2026,,nfl-2026-wk11-ravens-panthers,Carolina Panthers,Baltimore Ravens,Black,,,,,,,,announced,,content/posts/panthers-uniform-schedule-2026.md,https://www.colorwaysports.com/stories/panthers-uniform-schedule-2026
nfl,2026,,nfl-2026-wk11-ravens-panthers,Carolina Panthers,Baltimore Ravens,,White,,,,,,,expected,,content/posts/ravens-uniform-schedule-2026.md,https://www.colorwaysports.com/stories/ravens-uniform-schedule-2026
nfl,2026,,nfl-2026-wk11-saints-bears,Chicago Bears,New Orleans Saints,Navy,,,,,,,,expected,,content/posts/bears-uniform-schedule-2026.md,https://www.colorwaysports.com/stories/bears-uniform-schedule-2026
nfl,2026,,nfl-2026-wk11-saints-bears,Chicago Bears,New Orleans Saints,,White,,,,,,,announced,,content/posts/saints-uniform-schedule-2026.md,https://www.colorwaysports.com/stories/saints-uniform-schedule-2026
nfl,2026,,nfl-2026-wk11-steelers-eagles,Philadelphia Eagles,Pittsburgh Steelers,Midnight Green,,,,,,,,expected,,content/posts/eagles-uniform-schedule-2026.md,https://www.colorwaysports.com/stories/eagles-uniform-schedule-2026
nfl,2026,,nfl-2026-wk11-steelers-eagles,Philadelphia Eagles,Pittsburgh Steelers,,White,,,,,,,expected,,content/posts/steelers-uniform-schedule-2026.md,https://www.colorwaysports.com/stories/steelers-uniform-schedule-2026
nfl,2026,,nfl-2026-wk11-titans-cowboys,Dallas Cowboys,Tennessee Titans,White,,,,,,,,announced,,content/posts/cowboys-uniform-schedule-2026.md,https://www.colorwaysports.com/stories/cowboys-uniform-schedule-2026
nfl,2026,,nfl-2026-wk11-titans-cowboys,Dallas Cowboys,Tennessee Titans,,Blue,,,,,,,expected,,content/posts/titans-uniform-schedule-2026.md,https://www.colorwaysports.com/stories/titans-uniform-schedule-2026
nfl,2026,,nfl-2026-wk11-vikings-49ers,San Francisco 49ers,Minnesota Vikings,Scarlet,,,,,,,,expected,,content/posts/49ers-uniform-schedule-2026.md,https://www.colorwaysports.com/stories/49ers-uniform-schedule-2026
nfl,2026,,nfl-2026-wk11-vikings-49ers,San Francisco 49ers,Minnesota Vikings,,White,,,,,,,expected,,content/posts/vikings-uniform-schedule-2026.md,https://www.colorwaysports.com/stories/vikings-uniform-schedule-2026
nfl,2026,,nfl-2026-wk12-bears-lions,Detroit Lions,Chicago Bears,,White,,,,,,,expected,,content/posts/bears-uniform-schedule-2026.md,https://www.colorwaysports.com/stories/bears-uniform-schedule-2026
nfl,2026,,nfl-2026-wk12-bears-lions,Detroit Lions,Chicago Bears,Blue,,,,,,,,expected,,content/posts/lions-uniform-schedule-2026.md,https://www.colorwaysports.com/stories/lions-uniform-schedule-2026
nfl,2026,,nfl-2026-wk12-broncos-steelers,Pittsburgh Steelers,Denver Broncos,,Summit White,,,,,,,expected,,content/posts/broncos-uniform-schedule-2026.md,https://www.colorwaysports.com/stories/broncos-uniform-schedule-2026
nfl,2026,,nfl-2026-wk12-broncos-steelers,Pittsburgh Steelers,Denver Broncos,Black,,,,,,,,expected,,content/posts/steelers-uniform-schedule-2026.md,https://www.colorwaysports.com/stories/steelers-uniform-schedule-2026
nfl,2026,,nfl-2026-wk12-chiefs-bills,Buffalo Bills,Kansas City Chiefs,Blue Primary,,,,,,,,announced,,content/posts/bills-uniform-schedule-2026.md,https://www.colorwaysports.com/stories/bills-uniform-schedule-2026
nfl,2026,,nfl-2026-wk12-chiefs-bills,Buffalo Bills,Kansas City Chiefs,,White,,,,,,,expected,,content/posts/chiefs-uniform-schedule-2026.md,https://www.colorwaysports.com/stories/chiefs-uniform-schedule-2026
nfl,2026,,nfl-2026-wk12-commanders-cardinals,Arizona Cardinals,Washington Commanders,Black,,,,,,,,expected,,content/posts/arizona-cardinals-uniform-schedule-2026.md,https://www.colorwaysports.com/stories/arizona-cardinals-uniform-schedule-2026
nfl,2026,,nfl-2026-wk12-commanders-cardinals,Arizona Cardinals,Washington Commanders,,White,,,,,,,expected,,content/posts/commanders-uniform-schedule-2026.md,https://www.colorwaysports.com/stories/commanders-uniform-schedule-2026
nfl,2026,,nfl-2026-wk12-eagles-cowboys,Dallas Cowboys,Philadelphia Eagles,Thanksgiving Classic,,,,,,,,announced,,content/posts/cowboys-uniform-schedule-2026.md,https://www.colorwaysports.com/stories/cowboys-uniform-schedule-2026
nfl,2026,,nfl-2026-wk12-eagles-cowboys,Dallas Cowboys,Philadelphia Eagles,,White,,,,,,,expected,,content/posts/eagles-uniform-schedule-2026.md,https://www.colorwaysports.com/stories/eagles-uniform-schedule-2026
nfl,2026,,nfl-2026-wk12-falcons-vikings,Minnesota Vikings,Atlanta Falcons,,White,,,,,,,announced,,content/posts/falcons-uniform-schedule-2026.md,https://www.colorwaysports.com/stories/falcons-uniform-schedule-2026
nfl,2026,,nfl-2026-wk12-falcons-vikings,Minnesota Vikings,Atlanta Falcons,Purple / White,,,,,,,,announced,,content/posts/vikings-uniform-schedule-2026.md,https://www.colorwaysports.com/stories/vikings-uniform-schedule-2026
nfl,2026,,nfl-2026-wk12-giants-colts,Indianapolis Colts,New York Giants,Blue,,,,,,,,expected,,content/posts/colts-uniform-schedule-2026.md,https://www.colorwaysports.com/stories/colts-uniform-schedule-2026
nfl,2026,,nfl-2026-wk12-giants-colts,Indianapolis Colts,New York Giants,,White,,,,,,,expected,,content/posts/new-york-giants-uniform-schedule-2026.md,https://www.colorwaysports.com/stories/new-york-giants-uniform-schedule-2026
nfl,2026,,nfl-2026-wk12-jets-dolphins,Miami Dolphins,New York Jets,Aqua,,,,,,,,expected,,content/posts/dolphins-uniform-schedule-2026.md,https://www.colorwaysports.com/stories/dolphins-uniform-schedule-2026
nfl,2026,,nfl-2026-wk12-jets-dolphins,Miami Dolphins,New York Jets,,White,,,,,,,expected,,content/posts/jets-uniform-schedule-2026.md,https://www.colorwaysports.com/stories/jets-uniform-schedule-2026
nfl,2026,,nfl-2026-wk12-packers-rams,Los Angeles Rams,Green Bay Packers,,Green,,,,,,,expected,,content/posts/packers-uniform-schedule-2026.md,https://www.colorwaysports.com/stories/packers-uniform-schedule-2026
nfl,2026,,nfl-2026-wk12-packers-rams,Los Angeles Rams,Green Bay Packers,Fearsome White,,,,,,,,announced,,content/posts/rams-uniform-schedule-2026.md,https://www.colorwaysports.com/stories/rams-uniform-schedule-2026
nfl,2026,,nfl-2026-wk12-panthers-buccaneers,Tampa Bay Buccaneers,Carolina Panthers,Red,,,,,,,,expected,,content/posts/buccaneers-uniform-schedule-2026.md,https://www.colorwaysports.com/stories/buccaneers-uniform-schedule-2026
nfl,2026,,nfl-2026-wk12-panthers-buccaneers,Tampa Bay Buccaneers,Carolina Panthers,,White,,,,,,,announced,,content/posts/panthers-uniform-schedule-2026.md,https://www.colorwaysports.com/stories/panthers-uniform-schedule-2026
nfl,2026,,nfl-2026-wk12-patriots-chargers,Los Angeles Chargers,New England Patriots,Super Chargers,,,,,,,,announced,,content/posts/chargers-uniform-schedule-2026.md,https://www.colorwaysports.com/stories/chargers-uniform-schedule-2026
nfl,2026,,nfl-2026-wk12-patriots-chargers,Los Angeles Chargers,New England Patriots,,White,,,,,,,expected,,content/posts/patriots-uniform-schedule-2026.md,https://www.colorwaysports.com/stories/patriots-uniform-schedule-2026
nfl,2026,,nfl-2026-wk12-raiders-browns,Cleveland Browns,Las Vegas Raiders,Brown,,,,,,,,expected,,content/posts/browns-uniform-schedule-2026.md,https://www.colorwaysports.com/stories/browns-uniform-schedule-2026
nfl,2026,,nfl-2026-wk12-raiders-browns,Cleveland Browns,Las Vegas Raiders,,White,,,,,,,expected,,content/posts/raiders-uniform-schedule-2026.md,https://www.colorwaysports.com/stories/raiders-uniform-schedule-2026
nfl,2026,,nfl-2026-wk12-ravens-texans,Houston Texans,Baltimore Ravens,,White,,,,,,,expected,,content/posts/ravens-uniform-schedule-2026.md,https://www.colorwaysports.com/stories/ravens-uniform-schedule-2026
nfl,2026,,nfl-2026-wk12-ravens-texans,Houston Texans,Baltimore Ravens,Deep Steel Blue,,,,,,,,expected,,content/posts/texans-uniform-schedule-2026.md,https://www.colorwaysports.com/stories/texans-uniform-schedule-2026
nfl,2026,,nfl-2026-wk12-saints-bengals,Cincinnati Bengals,New Orleans Saints,Black,,,,,,,,expected,,content/posts/bengals-uniform-schedule-2026.md,https://www.colorwaysports.com/stories/bengals-uniform-schedule-2026
nfl,2026,,nfl-2026-wk12-saints-bengals,Cincinnati Bengals,New Orleans Saints,,White Alt,,,,,,,announced,,content/posts/saints-uniform-schedule-2026.md,https://www.colorwaysports.com/stories/saints-uniform-schedule-2026
nfl,2026,,nfl-2026-wk12-seahawks-49ers,San Francisco 49ers,Seattle Seahawks,Scarlet,,,,,,,,expected,,content/posts/49ers-uniform-schedule-2026.md,https://www.colorwaysports.com/stories/49ers-uniform-schedule-2026
nfl,2026,,nfl-2026-wk12-seahawks-49ers,San Francisco 49ers,Seattle Seahawks,,White,,,,,,,expected,,content/posts/seahawks-uniform-schedule-2026.md,https://www.colorwaysports.com/stories/seahawks-uniform-schedule-2026
nfl,2026,,nfl-2026-wk12-titans-jaguars,Jacksonville Jaguars,Tennessee Titans,Teal,,,,,,,,expected,,content/posts/jaguars-uniform-schedule-2026.md,https://www.colorwaysports.com/stories/jaguars-uniform-schedule-2026
nfl,2026,,nfl-2026-wk12-titans-jaguars,Jacksonville Jaguars,Tennessee Titans,,White,,,,,,,expected,,content/posts/titans-uniform-schedule-2026.md,https://www.colorwaysports.com/stories/titans-uniform-schedule-2026
nfl,2026,,nfl-2026-wk13-49ers-giants,New York Giants,San Francisco 49ers,,White,,,,,,,expected,,content/posts/49ers-uniform-schedule-2026.md,https://www.colorwaysports.com/stories/49ers-uniform-schedule-2026
nfl,2026,,nfl-2026-wk13-49ers-giants,New York Giants,San Francisco 49ers,Legacy Blue,,,,,,,,announced,,content/posts/new-york-giants-uniform-schedule-2026.md,https://www.colorwaysports.com/stories/new-york-giants-uniform-schedule-2026
nfl,2026,,nfl-2026-wk13-bengals-browns,Cleveland Browns,Cincinnati Bengals,,White,,,,,,,expected,,content/posts/bengals-uniform-schedule-2026.md,https://www.colorwaysports.com/stories/bengals-uniform-schedule-2026
nfl,2026,,nfl-2026-wk13-bengals-browns,Cleveland Browns,Cincinnati Bengals,Brown,,,,,,,,expected,,content/posts/browns-uniform-schedule-2026.md,https://www.colorwaysports.com/stories/browns-uniform-schedule-2026
nfl,2026,,nfl-2026-wk13-bills-patriots,New England Patriots,Buffalo Bills,,White,,,,,,,expected,,content/posts/bills-uniform-schedule-2026.md,https://www.colorwaysports.com/stories/bills-uniform-schedule-2026
nfl,2026,,nfl-2026-wk13-bills-patriots,New England Patriots,Buffalo Bills,Nor'easter,,,,,,,,announced,,content/posts/patriots-uniform-schedule-2026.md,https://www.colorwaysports.com/stories/patriots-uniform-schedule-2026
nfl,2026,,nfl-2026-wk13-chargers-buccaneers,Tampa Bay Buccaneers,Los Angeles Chargers,Creamsicle Throwback,,,,,,,,announced,,content/posts/buccaneers-uniform-schedule-2026.md,https://www.colorwaysports.com/stories/buccaneers-uniform-schedule-2026
nfl,2026,,nfl-2026-wk13-chargers-buccaneers,Tampa Bay Buccaneers,Los Angeles Chargers,,Charger Power,,,,,,,announced,,content/posts/chargers-uniform-schedule-2026.md,https://www.colorwaysports.com/stories/chargers-uniform-schedule-2026
nfl,2026,,nfl-2026-wk13-chiefs-rams,Los Angeles Rams,Kansas City Chiefs,,White,,,,,,,expected,,content/posts/chiefs-uniform-schedule-2026.md,https://www.colorwaysports.com/stories/chiefs-uniform-schedule-2026
nfl,2026,,nfl-2026-wk13-chiefs-rams,Los Angeles Rams,Kansas City Chiefs,Classic Sol,,,,,,,,announced,,content/posts/rams-uniform-schedule-2026.md,https://www.colorwaysports.com/stories/rams-uniform-schedule-2026
nfl,2026,,nfl-2026-wk13-commanders-titans,Tennessee Titans,Washington Commanders,,White,,,,,,,expected,,content/posts/commanders-uniform-schedule-2026.md,https://www.colorwaysports.com/stories/commanders-uniform-schedule-2026
nfl,2026,,nfl-2026-wk13-commanders-titans,Tennessee Titans,Washington Commanders,Titans Blue,,,,,,,,expected,,content/posts/titans-uniform-schedule-2026.md,https://www.colorwaysports.com/stories/titans-uniform-schedule-2026
nfl,2026,,nfl-2026-wk13-cowboys-seahawks,Seattle Seahawks,Dallas Cowboys,,White,,,,,,,announced,,content/posts/cowboys-uniform-schedule-2026.md,https://www.colorwaysports.com/stories/cowboys-uniform-schedule-2026
nfl,2026,,nfl-2026-wk13-cowboys-seahawks,Seattle Seahawks,Dallas Cowboys,Throwback,,,,,,,,announced,,content/posts/seahawks-uniform-schedule-2026.md,https://www.colorwaysports.com/stories/seahawks-uniform-schedule-2026
nfl,2026,,nfl-2026-wk13-dolphins-broncos,Denver Broncos,Miami Dolphins,Sunset Orange,,,,,,,,expected,,content/posts/broncos-uniform-schedule-2026.md,https://www.colorwaysports.com/stories/broncos-uniform-schedule-2026
nfl,2026,,nfl-2026-wk13-dolphins-broncos,Denver Broncos,Miami Dolphins,,White,,,,,,,expected,,content/posts/dolphins-uniform-schedule-2026.md,https://www.colorwaysports.com/stories/dolphins-uniform-schedule-2026
nfl,2026,,nfl-2026-wk13-eagles-cardinals,Arizona Cardinals,Philadelphia Eagles,Cardinal Red,,,,,,,,expected,,content/posts/arizona-cardinals-uniform-schedule-2026.md,https://www.colorwaysports.com/stories/arizona-cardinals-uniform-schedule-2026
nfl,2026,,nfl-2026-wk13-eagles-cardinals,Arizona Cardinals,Philadelphia Eagles,,White,,,,,,,expected,,content/posts/eagles-uniform-schedule-2026.md,https://www.colorwaysports.com/stories/eagles-uniform-schedule-2026
nfl,2026,,nfl-2026-wk13-jaguars-bears,Chicago Bears,Jacksonville Jaguars,Navy,,,,,,,,expected,,content/posts/bears-uniform-schedule-2026.md,https://www.colorwaysports.com/stories/bears-uniform-schedule-2026
nfl,2026,,nfl-2026-wk13-jaguars-bears,Chicago Bears,Jacksonville Jaguars,,White,,,,,,,expected,,content/posts/jaguars-uniform-schedule-2026.md,https://www.colorwaysports.com/stories/jaguars-uniform-schedule-2026
nfl,2026,,nfl-2026-wk13-lions-falcons,Atlanta Falcons,Detroit Lions,1966 Throwback,,,,,,,,announced,,content/posts/falcons-uniform-schedule-2026.md,https://www.colorwaysports.com/stories/falcons-uniform-schedule-2026
nfl,2026,,nfl-2026-wk13-lions-falcons,Atlanta Falcons,Detroit Lions,,White,,,,,,,expected,,content/posts/lions-uniform-schedule-2026.md,https://www.colorwaysports.com/stories/lions-uniform-schedule-2026
nfl,2026,,nfl-2026-wk13-packers-saints,New Orleans Saints,Green Bay Packers,,White,,,,,,,expected,,content/posts/packers-uniform-schedule-2026.md,https://www.colorwaysports.com/stories/packers-uniform-schedule-2026
nfl,2026,,nfl-2026-wk13-packers-saints,New Orleans Saints,Green Bay Packers,Black,,,,,,,,announced,,content/posts/saints-uniform-schedule-2026.md,https://www.colorwaysports.com/stories/saints-uniform-schedule-2026
nfl,2026,,nfl-2026-wk13-panthers-vikings,Minnesota Vikings,Carolina Panthers,,White,,,,,,,announced,,content/posts/panthers-uniform-schedule-2026.md,https://www.colorwaysports.com/stories/panthers-uniform-schedule-2026
nfl,2026,,nfl-2026-wk13-panthers-vikings,Minnesota Vikings,Carolina Panthers,Purple / White,,,,,,,,announced,,content/posts/vikings-uniform-schedule-2026.md,https://www.colorwaysports.com/stories/vikings-uniform-schedule-2026
nfl,2026,,nfl-2026-wk13-texans-steelers,Pittsburgh Steelers,Houston Texans,Black,,,,,,,,expected,,content/posts/steelers-uniform-schedule-2026.md,https://www.colorwaysports.com/stories/steelers-uniform-schedule-2026
nfl,2026,,nfl-2026-wk13-texans-steelers,Pittsburgh Steelers,Houston Texans,,White,,,,,,,expected,,content/posts/texans-uniform-schedule-2026.md,https://www.colorwaysports.com/stories/texans-uniform-schedule-2026
nfl,2026,,nfl-2026-wk14-bears-dolphins,Miami Dolphins,Chicago Bears,,Navy,,,,,,,expected,,content/posts/bears-uniform-schedule-2026.md,https://www.colorwaysports.com/stories/bears-uniform-schedule-2026
nfl,2026,,nfl-2026-wk14-bears-dolphins,Miami Dolphins,Chicago Bears,Throwback,,,,,,,,announced,,content/posts/dolphins-uniform-schedule-2026.md,https://www.colorwaysports.com/stories/dolphins-uniform-schedule-2026
nfl,2026,,nfl-2026-wk14-bills-packers,Green Bay Packers,Buffalo Bills,,White,,,,,,,expected,,content/posts/bills-uniform-schedule-2026.md,https://www.colorwaysports.com/stories/bills-uniform-schedule-2026
nfl,2026,,nfl-2026-wk14-bills-packers,Green Bay Packers,Buffalo Bills,Green,,,,,,,,expected,,content/posts/packers-uniform-schedule-2026.md,https://www.colorwaysports.com/stories/packers-uniform-schedule-2026
nfl,2026,,nfl-2026-wk14-broncos-jets,New York Jets,Denver Broncos,,Summit White,,,,,,,expected,,content/posts/broncos-uniform-schedule-2026.md,https://www.colorwaysports.com/stories/broncos-uniform-schedule-2026
nfl,2026,,nfl-2026-wk14-broncos-jets,New York Jets,Denver Broncos,Green,,,,,,,,expected,,content/posts/jets-uniform-schedule-2026.md,https://www.colorwaysports.com/stories/jets-uniform-schedule-2026
nfl,2026,,nfl-2026-wk14-buccaneers-ravens,Baltimore Ravens,Tampa Bay Buccaneers,,White,,,,,,,expected,,content/posts/buccaneers-uniform-schedule-2026.md,https://www.colorwaysports.com/stories/buccaneers-uniform-schedule-2026
nfl,2026,,nfl-2026-wk14-buccaneers-ravens,Baltimore Ravens,Tampa Bay Buccaneers,Purple,,,,,,,,expected,,content/posts/ravens-uniform-schedule-2026.md,https://www.colorwaysports.com/stories/ravens-uniform-schedule-2026
nfl,2026,,nfl-2026-wk14-chargers-raiders,Las Vegas Raiders,Los Angeles Chargers,,White,,,,,,,announced,,content/posts/chargers-uniform-schedule-2026.md,https://www.colorwaysports.com/stories/chargers-uniform-schedule-2026
nfl,2026,,nfl-2026-wk14-chargers-raiders,Las Vegas Raiders,Los Angeles Chargers,Black,,,,,,,,expected,,content/posts/raiders-uniform-schedule-2026.md,https://www.colorwaysports.com/stories/raiders-uniform-schedule-2026
nfl,2026,,nfl-2026-wk14-chiefs-bengals,Cincinnati Bengals,Kansas City Chiefs,Black,,,,,,,,expected,,content/posts/bengals-uniform-schedule-2026.md,https://www.colorwaysports.com/stories/bengals-uniform-schedule-2026
nfl,2026,,nfl-2026-wk14-chiefs-bengals,Cincinnati Bengals,Kansas City Chiefs,,White,,,,,,,expected,,content/posts/chiefs-uniform-schedule-2026.md,https://www.colorwaysports.com/stories/chiefs-uniform-schedule-2026
nfl,2026,,nfl-2026-wk14-colts-eagles,Philadelphia Eagles,Indianapolis Colts,,White,,,,,,,expected,,content/posts/colts-uniform-schedule-2026.md,https://www.colorwaysports.com/stories/colts-uniform-schedule-2026
nfl,2026,,nfl-2026-wk14-colts-eagles,Philadelphia Eagles,Indianapolis Colts,Midnight Green,,,,,,,,expected,,content/posts/eagles-uniform-schedule-2026.md,https://www.colorwaysports.com/stories/eagles-uniform-schedule-2026
nfl,2026,,nfl-2026-wk14-falcons-browns,Cleveland Browns,Atlanta Falcons,Brown,,,,,,,,expected,,content/posts/browns-uniform-schedule-2026.md,https://www.colorwaysports.com/stories/browns-uniform-schedule-2026
nfl,2026,,nfl-2026-wk14-falcons-browns,Cleveland Browns,Atlanta Falcons,,White,,,,,,,announced,,content/posts/falcons-uniform-schedule-2026.md,https://www.colorwaysports.com/stories/falcons-uniform-schedule-2026
nfl,2026,,nfl-2026-wk14-giants-seahawks,Seattle Seahawks,New York Giants,,White,,,,,,,expected,,content/posts/new-york-giants-uniform-schedule-2026.md,https://www.colorwaysports.com/stories/new-york-giants-uniform-schedule-2026
nfl,2026,,nfl-2026-wk14-giants-seahawks,Seattle Seahawks,New York Giants,College Navy,,,,,,,,expected,,content/posts/seahawks-uniform-schedule-2026.md,https://www.colorwaysports.com/stories/seahawks-uniform-schedule-2026
nfl,2026,,nfl-2026-wk14-rams-49ers,San Francisco 49ers,Los Angeles Rams,Black Rivalries,,,,,,,,announced,,content/posts/49ers-uniform-schedule-2026.md,https://www.colorwaysports.com/stories/49ers-uniform-schedule-2026
nfl,2026,,nfl-2026-wk14-rams-49ers,San Francisco 49ers,Los Angeles Rams,,White,,,,,,,expected,,content/posts/rams-uniform-schedule-2026.md,https://www.colorwaysports.com/stories/rams-uniform-schedule-2026
nfl,2026,,nfl-2026-wk14-saints-panthers,Carolina Panthers,New Orleans Saints,Panther Blue,,,,,,,,announced,,content/posts/panthers-uniform-schedule-2026.md,https://www.colorwaysports.com/stories/panthers-uniform-schedule-2026
nfl,2026,,nfl-2026-wk14-saints-panthers,Carolina Panthers,New Orleans Saints,,White,,,,,,,announced,,content/posts/saints-uniform-schedule-2026.md,https://www.colorwaysports.com/stories/saints-uniform-schedule-2026
nfl,2026,,nfl-2026-wk14-steelers-jaguars,Jacksonville Jaguars,Pittsburgh Steelers,Teal,,,,,,,,expected,,content/posts/jaguars-uniform-schedule-2026.md,https://www.colorwaysports.com/stories/jaguars-uniform-schedule-2026
nfl,2026,,nfl-2026-wk14-steelers-jaguars,Jacksonville Jaguars,Pittsburgh Steelers,,White,,,,,,,expected,,content/posts/steelers-uniform-schedule-2026.md,https://www.colorwaysports.com/stories/steelers-uniform-schedule-2026
nfl,2026,,nfl-2026-wk14-texans-commanders,Washington Commanders,Houston Texans,Burgundy,,,,,,,,expected,,content/posts/commanders-uniform-schedule-2026.md,https://www.colorwaysports.com/stories/commanders-uniform-schedule-2026
nfl,2026,,nfl-2026-wk14-texans-commanders,Washington Commanders,Houston Texans,,White,,,,,,,expected,,content/posts/texans-uniform-schedule-2026.md,https://www.colorwaysports.com/stories/texans-uniform-schedule-2026
nfl,2026,,nfl-2026-wk14-titans-lions,Detroit Lions,Tennessee Titans,Honolulu Blue,,,,,,,,expected,,content/posts/lions-uniform-schedule-2026.md,https://www.colorwaysports.com/stories/lions-uniform-schedule-2026
nfl,2026,,nfl-2026-wk14-titans-lions,Detroit Lions,Tennessee Titans,,White,,,,,,,expected,,content/posts/titans-uniform-schedule-2026.md,https://www.colorwaysports.com/stories/titans-uniform-schedule-2026
nfl,2026,,nfl-2026-wk14-vikings-patriots,New England Patriots,Minnesota Vikings,Pat Patriot,,,,,,,,announced,,content/posts/patriots-uniform-schedule-2026.md,https://www.colorwaysports.com/stories/patriots-uniform-schedule-2026
nfl,2026,,nfl-2026-wk14-vikings-patriots,New England Patriots,Minnesota Vikings,,White,,,,,,,expected,,content/posts/vikings-uniform-schedule-2026.md,https://www.colorwaysports.com/stories/vikings-uniform-schedule-2026
nfl,2026,,nfl-2026-wk15-49ers-chargers,Los Angeles Chargers,San Francisco 49ers,,White 1994 Throwback,,,,,,,announced,,content/posts/49ers-uniform-schedule-2026.md,https://www.colorwaysports.com/stories/49ers-uniform-schedule-2026
nfl,2026,,nfl-2026-wk15-49ers-chargers,Los Angeles Chargers,San Francisco 49ers,Powder Blue,,,,,,,,announced,,content/posts/chargers-uniform-schedule-2026.md,https://www.colorwaysports.com/stories/chargers-uniform-schedule-2026
nfl,2026,,nfl-2026-wk15-bears-bills,Buffalo Bills,Chicago Bears,,White,,,,,,,expected,,content/posts/bears-uniform-schedule-2026.md,https://www.colorwaysports.com/stories/bears-uniform-schedule-2026
nfl,2026,,nfl-2026-wk15-bears-bills,Buffalo Bills,Chicago Bears,Nickel City,,,,,,,,announced,,content/posts/bills-uniform-schedule-2026.md,https://www.colorwaysports.com/stories/bills-uniform-schedule-2026
nfl,2026,,nfl-2026-wk15-bengals-panthers,Carolina Panthers,Cincinnati Bengals,,White,,,,,,,expected,,content/posts/bengals-uniform-schedule-2026.md,https://www.colorwaysports.com/stories/bengals-uniform-schedule-2026
nfl,2026,,nfl-2026-wk15-bengals-panthers,Carolina Panthers,Cincinnati Bengals,Black,,,,,,,,announced,,content/posts/panthers-uniform-schedule-2026.md,https://www.colorwaysports.com/stories/panthers-uniform-schedule-2026
nfl,2026,,nfl-2026-wk15-broncos-raiders,Las Vegas Raiders,Denver Broncos,,Summit White,,,,,,,expected,,content/posts/broncos-uniform-schedule-2026.md,https://www.colorwaysports.com/stories/broncos-uniform-schedule-2026
nfl,2026,,nfl-2026-wk15-broncos-raiders,Las Vegas Raiders,Denver Broncos,Black,,,,,,,,expected,,content/posts/raiders-uniform-schedule-2026.md,https://www.colorwaysports.com/stories/raiders-uniform-schedule-2026
nfl,2026,,nfl-2026-wk15-browns-giants,New York Giants,Cleveland Browns,,White,,,,,,,expected,,content/posts/browns-uniform-schedule-2026.md,https://www.colorwaysports.com/stories/browns-uniform-schedule-2026
nfl,2026,,nfl-2026-wk15-browns-giants,New York Giants,Cleveland Browns,Blue,,,,,,,,expected,,content/posts/new-york-giants-uniform-schedule-2026.md,https://www.colorwaysports.com/stories/new-york-giants-uniform-schedule-2026
nfl,2026,,nfl-2026-wk15-colts-titans,Tennessee Titans,Indianapolis Colts,,White,,,,,,,expected,,content/posts/colts-uniform-schedule-2026.md,https://www.colorwaysports.com/stories/colts-uniform-schedule-2026
nfl,2026,,nfl-2026-wk15-colts-titans,Tennessee Titans,Indianapolis Colts,Titans Blue,,,,,,,,expected,,content/posts/titans-uniform-schedule-2026.md,https://www.colorwaysports.com/stories/titans-uniform-schedule-2026
nfl,2026,,nfl-2026-wk15-cowboys-rams,Los Angeles Rams,Dallas Cowboys,,Navy,,,,,,,announced,,content/posts/cowboys-uniform-schedule-2026.md,https://www.colorwaysports.com/stories/cowboys-uniform-schedule-2026
nfl,2026,,nfl-2026-wk15-cowboys-rams,Los Angeles Rams,Dallas Cowboys,White,,,,,,,,expected,,content/posts/rams-uniform-schedule-2026.md,https://www.colorwaysports.com/stories/rams-uniform-schedule-2026
nfl,2026,,nfl-2026-wk15-dolphins-packers,Green Bay Packers,Miami Dolphins,,White,,,,,,,expected,,content/posts/dolphins-uniform-schedule-2026.md,https://www.colorwaysports.com/stories/dolphins-uniform-schedule-2026
nfl,2026,,nfl-2026-wk15-dolphins-packers,Green Bay Packers,Miami Dolphins,Green,,,,,,,,expected,,content/posts/packers-uniform-schedule-2026.md,https://www.colorwaysports.com/stories/packers-uniform-schedule-2026
nfl,2026,,nfl-2026-wk15-falcons-commanders,Washington Commanders,Atlanta Falcons,Hail Raiser,,,,,,,,expected,,content/posts/commanders-uniform-schedule-2026.md,https://www.colorwaysports.com/stories/commanders-uniform-schedule-2026
nfl,2026,,nfl-2026-wk15-falcons-commanders,Washington Commanders,Atlanta Falcons,,White,,,,,,,announced,,content/posts/falcons-uniform-schedule-2026.md,https://www.colorwaysports.com/stories/falcons-uniform-schedule-2026
nfl,2026,,nfl-2026-wk15-jaguars-texans,Houston Texans,Jacksonville Jaguars,,White,,,,,,,expected,,content/posts/jaguars-uniform-schedule-2026.md,https://www.colorwaysports.com/stories/jaguars-uniform-schedule-2026
nfl,2026,,nfl-2026-wk15-jaguars-texans,Houston Texans,Jacksonville Jaguars,Deep Steel Blue,,,,,,,,expected,,content/posts/texans-uniform-schedule-2026.md,https://www.colorwaysports.com/stories/texans-uniform-schedule-2026
nfl,2026,,nfl-2026-wk15-jets-cardinals,Arizona Cardinals,New York Jets,White,,,,,,,,expected,,content/posts/arizona-cardinals-uniform-schedule-2026.md,https://www.colorwaysports.com/stories/arizona-cardinals-uniform-schedule-2026
nfl,2026,,nfl-2026-wk15-jets-cardinals,Arizona Cardinals,New York Jets,,Green,,,,,,,expected,,content/posts/jets-uniform-schedule-2026.md,https://www.colorwaysports.com/stories/jets-uniform-schedule-2026
nfl,2026,,nfl-2026-wk15-lions-vikings,Minnesota Vikings,Detroit Lions,,White,,,,,,,expected,,content/posts/lions-uniform-schedule-2026.md,https://www.colorwaysports.com/stories/lions-uniform-schedule-2026
nfl,2026,,nfl-2026-wk15-lions-vikings,Minnesota Vikings,Detroit Lions,Rivalries,,,,,,,,announced,,content/posts/vikings-uniform-schedule-2026.md,https://www.colorwaysports.com/stories/vikings-uniform-schedule-2026
nfl,2026,,nfl-2026-wk15-patriots-chiefs,Kansas City Chiefs,New England Patriots,Red,,,,,,,,expected,,content/posts/chiefs-uniform-schedule-2026.md,https://www.colorwaysports.com/stories/chiefs-uniform-schedule-2026
nfl,2026,,nfl-2026-wk15-patriots-chiefs,Kansas City Chiefs,New England Patriots,,White,,,,,,,expected,,content/posts/patriots-uniform-schedule-2026.md,https://www.colorwaysports.com/stories/patriots-uniform-schedule-2026
nfl,2026,,nfl-2026-wk15-ravens-steelers,Pittsburgh Steelers,Baltimore Ravens,,White,,,,,,,expected,,content/posts/ravens-uniform-schedule-2026.md,https://www.colorwaysports.com/stories/ravens-uniform-schedule-2026
nfl,2026,,nfl-2026-wk15-ravens-steelers,Pittsburgh Steelers,Baltimore Ravens,Black,,,,,,,,expected,,content/posts/steelers-uniform-schedule-2026.md,https://www.colorwaysports.com/stories/steelers-uniform-schedule-2026
nfl,2026,,nfl-2026-wk15-saints-buccaneers,Tampa Bay Buccaneers,New Orleans Saints,All-Pewter,,,,,,,,announced,,content/posts/buccaneers-uniform-schedule-2026.md,https://www.colorwaysports.com/stories/buccaneers-uniform-schedule-2026
nfl,2026,,nfl-2026-wk15-saints-buccaneers,Tampa Bay Buccaneers,New Orleans Saints,,White,,,,,,,announced,,content/posts/saints-uniform-schedule-2026.md,https://www.colorwaysports.com/stories/saints-uniform-schedule-2026
nfl,2026,,nfl-2026-wk15-seahawks-eagles,Philadelphia Eagles,Seattle Seahawks,Black Alternate,,,,,,,,announced,,content/posts/eagles-uniform-schedule-2026.md,https://www.colorwaysports.com/stories/eagles-uniform-schedule-2026
nfl,2026,,nfl-2026-wk15-seahawks-eagles,Philadelphia Eagles,Seattle Seahawks,,White,,,,,,,expected,,content/posts/seahawks-uniform-schedule-2026.md,https://www.colorwaysports.com/stories/seahawks-uniform-schedule-2026
nfl,2026,,nfl-2026-wk16-49ers-chiefs,Kansas City Chiefs,San Francisco 49ers,,White,,,,,,,expected,,content/posts/49ers-uniform-schedule-2026.md,https://www.colorwaysports.com/stories/49ers-uniform-schedule-2026
nfl,2026,,nfl-2026-wk16-49ers-chiefs,Kansas City Chiefs,San Francisco 49ers,Red,,,,,,,,expected,,content/posts/chiefs-uniform-schedule-2026.md,https://www.colorwaysports.com/stories/chiefs-uniform-schedule-2026
nfl,2026,,nfl-2026-wk16-bengals-colts,Indianapolis Colts,Cincinnati Bengals,,White,,,,,,,expected,,content/posts/bengals-uniform-schedule-2026.md,https://www.colorwaysports.com/stories/bengals-uniform-schedule-2026
nfl,2026,,nfl-2026-wk16-bengals-colts,Indianapolis Colts,Cincinnati Bengals,Indiana Nights,,,,,,,,announced,,content/posts/colts-uniform-schedule-2026.md,https://www.colorwaysports.com/stories/colts-uniform-schedule-2026
nfl,2026,,nfl-2026-wk16-bills-broncos,Denver Broncos,Buffalo Bills,,Red Helmet,,,,,,,announced,,content/posts/bills-uniform-schedule-2026.md,https://www.colorwaysports.com/stories/bills-uniform-schedule-2026
nfl,2026,,nfl-2026-wk16-bills-broncos,Denver Broncos,Buffalo Bills,Midnight Navy,,,,,,,,announced,,content/posts/broncos-uniform-schedule-2026.md,https://www.colorwaysports.com/stories/broncos-uniform-schedule-2026
nfl,2026,,nfl-2026-wk16-browns-ravens,Baltimore Ravens,Cleveland Browns,,White,,,,,,,expected,,content/posts/browns-uniform-schedule-2026.md,https://www.colorwaysports.com/stories/browns-uniform-schedule-2026
nfl,2026,,nfl-2026-wk16-browns-ravens,Baltimore Ravens,Cleveland Browns,Purple,,,,,,,,expected,,content/posts/ravens-uniform-schedule-2026.md,https://www.colorwaysports.com/stories/ravens-uniform-schedule-2026
nfl,2026,,nfl-2026-wk16-buccaneers-falcons,Atlanta Falcons,Tampa Bay Buccaneers,,White,,,,,,,expected,,content/posts/buccaneers-uniform-schedule-2026.md,https://www.colorwaysports.com/stories/buccaneers-uniform-schedule-2026
nfl,2026,,nfl-2026-wk16-buccaneers-falcons,Atlanta Falcons,Tampa Bay Buccaneers,Red,,,,,,,,announced,,content/posts/falcons-uniform-schedule-2026.md,https://www.colorwaysports.com/stories/falcons-uniform-schedule-2026
nfl,2026,,nfl-2026-wk16-cardinals-saints,New Orleans Saints,Arizona Cardinals,,Cardinal Red,,,,,,,expected,,content/posts/arizona-cardinals-uniform-schedule-2026.md,https://www.colorwaysports.com/stories/arizona-cardinals-uniform-schedule-2026
nfl,2026,,nfl-2026-wk16-cardinals-saints,New Orleans Saints,Arizona Cardinals,White Alt,,,,,,,,announced,,content/posts/saints-uniform-schedule-2026.md,https://www.colorwaysports.com/stories/saints-uniform-schedule-2026
nfl,2026,,nfl-2026-wk16-chargers-dolphins,Miami Dolphins,Los Angeles Chargers,,White,,,,,,,announced,,content/posts/chargers-uniform-schedule-2026.md,https://www.colorwaysports.com/stories/chargers-uniform-schedule-2026
nfl,2026,,nfl-2026-wk16-chargers-dolphins,Miami Dolphins,Los Angeles Chargers,Aqua,,,,,,,,expected,,content/posts/dolphins-uniform-schedule-2026.md,https://www.colorwaysports.com/stories/dolphins-uniform-schedule-2026
nfl,2026,,nfl-2026-wk16-commanders-vikings,Minnesota Vikings,Washington Commanders,,Burgundy,,,,,,,expected,,content/posts/commanders-uniform-schedule-2026.md,https://www.colorwaysports.com/stories/commanders-uniform-schedule-2026
nfl,2026,,nfl-2026-wk16-commanders-vikings,Minnesota Vikings,Washington Commanders,Winter Warrior,,,,,,,,announced,,content/posts/vikings-uniform-schedule-2026.md,https://www.colorwaysports.com/stories/vikings-uniform-schedule-2026
nfl,2026,,nfl-2026-wk16-giants-lions,Detroit Lions,New York Giants,Blue,,,,,,,,expected,,content/posts/lions-uniform-schedule-2026.md,https://www.colorwaysports.com/stories/lions-uniform-schedule-2026
nfl,2026,,nfl-2026-wk16-giants-lions,Detroit Lions,New York Giants,,White,,,,,,,expected,,content/posts/new-york-giants-uniform-schedule-2026.md,https://www.colorwaysports.com/stories/new-york-giants-uniform-schedule-2026
nfl,2026,,nfl-2026-wk16-jaguars-cowboys,Dallas Cowboys,Jacksonville Jaguars,Color Rush,,,,,,,,announced,,content/posts/cowboys-uniform-schedule-2026.md,https://www.colorwaysports.com/stories/cowboys-uniform-schedule-2026
nfl,2026,,nfl-2026-wk16-jaguars-cowboys,Dallas Cowboys,Jacksonville Jaguars,,Teal or White,,,,,,,expected,,content/posts/jaguars-uniform-schedule-2026.md,https://www.colorwaysports.com/stories/jaguars-uniform-schedule-2026
nfl,2026,,nfl-2026-wk16-packers-bears,Chicago Bears,Green Bay Packers,Rivalries,,,,,,,,announced,,content/posts/bears-uniform-schedule-2026.md,https://www.colorwaysports.com/stories/bears-uniform-schedule-2026
nfl,2026,,nfl-2026-wk16-packers-bears,Chicago Bears,Green Bay Packers,,White,,,,,,,expected,,content/posts/packers-uniform-schedule-2026.md,https://www.colorwaysports.com/stories/packers-uniform-schedule-2026
nfl,2026,,nfl-2026-wk16-panthers-steelers,Pittsburgh Steelers,Carolina Panthers,,White,,,,,,,announced,,content/posts/panthers-uniform-schedule-2026.md,https://www.colorwaysports.com/stories/panthers-uniform-schedule-2026
nfl,2026,,nfl-2026-wk16-panthers-steelers,Pittsburgh Steelers,Carolina Panthers,Black,,,,,,,,expected,,content/posts/steelers-uniform-schedule-2026.md,https://www.colorwaysports.com/stories/steelers-uniform-schedule-2026
nfl,2026,,nfl-2026-wk16-patriots-jets,New York Jets,New England Patriots,Rivalries,,,,,,,,announced,,content/posts/jets-uniform-schedule-2026.md,https://www.colorwaysports.com/stories/jets-uniform-schedule-2026
nfl,2026,,nfl-2026-wk16-patriots-jets,New York Jets,New England Patriots,,White,,,,,,,expected,,content/posts/patriots-uniform-schedule-2026.md,https://www.colorwaysports.com/stories/patriots-uniform-schedule-2026
nfl,2026,,nfl-2026-wk16-rams-seahawks,Seattle Seahawks,Los Angeles Rams,,Midnight Mode,,,,,,,announced,,content/posts/rams-uniform-schedule-2026.md,https://www.colorwaysports.com/stories/rams-uniform-schedule-2026
nfl,2026,,nfl-2026-wk16-rams-seahawks,Seattle Seahawks,Los Angeles Rams,Rivalries,,,,,,,,announced,,content/posts/seahawks-uniform-schedule-2026.md,https://www.colorwaysports.com/stories/seahawks-uniform-schedule-2026
nfl,2026,,nfl-2026-wk16-texans-eagles,Philadelphia Eagles,Houston Texans,Kelly Green,,,,,,,,announced,,content/posts/eagles-uniform-schedule-2026.md,https://www.colorwaysports.com/stories/eagles-uniform-schedule-2026
nfl,2026,,nfl-2026-wk16-texans-eagles,Philadelphia Eagles,Houston Texans,,White,,,,,,,expected,,content/posts/texans-uniform-schedule-2026.md,https://www.colorwaysports.com/stories/texans-uniform-schedule-2026
nfl,2026,,nfl-2026-wk16-titans-raiders,Las Vegas Raiders,Tennessee Titans,Black,,,,,,,,expected,,content/posts/raiders-uniform-schedule-2026.md,https://www.colorwaysports.com/stories/raiders-uniform-schedule-2026
nfl,2026,,nfl-2026-wk16-titans-raiders,Las Vegas Raiders,Tennessee Titans,,White,,,,,,,expected,,content/posts/titans-uniform-schedule-2026.md,https://www.colorwaysports.com/stories/titans-uniform-schedule-2026
nfl,2026,,nfl-2026-wk17-bills-dolphins,Miami Dolphins,Buffalo Bills,,White,,,,,,,expected,,content/posts/bills-uniform-schedule-2026.md,https://www.colorwaysports.com/stories/bills-uniform-schedule-2026
nfl,2026,,nfl-2026-wk17-bills-dolphins,Miami Dolphins,Buffalo Bills,Dark Water,,,,,,,,announced,,content/posts/dolphins-uniform-schedule-2026.md,https://www.colorwaysports.com/stories/dolphins-uniform-schedule-2026
nfl,2026,,nfl-2026-wk17-broncos-patriots,New England Patriots,Denver Broncos,,Summit White,,,,,,,expected,,content/posts/broncos-uniform-schedule-2026.md,https://www.colorwaysports.com/stories/broncos-uniform-schedule-2026
nfl,2026,,nfl-2026-wk17-broncos-patriots,New England Patriots,Denver Broncos,Navy,,,,,,,,expected,,content/posts/patriots-uniform-schedule-2026.md,https://www.colorwaysports.com/stories/patriots-uniform-schedule-2026
nfl,2026,,nfl-2026-wk17-chiefs-chargers,Los Angeles Chargers,Kansas City Chiefs,Super Chargers,,,,,,,,announced,,content/posts/chargers-uniform-schedule-2026.md,https://www.colorwaysports.com/stories/chargers-uniform-schedule-2026
nfl,2026,,nfl-2026-wk17-chiefs-chargers,Los Angeles Chargers,Kansas City Chiefs,,White,,,,,,,expected,,content/posts/chiefs-uniform-schedule-2026.md,https://www.colorwaysports.com/stories/chiefs-uniform-schedule-2026
nfl,2026,,nfl-2026-wk17-colts-browns,Cleveland Browns,Indianapolis Colts,Brown,,,,,,,,expected,,content/posts/browns-uniform-schedule-2026.md,https://www.colorwaysports.com/stories/browns-uniform-schedule-2026
nfl,2026,,nfl-2026-wk17-colts-browns,Cleveland Browns,Indianapolis Colts,,White,,,,,,,expected,,content/posts/colts-uniform-schedule-2026.md,https://www.colorwaysports.com/stories/colts-uniform-schedule-2026
nfl,2026,,nfl-2026-wk17-commanders-jaguars,Jacksonville Jaguars,Washington Commanders,,White,,,,,,,expected,,content/posts/commanders-uniform-schedule-2026.md,https://www.colorwaysports.com/stories/commanders-uniform-schedule-2026
nfl,2026,,nfl-2026-wk17-commanders-jaguars,Jacksonville Jaguars,Washington Commanders,Teal,,,,,,,,expected,,content/posts/jaguars-uniform-schedule-2026.md,https://www.colorwaysports.com/stories/jaguars-uniform-schedule-2026
nfl,2026,,nfl-2026-wk17-eagles-49ers,San Francisco 49ers,Philadelphia Eagles,Red 1994 Throwback,,,,,,,,announced,,content/posts/49ers-uniform-schedule-2026.md,https://www.colorwaysports.com/stories/49ers-uniform-schedule-2026
nfl,2026,,nfl-2026-wk17-eagles-49ers,San Francisco 49ers,Philadelphia Eagles,,White,,,,,,,expected,,content/posts/eagles-uniform-schedule-2026.md,https://www.colorwaysports.com/stories/eagles-uniform-schedule-2026
nfl,2026,,nfl-2026-wk17-giants-cowboys,Dallas Cowboys,New York Giants,White,,,,,,,,announced,,content/posts/cowboys-uniform-schedule-2026.md,https://www.colorwaysports.com/stories/cowboys-uniform-schedule-2026
nfl,2026,,nfl-2026-wk17-giants-cowboys,Dallas Cowboys,New York Giants,,Blue,,,,,,,expected,,content/posts/new-york-giants-uniform-schedule-2026.md,https://www.colorwaysports.com/stories/new-york-giants-uniform-schedule-2026
nfl,2026,,nfl-2026-wk17-lions-bears,Chicago Bears,Detroit Lions,Navy,,,,,,,,expected,,content/posts/bears-uniform-schedule-2026.md,https://www.colorwaysports.com/stories/bears-uniform-schedule-2026
nfl,2026,,nfl-2026-wk17-lions-bears,Chicago Bears,Detroit Lions,,White,,,,,,,expected,,content/posts/lions-uniform-schedule-2026.md,https://www.colorwaysports.com/stories/lions-uniform-schedule-2026
nfl,2026,,nfl-2026-wk17-raiders-cardinals,Arizona Cardinals,Las Vegas Raiders,Cardinal Red,,,,,,,,expected,,content/posts/arizona-cardinals-uniform-schedule-2026.md,https://www.colorwaysports.com/stories/arizona-cardinals-uniform-schedule-2026
nfl,2026,,nfl-2026-wk17-raiders-cardinals,Arizona Cardinals,Las Vegas Raiders,,White,,,,,,,expected,,content/posts/raiders-uniform-schedule-2026.md,https://www.colorwaysports.com/stories/raiders-uniform-schedule-2026
nfl,2026,,nfl-2026-wk17-rams-buccaneers,Tampa Bay Buccaneers,Los Angeles Rams,Red,,,,,,,,expected,,content/posts/buccaneers-uniform-schedule-2026.md,https://www.colorwaysports.com/stories/buccaneers-uniform-schedule-2026
nfl,2026,,nfl-2026-wk17-rams-buccaneers,Tampa Bay Buccaneers,Los Angeles Rams,,White,,,,,,,expected,,content/posts/rams-uniform-schedule-2026.md,https://www.colorwaysports.com/stories/rams-uniform-schedule-2026
nfl,2026,,nfl-2026-wk17-ravens-bengals,Cincinnati Bengals,Baltimore Ravens,White Bengal,,,,,,,,announced,,content/posts/bengals-uniform-schedule-2026.md,https://www.colorwaysports.com/stories/bengals-uniform-schedule-2026
nfl,2026,,nfl-2026-wk17-ravens-bengals,Cincinnati Bengals,Baltimore Ravens,,Purple,,,,,,,expected,,content/posts/ravens-uniform-schedule-2026.md,https://www.colorwaysports.com/stories/ravens-uniform-schedule-2026
nfl,2026,,nfl-2026-wk17-saints-falcons,Atlanta Falcons,New Orleans Saints,Red,,,,,,,,announced,,content/posts/falcons-uniform-schedule-2026.md,https://www.colorwaysports.com/stories/falcons-uniform-schedule-2026
nfl,2026,,nfl-2026-wk17-saints-falcons,Atlanta Falcons,New Orleans Saints,,White,,,,,,,announced,,content/posts/saints-uniform-schedule-2026.md,https://www.colorwaysports.com/stories/saints-uniform-schedule-2026
nfl,2026,,nfl-2026-wk17-seahawks-panthers,Carolina Panthers,Seattle Seahawks,Black,,,,,,,,announced,,content/posts/panthers-uniform-schedule-2026.md,https://www.colorwaysports.com/stories/panthers-uniform-schedule-2026
nfl,2026,,nfl-2026-wk17-seahawks-panthers,Carolina Panthers,Seattle Seahawks,,White,,,,,,,expected,,content/posts/seahawks-uniform-schedule-2026.md,https://www.colorwaysports.com/stories/seahawks-uniform-schedule-2026
nfl,2026,,nfl-2026-wk17-steelers-titans,Tennessee Titans,Pittsburgh Steelers,,White,,,,,,,expected,,content/posts/steelers-uniform-schedule-2026.md,https://www.colorwaysports.com/stories/steelers-uniform-schedule-2026
nfl,2026,,nfl-2026-wk17-steelers-titans,Tennessee Titans,Pittsburgh Steelers,Titans Blue,,,,,,,,expected,,content/posts/titans-uniform-schedule-2026.md,https://www.colorwaysports.com/stories/titans-uniform-schedule-2026
nfl,2026,,nfl-2026-wk17-texans-packers,Green Bay Packers,Houston Texans,Green,,,,,,,,expected,,content/posts/packers-uniform-schedule-2026.md,https://www.colorwaysports.com/stories/packers-uniform-schedule-2026
nfl,2026,,nfl-2026-wk17-texans-packers,Green Bay Packers,Houston Texans,,White,,,,,,,expected,,content/posts/texans-uniform-schedule-2026.md,https://www.colorwaysports.com/stories/texans-uniform-schedule-2026
nfl,2026,,nfl-2026-wk17-vikings-jets,New York Jets,Minnesota Vikings,Green,,,,,,,,expected,,content/posts/jets-uniform-schedule-2026.md,https://www.colorwaysports.com/stories/jets-uniform-schedule-2026
nfl,2026,,nfl-2026-wk17-vikings-jets,New York Jets,Minnesota Vikings,,White,,,,,,,expected,,content/posts/vikings-uniform-schedule-2026.md,https://www.colorwaysports.com/stories/vikings-uniform-schedule-2026
nfl,2026,,nfl-2026-wk18-49ers-cardinals,Arizona Cardinals,San Francisco 49ers,,White,,,,,,,expected,,content/posts/49ers-uniform-schedule-2026.md,https://www.colorwaysports.com/stories/49ers-uniform-schedule-2026
nfl,2026,,nfl-2026-wk18-49ers-cardinals,Arizona Cardinals,San Francisco 49ers,Cardinal Red,,,,,,,,expected,,content/posts/arizona-cardinals-uniform-schedule-2026.md,https://www.colorwaysports.com/stories/arizona-cardinals-uniform-schedule-2026
nfl,2026,,nfl-2026-wk18-bears-vikings,Minnesota Vikings,Chicago Bears,,White,,,,,,,expected,,content/posts/bears-uniform-schedule-2026.md,https://www.colorwaysports.com/stories/bears-uniform-schedule-2026
nfl,2026,,nfl-2026-wk18-bears-vikings,Minnesota Vikings,Chicago Bears,Purple / White,,,,,,,,announced,,content/posts/vikings-uniform-schedule-2026.md,https://www.colorwaysports.com/stories/vikings-uniform-schedule-2026
nfl,2026,,nfl-2026-wk18-browns-bengals,Cincinnati Bengals,Cleveland Browns,Black,,,,,,,,expected,,content/posts/bengals-uniform-schedule-2026.md,https://www.colorwaysports.com/stories/bengals-uniform-schedule-2026
nfl,2026,,nfl-2026-wk18-browns-bengals,Cincinnati Bengals,Cleveland Browns,,White,,,,,,,expected,,content/posts/browns-uniform-schedule-2026.md,https://www.colorwaysports.com/stories/browns-uniform-schedule-2026
nfl,2026,,nfl-2026-wk18-buccaneers-saints,New Orleans Saints,Tampa Bay Buccaneers,,White,,,,,,,expected,,content/posts/buccaneers-uniform-schedule-2026.md,https://www.colorwaysports.com/stories/buccaneers-uniform-schedule-2026
nfl,2026,,nfl-2026-wk18-buccaneers-saints,New Orleans Saints,Tampa Bay Buccaneers,Black,,,,,,,,announced,,content/posts/saints-uniform-schedule-2026.md,https://www.colorwaysports.com/stories/saints-uniform-schedule-2026
nfl,2026,,nfl-2026-wk18-chargers-broncos,Denver Broncos,Los Angeles Chargers,Throwback,,,,,,,,announced,,content/posts/broncos-uniform-schedule-2026.md,https://www.colorwaysports.com/stories/broncos-uniform-schedule-2026
nfl,2026,,nfl-2026-wk18-chargers-broncos,Denver Broncos,Los Angeles Chargers,,White,,,,,,,announced,,content/posts/chargers-uniform-schedule-2026.md,https://www.colorwaysports.com/stories/chargers-uniform-schedule-2026
nfl,2026,,nfl-2026-wk18-cowboys-commanders,Washington Commanders,Dallas Cowboys,Burgundy,,,,,,,,expected,,content/posts/commanders-uniform-schedule-2026.md,https://www.colorwaysports.com/stories/commanders-uniform-schedule-2026
nfl,2026,,nfl-2026-wk18-cowboys-commanders,Washington Commanders,Dallas Cowboys,,White,,,,,,,announced,,content/posts/cowboys-uniform-schedule-2026.md,https://www.colorwaysports.com/stories/cowboys-uniform-schedule-2026
nfl,2026,,nfl-2026-wk18-dolphins-patriots,New England Patriots,Miami Dolphins,,White,,,,,,,expected,,content/posts/dolphins-uniform-schedule-2026.md,https://www.colorwaysports.com/stories/dolphins-uniform-schedule-2026
nfl,2026,,nfl-2026-wk18-dolphins-patriots,New England Patriots,Miami Dolphins,Navy,,,,,,,,expected,,content/posts/patriots-uniform-schedule-2026.md,https://www.colorwaysports.com/stories/patriots-uniform-schedule-2026
nfl,2026,,nfl-2026-wk18-eagles-giants,New York Giants,Philadelphia Eagles,,White,,,,,,,expected,,content/posts/eagles-uniform-schedule-2026.md,https://www.colorwaysports.com/stories/eagles-uniform-schedule-2026
nfl,2026,,nfl-2026-wk18-eagles-giants,New York Giants,Philadelphia Eagles,Blue,,,,,,,,expected,,content/posts/new-york-giants-uniform-schedule-2026.md,https://www.colorwaysports.com/stories/new-york-giants-uniform-schedule-2026
nfl,2026,,nfl-2026-wk18-falcons-panthers,Carolina Panthers,Atlanta Falcons,,White,,,,,,,announced,,content/posts/falcons-uniform-schedule-2026.md,https://www.colorwaysports.com/stories/falcons-uniform-schedule-2026
nfl,2026,,nfl-2026-wk18-falcons-panthers,Carolina Panthers,Atlanta Falcons,Black,,,,,,,,announced,,content/posts/panthers-uniform-schedule-2026.md,https://www.colorwaysports.com/stories/panthers-uniform-schedule-2026
nfl,2026,,nfl-2026-wk18-jaguars-colts,Indianapolis Colts,Jacksonville Jaguars,Blue,,,,,,,,expected,,content/posts/colts-uniform-schedule-2026.md,https://www.colorwaysports.com/stories/colts-uniform-schedule-2026
nfl,2026,,nfl-2026-wk18-jaguars-colts,Indianapolis Colts,Jacksonville Jaguars,,White,,,,,,,expected,,content/posts/jaguars-uniform-schedule-2026.md,https://www.colorwaysports.com/stories/jaguars-uniform-schedule-2026
nfl,2026,,nfl-2026-wk18-jets-bills,Buffalo Bills,New York Jets,Red Alternate,,,,,,,,announced,,content/posts/bills-uniform-schedule-2026.md,https://www.colorwaysports.com/stories/bills-uniform-schedule-2026
nfl,2026,,nfl-2026-wk18-jets-bills,Buffalo Bills,New York Jets,,White,,,,,,,expected,,content/posts/jets-uniform-schedule-2026.md,https://www.colorwaysports.com/stories/jets-uniform-schedule-2026
nfl,2026,,nfl-2026-wk18-lions-packers,Green Bay Packers,Detroit Lions,,White,,,,,,,expected,,content/posts/lions-uniform-schedule-2026.md,https://www.colorwaysports.com/stories/lions-uniform-schedule-2026
nfl,2026,,nfl-2026-wk18-lions-packers,Green Bay Packers,Detroit Lions,Green,,,,,,,,expected,,content/posts/packers-uniform-schedule-2026.md,https://www.colorwaysports.com/stories/packers-uniform-schedule-2026
nfl,2026,,nfl-2026-wk18-raiders-chiefs,Kansas City Chiefs,Las Vegas Raiders,Red,,,,,,,,expected,,content/posts/chiefs-uniform-schedule-2026.md,https://www.colorwaysports.com/stories/chiefs-uniform-schedule-2026
nfl,2026,,nfl-2026-wk18-raiders-chiefs,Kansas City Chiefs,Las Vegas Raiders,,White,,,,,,,expected,,content/posts/raiders-uniform-schedule-2026.md,https://www.colorwaysports.com/stories/raiders-uniform-schedule-2026
nfl,2026,,nfl-2026-wk18-seahawks-rams,Los Angeles Rams,Seattle Seahawks,Royal,,,,,,,,expected,,content/posts/rams-uniform-schedule-2026.md,https://www.colorwaysports.com/stories/rams-uniform-schedule-2026
nfl,2026,,nfl-2026-wk18-seahawks-rams,Los Angeles Rams,Seattle Seahawks,,White,,,,,,,expected,,content/posts/seahawks-uniform-schedule-2026.md,https://www.colorwaysports.com/stories/seahawks-uniform-schedule-2026
nfl,2026,,nfl-2026-wk18-steelers-ravens,Baltimore Ravens,Pittsburgh Steelers,Purple,,,,,,,,expected,,content/posts/ravens-uniform-schedule-2026.md,https://www.colorwaysports.com/stories/ravens-uniform-schedule-2026
nfl,2026,,nfl-2026-wk18-steelers-ravens,Baltimore Ravens,Pittsburgh Steelers,,White,,,,,,,expected,,content/posts/steelers-uniform-schedule-2026.md,https://www.colorwaysports.com/stories/steelers-uniform-schedule-2026
nfl,2026,,nfl-2026-wk18-titans-texans,Houston Texans,Tennessee Titans,Deep Steel Blue,,,,,,,,expected,,content/posts/texans-uniform-schedule-2026.md,https://www.colorwaysports.com/stories/texans-uniform-schedule-2026
nfl,2026,,nfl-2026-wk18-titans-texans,Houston Texans,Tennessee Titans,,White,,,,,,,expected,,content/posts/titans-uniform-schedule-2026.md,https://www.colorwaysports.com/stories/titans-uniform-schedule-2026
epl,2026-27,2026-08-21,epl-2026-08-21-coventry-city-arsenal,Arsenal,Coventry City,Red · Home,Sky Blue · Home,,,,,3,0,confirmed,B+,content/posts/premier-league-kit-schedule-2026-27.md,https://www.colorwaysports.com/stories/premier-league-kit-schedule-2026-27
epl,2026-27,2026-08-22,epl-2026-08-22-crystal-palace-everton,Everton,Crystal Palace,Royal Blue · Home,White Sash · Home,,,,,2,0,confirmed,B+,content/posts/premier-league-kit-schedule-2026-27.md,https://www.colorwaysports.com/stories/premier-league-kit-schedule-2026-27
epl,2026-27,2026-08-22,epl-2026-08-22-leeds-united-nottingham-forest,Nottingham Forest,Leeds United,Red · Home,White · Home,,,,,0,1,confirmed,A-,content/posts/premier-league-kit-schedule-2026-27.md,https://www.colorwaysports.com/stories/premier-league-kit-schedule-2026-27
epl,2026-27,2026-08-22,epl-2026-08-22-manchester-united-hull-city,Hull City,Manchester United,Amber Stripes · Home,Ivory · Third,,,,,2,0,confirmed,B-,content/posts/premier-league-kit-schedule-2026-27.md,https://www.colorwaysports.com/stories/premier-league-kit-schedule-2026-27
epl,2026-27,2026-08-22,epl-2026-08-22-sunderland-ipswich-town,Ipswich Town,Sunderland,Blue · Home,Red Stripes · Home,,,,,2,1,confirmed,B+,content/posts/premier-league-kit-schedule-2026-27.md,https://www.colorwaysports.com/stories/premier-league-kit-schedule-2026-27
epl,2026-27,2026-08-22,epl-2026-08-22-tottenham-brentford,Brentford,Tottenham,Red Stripes · Home,Navy · Away,,,,,3,0,confirmed,B,content/posts/premier-league-kit-schedule-2026-27.md,https://www.colorwaysports.com/stories/premier-league-kit-schedule-2026-27
epl,2026-27,2026-08-23,epl-2026-08-23-aston-villa-brighton,Brighton,Aston Villa,Blue Pinstripes · Home,Black and Gold · Away,,,,,4,0,confirmed,A-,content/posts/premier-league-kit-schedule-2026-27.md,https://www.colorwaysports.com/stories/premier-league-kit-schedule-2026-27
epl,2026-27,2026-08-23,epl-2026-08-23-bournemouth-manchester-city,Manchester City,Bournemouth,Sky Blue · Home,Red Stripes · Home,,,,,2,1,confirmed,B+,content/posts/premier-league-kit-schedule-2026-27.md,https://www.colorwaysports.com/stories/premier-league-kit-schedule-2026-27
epl,2026-27,2026-08-23,epl-2026-08-23-liverpool-newcastle-united,Newcastle United,Liverpool,Black Stripes · Home,Red · Home,,,,,2,2,confirmed,A,content/posts/premier-league-kit-schedule-2026-27.md,https://www.colorwaysports.com/stories/premier-league-kit-schedule-2026-27
epl,2026-27,2026-08-24,epl-2026-08-24-chelsea-fulham,Fulham,Chelsea,White · Home,Royal Blue · Home,,,,,2,3,confirmed,B+,content/posts/premier-league-kit-schedule-2026-27.md,https://www.colorwaysports.com/stories/premier-league-kit-schedule-2026-27
epl,2026-27,2026-08-28,epl-2026-08-28-manchester-city-crystal-palace,Crystal Palace,Manchester City,"White home shirt, blue and red sash",Black worker-bee away shirt,,,,,1,4,confirmed,,content/posts/premier-league-kit-schedule-2026-27.md,https://www.colorwaysports.com/stories/premier-league-kit-schedule-2026-27
epl,2026-27,2026-08-29,epl-2026-08-29-everton-bournemouth,Bournemouth,Everton,Red and black striped home shirt,White pinstripe away shirt,,,,,1,1,confirmed,,content/posts/premier-league-kit-schedule-2026-27.md,https://www.colorwaysports.com/stories/premier-league-kit-schedule-2026-27
epl,2026-27,2026-08-29,epl-2026-08-29-hull-city-coventry-city,Coventry City,Hull City,Sky blue striped home shirt,Amber and black home stripes,,,,,0,1,confirmed,,content/posts/premier-league-kit-schedule-2026-27.md,https://www.colorwaysports.com/stories/premier-league-kit-schedule-2026-27
epl,2026-27,2026-08-29,epl-2026-08-29-newcastle-united-tottenham,Tottenham,Newcastle United,Lilywhite home shirt,Night Navy away shirt,,,,,0,2,confirmed,,content/posts/premier-league-kit-schedule-2026-27.md,https://www.colorwaysports.com/stories/premier-league-kit-schedule-2026-27
epl,2026-27,2026-08-29,epl-2026-08-29-nottingham-forest-liverpool,Liverpool,Nottingham Forest,"Red home shirt, the Candy graphic","Light blue third shirt, its debut",,,,,2,2,confirmed,,content/posts/premier-league-kit-schedule-2026-27.md,https://www.colorwaysports.com/stories/premier-league-kit-schedule-2026-27
epl,2026-27,2026-08-30,epl-2026-08-30-brentford-leeds-united,Leeds United,Brentford,"White home shirt, blue and gold pins","Navy away shirt, cream pinstripes",,,,,1,1,confirmed,,content/posts/premier-league-kit-schedule-2026-27.md,https://www.colorwaysports.com/stories/premier-league-kit-schedule-2026-27
epl,2026-27,2026-08-30,epl-2026-08-30-brighton-chelsea,Chelsea,Brighton,"Blue home shirt, the lion crest","White away shirt, blue pinstripes",,,,,4,3,confirmed,,content/posts/premier-league-kit-schedule-2026-27.md,https://www.colorwaysports.com/stories/premier-league-kit-schedule-2026-27
epl,2026-27,2026-08-30,epl-2026-08-30-fulham-sunderland,Sunderland,Fulham,Red and white striped home shirt,"Sky blue THIRD shirt, not the away",,,,,1,0,confirmed,,content/posts/premier-league-kit-schedule-2026-27.md,https://www.colorwaysports.com/stories/premier-league-kit-schedule-2026-27
epl,2026-27,2026-08-30,epl-2026-08-30-ipswich-town-manchester-united,Manchester United,Ipswich Town,"Red home shirt, the 1977 collar","Cream yellow away, 1996 stripe",,,,,5,2,confirmed,,content/posts/premier-league-kit-schedule-2026-27.md,https://www.colorwaysports.com/stories/premier-league-kit-schedule-2026-27
epl,2026-27,2026-08-31,epl-2026-08-31-arsenal-aston-villa,Aston Villa,Arsenal,Claret and sky blue home shirt,"Pale yellow THIRD shirt, not the away",,,,,0,1,confirmed,B,content/posts/premier-league-kit-schedule-2026-27.md,https://www.colorwaysports.com/stories/premier-league-kit-schedule-2026-27
epl,2026-27,2026-09-04,epl-2026-09-04-liverpool-ipswich-town,Ipswich Town,Liverpool,Blue home shirt,"Red home shirt, the Candy graphic",,,,,0,2,confirmed,A-,content/posts/premier-league-kit-schedule-2026-27.md,https://www.colorwaysports.com/stories/premier-league-kit-schedule-2026-27
epl,2026-27,2026-09-05,epl-2026-09-05-aston-villa-hull-city,Hull City,Aston Villa,Amber and black home stripes,Icy blue third shirt,,,,,0,0,confirmed,,content/posts/premier-league-kit-schedule-2026-27.md,https://www.colorwaysports.com/stories/premier-league-kit-schedule-2026-27
epl,2026-27,2026-09-05,epl-2026-09-05-bournemouth-newcastle-united,Newcastle United,Bournemouth,Black and white home stripes,Purple away shirt,,,,,2,2,confirmed,,content/posts/premier-league-kit-schedule-2026-27.md,https://www.colorwaysports.com/stories/premier-league-kit-schedule-2026-27
epl,2026-27,2026-09-05,epl-2026-09-05-coventry-city-manchester-city,Manchester City,Coventry City,Sky blue home shirt,Off-white away shirt,,,,,1,0,confirmed,,content/posts/premier-league-kit-schedule-2026-27.md,https://www.colorwaysports.com/stories/premier-league-kit-schedule-2026-27
epl,2026-27,2026-09-05,epl-2026-09-05-crystal-palace-fulham,Fulham,Crystal Palace,White home shirt,Red and blue home stripes,,,,,2,3,confirmed,,content/posts/premier-league-kit-schedule-2026-27.md,https://www.colorwaysports.com/stories/premier-league-kit-schedule-2026-27
epl,2026-27,2026-09-05,epl-2026-09-05-leeds-united-brighton,Brighton,Leeds United,"Blue home shirt, white pinstripes",White home shirt,,,,,1,1,confirmed,,content/posts/premier-league-kit-schedule-2026-27.md,https://www.colorwaysports.com/stories/premier-league-kit-schedule-2026-27
epl,2026-27,2026-09-05,epl-2026-09-05-sunderland-brentford,Brentford,Sunderland,Red and white home stripes,"Navy third shirt, copper trim",,,,,1,1,confirmed,,content/posts/premier-league-kit-schedule-2026-27.md,https://www.colorwaysports.com/stories/premier-league-kit-schedule-2026-27
epl,2026-27,2026-09-05,epl-2026-09-05-tottenham-nottingham-forest,Nottingham Forest,Tottenham,Red home shirt,White home shirt,,,,,0,0,confirmed,,content/posts/premier-league-kit-schedule-2026-27.md,https://www.colorwaysports.com/stories/premier-league-kit-schedule-2026-27
epl,2026-27,2026-09-06,epl-2026-09-06-chelsea-arsenal,Arsenal,Chelsea,"Red home shirt, white sleeves","Royal blue home shirt, the lion crest",,,,,2,1,confirmed,A+,content/posts/premier-league-kit-schedule-2026-27.md,https://www.colorwaysports.com/stories/premier-league-kit-schedule-2026-27
epl,2026-27,2026-09-06,epl-2026-09-06-manchester-united-everton,Everton,Manchester United,Royal blue home shirt,"Red home shirt, the 1977 collar",,,,,2,2,confirmed,A-,content/posts/premier-league-kit-schedule-2026-27.md,https://www.colorwaysports.com/stories/premier-league-kit-schedule-2026-27
epl,2026-27,2026-09-12,epl-2026-09-12-arsenal-sunderland,Sunderland,Arsenal,Red and white home stripes,Navy away or pale yellow third,,,,,,,expected,,content/posts/premier-league-kit-schedule-2026-27.md,https://www.colorwaysports.com/stories/premier-league-kit-schedule-2026-27
epl,2026-27,2026-09-12,epl-2026-09-12-brentford-bournemouth,Bournemouth,Brentford,Red and black home stripes,Navy away shirt,,,,,,,expected,,content/posts/premier-league-kit-schedule-2026-27.md,https://www.colorwaysports.com/stories/premier-league-kit-schedule-2026-27
epl,2026-27,2026-09-12,epl-2026-09-12-everton-tottenham,Tottenham,Everton,White home shirt,Royal blue home shirt,,,,,,,expected,,content/posts/premier-league-kit-schedule-2026-27.md,https://www.colorwaysports.com/stories/premier-league-kit-schedule-2026-27
epl,2026-27,2026-09-12,epl-2026-09-12-fulham-liverpool,Liverpool,Fulham,Red home shirt,White home shirt,,,,,,,expected,,content/posts/premier-league-kit-schedule-2026-27.md,https://www.colorwaysports.com/stories/premier-league-kit-schedule-2026-27
epl,2026-27,2026-09-12,epl-2026-09-12-hull-city-chelsea,Chelsea,Hull City,Royal blue home shirt,Amber and black home stripes,,,,,,,expected,,content/posts/premier-league-kit-schedule-2026-27.md,https://www.colorwaysports.com/stories/premier-league-kit-schedule-2026-27
epl,2026-27,2026-09-12,epl-2026-09-12-ipswich-town-crystal-palace,Crystal Palace,Ipswich Town,,,,,,,,,tbc,,content/posts/premier-league-kit-schedule-2026-27.md,https://www.colorwaysports.com/stories/premier-league-kit-schedule-2026-27
epl,2026-27,2026-09-12,epl-2026-09-12-nottingham-forest-aston-villa,Aston Villa,Nottingham Forest,,,,,,,,,tbc,,content/posts/premier-league-kit-schedule-2026-27.md,https://www.colorwaysports.com/stories/premier-league-kit-schedule-2026-27
epl,2026-27,2026-09-13,epl-2026-09-13-brighton-coventry-city,Coventry City,Brighton,,,,,,,,,tbc,,content/posts/premier-league-kit-schedule-2026-27.md,https://www.colorwaysports.com/stories/premier-league-kit-schedule-2026-27
epl,2026-27,2026-09-13,epl-2026-09-13-manchester-city-manchester-united,Manchester United,Manchester City,Red home shirt,Sky blue home shirt,,,,,,,expected,,content/posts/premier-league-kit-schedule-2026-27.md,https://www.colorwaysports.com/stories/premier-league-kit-schedule-2026-27
epl,2026-27,2026-09-14,epl-2026-09-14-newcastle-united-leeds-united,Leeds United,Newcastle United,,,,,,,,,tbc,,content/posts/premier-league-kit-schedule-2026-27.md,https://www.colorwaysports.com/stories/premier-league-kit-schedule-2026-27
ucl,2026-27,2026-09-08,ucl-2026-09-08-aston-villa-club-brugge,Club Brugge,Aston Villa,Blue and black home stripes,Icy blue third shirt,,,,,2,3,confirmed,,content/posts/champions-league-kit-schedule-2026-27.md,https://www.colorwaysports.com/stories/champions-league-kit-schedule-2026-27
ucl,2026-27,2026-09-08,ucl-2026-09-08-inter-real-madrid,Real Madrid,Inter,"White home shirt, green trim, pink stripes",Black and blue home stripes,,,,,2,1,confirmed,,content/posts/champions-league-kit-schedule-2026-27.md,https://www.colorwaysports.com/stories/champions-league-kit-schedule-2026-27
ucl,2026-27,2026-09-08,ucl-2026-09-08-lask-aek-athens,AEK Athens,LASK,,,,,,,1,0,tbc,,content/posts/champions-league-kit-schedule-2026-27.md,https://www.colorwaysports.com/stories/champions-league-kit-schedule-2026-27
ucl,2026-27,2026-09-08,ucl-2026-09-08-manchester-city-porto,Porto,Manchester City,Blue and white home stripes,"Black away shirt, gold bee pattern",,,,,0,2,confirmed,,content/posts/champions-league-kit-schedule-2026-27.md,https://www.colorwaysports.com/stories/champions-league-kit-schedule-2026-27
ucl,2026-27,2026-09-08,ucl-2026-09-08-real-betis-lille,Lille,Real Betis,,,,,,,2,3,tbc,,content/posts/champions-league-kit-schedule-2026-27.md,https://www.colorwaysports.com/stories/champions-league-kit-schedule-2026-27
ucl,2026-27,2026-09-08,ucl-2026-09-08-villarreal-borussia-dortmund,Borussia Dortmund,Villarreal,Yellow home shirt,"Light grey away shirt, royal blue sleeves",,,,,3,2,confirmed,,content/posts/champions-league-kit-schedule-2026-27.md,https://www.colorwaysports.com/stories/champions-league-kit-schedule-2026-27
ucl,2026-27,2026-09-09,ucl-2026-09-09-arsenal-napoli,Napoli,Arsenal,"Sky blue home shirt, gold centenary crest","Red home shirt, white sleeves, red shorts",,,,,0,1,confirmed,A-,content/posts/champions-league-kit-schedule-2026-27.md,https://www.colorwaysports.com/stories/champions-league-kit-schedule-2026-27
ucl,2026-27,2026-09-09,ucl-2026-09-09-atletico-madrid-liverpool,Liverpool,Atletico Madrid,"Red home shirt, the Candy graphic","Black away shirt, lime green trim",,,,,2,1,confirmed,,content/posts/champions-league-kit-schedule-2026-27.md,https://www.colorwaysports.com/stories/champions-league-kit-schedule-2026-27
ucl,2026-27,2026-09-09,ucl-2026-09-09-feyenoord-barcelona,Barcelona,Feyenoord,Blaugrana home stripes,Change kit,,,,,5,1,tbc,,content/posts/champions-league-kit-schedule-2026-27.md,https://www.colorwaysports.com/stories/champions-league-kit-schedule-2026-27
ucl,2026-27,2026-09-09,ucl-2026-09-09-galatasaray-sporting-cp,Sporting CP,Galatasaray,Green and white home hoops,Red and yellow home shirt,,,,,3,1,confirmed,,content/posts/champions-league-kit-schedule-2026-27.md,https://www.colorwaysports.com/stories/champions-league-kit-schedule-2026-27
ucl,2026-27,2026-09-09,ucl-2026-09-09-slovan-bratislava-psg,PSG,Slovan Bratislava,"Blue home shirt, red Hechter stripe",Grey change shirt,,,,,6,1,confirmed,,content/posts/champions-league-kit-schedule-2026-27.md,https://www.colorwaysports.com/stories/champions-league-kit-schedule-2026-27
ucl,2026-27,2026-09-09,ucl-2026-09-09-viking-stuttgart,Stuttgart,Viking,White home shirt,,,,,,3,1,tbc,,content/posts/champions-league-kit-schedule-2026-27.md,https://www.colorwaysports.com/stories/champions-league-kit-schedule-2026-27
ucl,2026-27,2026-09-10,ucl-2026-09-10-bodo-glimt-bayern-munich,Bayern Munich,Bodo/Glimt,Red home shirt,,,,,,5,0,tbc,,content/posts/champions-league-kit-schedule-2026-27.md,https://www.colorwaysports.com/stories/champions-league-kit-schedule-2026-27
ucl,2026-27,2026-09-10,ucl-2026-09-10-lens-slavia-prague,Slavia Prague,Lens,Red and white home shirt,,,,,,2,3,tbc,,content/posts/champions-league-kit-schedule-2026-27.md,https://www.colorwaysports.com/stories/champions-league-kit-schedule-2026-27
ucl,2026-27,2026-09-10,ucl-2026-09-10-rb-leipzig-como,Como,RB Leipzig,Blue home shirt,,,,,,4,1,tbc,,content/posts/champions-league-kit-schedule-2026-27.md,https://www.colorwaysports.com/stories/champions-league-kit-schedule-2026-27
ucl,2026-27,2026-09-10,ucl-2026-09-10-roma-fenerbahce,Fenerbahce,Roma,Yellow and navy home stripes,,,,,,1,1,tbc,,content/posts/champions-league-kit-schedule-2026-27.md,https://www.colorwaysports.com/stories/champions-league-kit-schedule-2026-27
ucl,2026-27,2026-09-10,ucl-2026-09-10-sabah-manchester-united,Manchester United,Sabah,"Red home shirt, white collar",Black change shirt,,,,,4,0,confirmed,,content/posts/champions-league-kit-schedule-2026-27.md,https://www.colorwaysports.com/stories/champions-league-kit-schedule-2026-27
ucl,2026-27,2026-09-10,ucl-2026-09-10-shakhtar-donetsk-psv,PSV,Shakhtar Donetsk,Red and white home stripes,,,,,,1,1,tbc,,content/posts/champions-league-kit-schedule-2026-27.md,https://www.colorwaysports.com/stories/champions-league-kit-schedule-2026-27
